pkid,fkdevicepool
17503804-ce16-94c6-5eba-b17034715dcb,ec6848d9-46c4-4ab7-9ef3-589470c6e397
67a78cde-6bda-7f31-4465-3dc330ce9693,ade37416-242e-41d5-9e00-c0f1d29b4ffc
6ad2fc76-6f49-a82b-ab7a-58296e6ed30d,cc4a5bc2-b37f-400d-aea0-7745e7937d97
31ddc603-5af9-f723-6d58-6f3ea177f6d1,95780a20-edfb-4f2e-af3b-dd650da2bb9a
edff1411-bd1e-13d6-0af3-df40fe983b54,270ce2d5-badc-4dd1-8e47-844a5ca00084
f0636548-40ff-06e8-203a-3fb60277ff13,270ce2d5-badc-4dd1-8e47-844a5ca00084
31aa7e9f-b4cb-792c-8af0-a7a51f838064,1d20314c-db91-6748-9481-51d905e274cf
2cae0fcb-5649-4470-50cf-8c409c6b2d68,db3a4299-9e4c-b57b-57c6-1912f7a74167
1c335e3a-d342-c574-d179-26f2955545b3,6ebf1ee3-8656-1b98-235b-606c15aeb79e
f45df9d8-3ad4-044f-9b7f-614e23fa9158,7b53e1a4-2a0f-40ae-9517-c4d57ad91ead
710707a3-71d6-f3e1-6bea-488d68a943f0,6c1d2632-6ae6-4c34-b583-6b0478bbfd7a
b55fd4e7-6faa-692d-5755-71a9b70813ba,125aff72-3e64-4e28-88fa-d2be7310d1fa
e67696e7-0297-6b1b-994f-8a5145d7d412,e9e12eb4-ba24-dca8-608b-61a029eb57d5
930d66b7-871e-7af4-fd16-e1aed079c840,5f49c36a-4d90-9616-ede8-fc951fd8f156
2e44afea-db17-2490-5d5e-5dac0b53d6e6,f8ebf2d8-6d33-44ac-d835-6015fef52540
346ca099-d7a2-4f92-7f09-2e142ed8aeb2,f5af5295-fc5f-45c6-8c36-a35809db6ba9
20b67b40-708e-978b-fcca-6a990b8d3d1d,f8ebf2d8-6d33-44ac-d835-6015fef52540
e82a82c5-31be-615c-0485-4df896525ef2,b22de932-df8f-6066-b0f4-41dfcd7f2a60
f62dfc0f-8ba9-2b24-8af9-3b40dcea48e6,2ddb89d7-c88c-79a8-0250-c88ad8a04c47
d56fcce4-8936-4fb1-5c5d-e4e2f8342e49,b22de932-df8f-6066-b0f4-41dfcd7f2a60
fe93404d-3dd8-9e26-e9fd-ce65147fc8bb,c6f913dd-5ebd-4ab3-35c3-ab6652f0913a
5d58e6f1-fa72-5819-3cd2-aaefb3857876,2ddb89d7-c88c-79a8-0250-c88ad8a04c47
4236212d-ef79-2141-153a-ffff5f9d52d4,8d502132-2e8a-4fcc-8b85-92aa24e79a46
424331d8-0b3c-844b-051b-40b1d14c04f1,95c27263-7076-435d-bfe2-143a1861b246
b3ea2b7c-465f-af9e-cd62-0930e391558e,d3f051e3-fed8-9ccb-b3cb-ba7c8e7584ed
c3b3bfed-1e4b-f359-3b12-39cad2455b09,c6f913dd-5ebd-4ab3-35c3-ab6652f0913a
dea8601f-a2ee-2e8a-43a7-b324ee7548af,8d502132-2e8a-4fcc-8b85-92aa24e79a46
27b61e55-82fa-1cf6-f100-595a6fe801f3,0aed1a1d-9d89-488f-b069-8b4e7895ade8
40a248a9-90b3-5ab3-433b-96950dc7f70e,d1242067-7e22-7829-f5eb-aa94b9ffe584
4edc2c2a-6ce4-f454-f3ed-c3ae60008c64,d68211c4-0161-45ff-933e-6f9f99c208b6
473c0f42-a66a-ef10-33e6-b16d63359285,c99c79d6-8837-cd20-27bd-08f079c88c88
24fc74ab-b89a-9384-d0bb-abfdc125bf5b,5c7be472-4ef8-6123-f0e9-98ad59fd540f
9793c91b-73e7-7050-f73f-97183e300243,5c7be472-4ef8-6123-f0e9-98ad59fd540f
17a9f9c7-ebe4-78ac-cc14-e9caa5025800,063c5d85-3b4a-7ce2-31aa-a481ac6bbe6c
08e89d8e-a21d-2736-065e-71185daf7022,f79d84af-673f-43b8-bbb3-819942ff4eca
816a541b-119c-3b06-1365-26969970faab,a3cfadb5-4901-4860-b6fd-2f99aca99f4a
d10a0fcb-e1ea-0820-ddcf-7c5663b9b492,44a653e5-d205-f3df-c550-0698daa7a897
7155f89f-69ec-fced-9dc8-1233b92cd915,ec197211-d1cd-4389-8e27-d4d466db101a
41cd0589-247c-9320-9d52-8c80ee2f5a39,a3cfadb5-4901-4860-b6fd-2f99aca99f4a
bef89b12-2aa2-ffae-92e7-dbe3b8d0ddee,ad75980d-71b8-4279-a4a8-951ee98041aa
58637cb2-2845-de18-0b6f-894ec6e45ccc,b3fdf9bf-8778-5173-76c8-bbdb4c16fb89
2ce75c21-6a7f-6555-d6d5-5c10b5402084,b3fdf9bf-8778-5173-76c8-bbdb4c16fb89
5c6838b1-2619-b7c5-f295-8a05bfc60110,faac0a1a-d7e7-1397-512f-951df6543732
cc4529d9-5526-9e17-050d-186853404116,faac0a1a-d7e7-1397-512f-951df6543732
f2d99d39-a418-36dd-7c65-4fed49ad36f7,4b920020-5c7e-95d1-258a-19040e9c209f
cce469ed-94de-121e-71e9-9059b544be06,71dc47de-6f2b-43d2-bedc-a1dea785aa7b
76bcaf3a-a726-8df0-ca00-585ad1c01be4,225d8e10-6ef3-47ce-96ca-4feb672b5a1f
47889379-43d0-7116-8e7f-3c355acb0d01,4b920020-5c7e-95d1-258a-19040e9c209f
b9c8e384-8530-5e7f-61dd-566983e994e6,4b920020-5c7e-95d1-258a-19040e9c209f
49ef9f24-493f-8066-fd7c-11bc9b07d87f,865ff706-38b1-44e9-a977-2e0b778bfeff
83121570-da1b-cb20-faaa-cbd8efa9ea55,225d8e10-6ef3-47ce-96ca-4feb672b5a1f
0d6c0610-6333-e35e-4baf-e5b61dd131e5,e4ac12b3-bd88-49ae-8d09-6b46c89f0e3d
8fff7fa8-8c6a-a76f-492e-a4c2a483a4f8,db706c26-dda7-2e6a-faa8-57884e88d5e4
d65a8565-0d2e-16db-9076-ee60950341f3,4b920020-5c7e-95d1-258a-19040e9c209f
3b86acda-bbe5-8f01-4f6d-0c3edb22c88c,225d8e10-6ef3-47ce-96ca-4feb672b5a1f
5e28b73d-8e3f-3b9d-3c1e-ba9566805918,865ff706-38b1-44e9-a977-2e0b778bfeff
89926092-9b1b-1fbd-d66e-10fc91637f65,022886af-9dd6-f7f4-e082-8ce149e87163
21befa58-ecaa-ea0b-798a-308bc2acfcda,022886af-9dd6-f7f4-e082-8ce149e87163
e767dc68-5b6d-bc59-62f0-0bb6bf51a133,ec197211-d1cd-4389-8e27-d4d466db101a
5195d1e2-2e12-1ffd-a29a-e918e62b572d,60a27070-a18e-4962-8a3f-a63fade46b88
e5955910-e375-7162-3b46-e5d8834200d1,d5ef9e52-c987-8e9f-6dba-3a5448846e9a
f5a62b3e-7efb-b0d1-f2f5-da6240e68d12,d5ef9e52-c987-8e9f-6dba-3a5448846e9a
41980921-700f-b28c-3e44-8ad0e389cd0a,3c64d81c-62de-440d-aaf6-bee3d0388177
f650da24-e931-2a41-4a64-4bc30f2f9d4a,bb9bc21d-d858-4b0f-9f7e-544621ffd7eb
eac2de98-7cd1-a27e-cede-f34f33d1fb51,95640521-5741-472a-861e-b7d8e4ed89a3
fa88d791-169b-5a81-cd9b-c4f88f60f859,703d6729-2433-2986-07e7-da4f77bc6f36
ea81bb93-b933-35a8-8323-f782f294a580,a765e777-e44b-4b22-9974-8232d45821bd
bb2e10b1-00b9-d060-ea71-2110f3f1c260,a765e777-e44b-4b22-9974-8232d45821bd
c2653650-a7ed-8043-caa8-c6896d274b61,ada69734-abe9-4f58-acaf-7ba03b162f84
b1ddc021-a30c-fbc4-e02c-ad9ad70636be,3785e8f6-8619-48e3-a2ce-0f50038ba00c
67dcf202-94e8-ff96-aa77-129c098fa078,3ea267a4-28ab-45cf-a3af-c86d98701542
ec9e8c90-99d7-fc40-26ba-01365619d6c0,07606ca2-2f1f-43cb-8ec9-14f776fc765f
9b0b2daa-835c-3984-9ad8-ccc1ada43a1b,6bbd85c0-85ab-0550-f5af-e9d8cfc47d2b
fd5c522e-f03f-c37c-e980-be0a399733ce,6bbd85c0-85ab-0550-f5af-e9d8cfc47d2b
42c01100-5e0e-fa14-35ba-564d88d6879c,e92a5195-8476-6c7c-1baf-2a278fa637a7
72e38a25-b48b-1d84-9469-1c6a4f2c9162,b6641d74-a9e4-495d-b3b2-aeb2eaa1f355
f71d7bdc-eec4-8e80-f9e5-d4a33f89ecaa,b6641d74-a9e4-495d-b3b2-aeb2eaa1f355
624b7313-1d0d-1169-9562-fe27a8d56e6c,5724b67f-57f8-45ab-bab9-1dd3a88eccb5
d5977444-0949-9b8e-7d04-39c6b4fd1a87,d73539eb-1669-55bf-43d2-8d593e939ffb
c1044d66-606f-e5bc-7a09-79a7a6ed7c97,546db9ae-e77b-ce8a-af11-ed420325b9e9
9cc9b180-0739-f607-1431-7b873d6dc0e6,546db9ae-e77b-ce8a-af11-ed420325b9e9
a8ea6252-452a-0263-b752-85effb403fa1,424864ed-c344-baef-5b0e-0c85ccb7b7c4
b17aa078-30c1-8154-6488-856bbfee3297,a7de498f-5083-7a4b-58c6-8fda0f3f359b
4c7c6979-6ab0-56f7-87e6-b4cf4db8b361,f83cc871-35f5-47b2-87c6-3d9e6098af9f
1fdf9b17-991e-6ff7-e247-dfb939c6a41a,3785e8f6-8619-48e3-a2ce-0f50038ba00c
d583fb40-b1d1-b1c9-ae27-ca3a10e9af2a,36eb1b55-11e0-46a7-9bab-f85a6cd491a1
29ee5f52-b2ab-3b86-293b-7f961aa32aa2,546db9ae-e77b-ce8a-af11-ed420325b9e9
9f1f2c10-e5f8-03ac-4787-4a7129fbde9e,0f83c02c-8705-9b4a-d897-f9dcf3bbd036
136de697-ff2f-2465-4a75-da9f7ee561b9,1758ab9f-05ef-9dfa-1fd7-4194f7530a2e
0e151461-1638-ee5b-cd72-75d92bbb15ab,338df7f3-9cdd-471e-b204-abb6f5428318
7e12c609-8cc3-e895-bab4-ac649f6a71e3,5b6ab2f0-85f9-41e2-92f0-7d9ea9567baa
ca586c04-5aa3-7bc5-1e53-f06e4a669f81,f071ebf8-d5af-9496-1d00-64df8fd70fe0
425f9793-4b4f-c3b3-1a36-01a2ee042825,d7d2d5a4-bb0c-4c44-ab00-de87f6b36330
0763c1fe-9140-2121-862e-66bc19ad201f,1758ab9f-05ef-9dfa-1fd7-4194f7530a2e
6ccd71ba-e404-4d7e-41a7-a89d3ebd3e9f,f071ebf8-d5af-9496-1d00-64df8fd70fe0
5069807f-ab2a-e89d-9d49-99867f807853,71f5d76c-9317-4d0e-baed-35ff7f8eb561
aaafef2d-0702-71dd-7a92-d28ca49ea079,18a238b7-db2e-e9d6-831e-5c4ce2f732d9
850ff9bc-5f39-c202-a753-7e7d6bf58ba0,15798d64-72eb-5c93-e5d1-9f709c73a1db
3c1303e5-5ca6-5fd0-9689-c9d3635c388b,6bc9d7a6-e45e-da3d-9892-f1e06d10d90e
3b337bdf-b077-c744-d7a5-436c736a4953,ce3aa400-221a-b49a-a96a-2bdafd200adf
07644af4-2eed-3aa4-f068-cafebadf3341,3062c528-7dc0-45e8-975a-05d7845bae72
88eb54ae-d80f-60aa-3b78-6fe029f48131,1074e9e9-366c-b87b-61cf-c34c0fb2e55d
00818073-3239-ef0f-8fe4-f66240d2f9ab,09d80f21-f5c5-4932-83ab-3c3aaa7e649f
db0cba0b-8181-ef45-19c1-3370e059a541,13180bff-2a27-4093-fbfd-0c7bfc24139d
3595d26c-2360-5527-e1ef-c415d4aead80,dcd11c22-9ac1-b37a-05ab-9c0b36e7c856
07332953-c9c7-4521-ccda-eb14531ce790,4033130b-de42-b9ad-f73c-9a19332efe19
ab2607c8-0993-386a-3f74-79432ddbbd55,09d80f21-f5c5-4932-83ab-3c3aaa7e649f
74c07d70-8c92-1e6f-3419-ab8a288e9161,13180bff-2a27-4093-fbfd-0c7bfc24139d
11501b01-16ad-4976-9bbe-3393aa11a1d1,d78671e8-a272-d039-904a-685339a8068a
9384f171-18ac-cdce-180a-1956b71a5611,4033130b-de42-b9ad-f73c-9a19332efe19
2be4a7a2-e02c-3448-f561-e77768874bb0,4033130b-de42-b9ad-f73c-9a19332efe19
9a338908-7101-ad0a-ea3b-3e3913bbc0b0,adbacf3f-a986-6489-4270-02236f2fc39d
27a707d9-a282-6233-c4eb-ba7448aac7ed,d1222e5c-5ab9-35af-b788-b0c10ba0cea7
354eb643-3b15-30e5-dc3a-cbcbbc807bc0,065c95b8-bedb-49ef-bf7b-814e1737e2c2
61a57ecb-4f35-2698-d8b1-a0a6ef3a7b13,0df1a149-3775-fc19-3bd3-331b3aa74e67
814b107a-9bfb-cada-15a9-4019d8a19617,5bf40713-b78c-fb0c-1092-8c8a2460097c
03d15580-e595-d93a-5974-a94ccc09c5af,31b12864-530e-4e8b-aa5f-0f8060cc4544
a433d61a-b36b-e42c-3133-7cb0108a7d77,f42af35f-0ebe-049d-a956-7cdc11515d44
daf65cd4-d648-ef97-bbc7-9797b1809e46,dec2a372-af78-456f-b010-611bcac196cb
ac83155b-2d73-df33-57ee-9f32b1b99e1b,b2fcf7af-fd19-2887-4a4d-e138438a2a92
598164bf-46da-7723-7f70-2852f6e8595a,9d60d516-100e-18ae-42d1-42c17772d68d
b9f3b680-2ecf-ca91-bc58-75e055a63409,155b431b-57f1-fbd0-6d04-48c7daec9844
83f3ae23-2f53-fcc9-b4f0-02129576f767,7fce2368-4290-403a-9dd2-d3520a200fbe
f2c15c33-460f-3647-2b07-f131968d3c6f,db289cb9-aa56-5dfe-55ae-be175b70dcde
019a1193-0237-988f-fc23-c8b9927fdc1a,9d60d516-100e-18ae-42d1-42c17772d68d
56d2e426-09b1-73d9-079c-e388d0e02a35,7edf6368-49e0-3d59-905e-cf6acad00685
d6e19559-cb1b-708c-f661-285aadc70fa5,f68da35b-6b18-2e79-a751-5c8e16f36fd9
3be26147-a98d-cd4c-3a83-75a496d1c017,a78239cf-3c39-166f-77cd-71b7293393c3
b9a7c082-0fd0-9932-a53b-e49fdd81f962,8d0decd1-1944-4cdf-88ae-f0b6a1505f13
5a523bff-7204-446f-f26e-1273469df234,ac6d8125-cdc6-4ef4-8d8f-8074003a9045
4fd748de-f0ca-0d7d-79a0-edf1002c772a,f68da35b-6b18-2e79-a751-5c8e16f36fd9
314fa6af-f587-88af-9b79-c64bd2d1c355,ade37416-242e-41d5-9e00-c0f1d29b4ffc
602ed465-2796-fcd2-5a8c-1f8ebe032a22,a555a7f6-d5b7-42bd-a827-409f56e10c1f
f23324f7-bc74-3475-7221-7d810e185b60,023ec499-24d4-49c0-9132-c89aeea5dc62
e4e54fb5-53a6-29a6-bf8e-22e1bff0d26b,023ec499-24d4-49c0-9132-c89aeea5dc62
7809534e-1871-cd56-c58b-aee8f50ba40f,d5c5ef06-0692-421d-a4bb-18e68db241e8
13747e38-0131-19a3-145d-3ba6877d8463,f0f4bda6-365d-49d7-a946-a5b2c23ee0c4
8e861229-5141-1b23-df24-b0a00d2260bf,a78239cf-3c39-166f-77cd-71b7293393c3
41610fb4-b08a-237e-2cb8-389028ee6621,db12329a-c6ad-f049-926a-fc27b1152e37
e4d35c3a-879f-178a-1247-52ae2fbffe63,07e6f4e6-55c4-426b-af58-2dc2c345876c
06ced840-d43e-5646-f289-d4a78e6a578c,3f37b9d2-0997-4ff9-b8b1-486304923651
e24eb442-3693-a31c-ba1f-ec1831476d8b,6ebf1ee3-8656-1b98-235b-606c15aeb79e
0f964e90-d71a-1ba3-c007-42465493dd65,46fc0837-370d-75d7-3d0f-734b256652c8
3d2c7592-80c3-cd8c-3afa-21fc12f7e352,b0ad44f0-2eb6-af37-a07e-a4f5da65dae8
9f5bea5a-9a56-637b-2751-4b45605b05df,3f37b9d2-0997-4ff9-b8b1-486304923651
727a7c45-f825-e244-267e-004a235640eb,3f37b9d2-0997-4ff9-b8b1-486304923651
41b6af7b-4467-0ecd-bb8e-eb8498d793ba,fb3fcd8e-2ca1-9600-311e-536bb1e814f1
bf6091d7-b824-54ad-2163-70a8725f3768,bec2d37b-87b6-4572-a121-a25f04e1fc12
44338da6-8275-5384-6157-699f074d6b9f,e9a0044f-f1de-4d0b-0169-1dcd3b9dc539
25c3f0c9-3808-3959-bf9c-d3ffc56f5856,b2fcf7af-fd19-2887-4a4d-e138438a2a92
e94261db-6c4e-5433-6d4e-36e0b82809b7,e9a0044f-f1de-4d0b-0169-1dcd3b9dc539
0ad8a9f9-c67a-a56e-f66a-72787212c223,9dbad911-3c92-5517-6780-83c6be9b901c
8b3b7816-63eb-8b28-728b-b639efeeaed6,9dbad911-3c92-5517-6780-83c6be9b901c
0009f0b1-3b5a-791d-0cdb-5d4ddd225f79,ba246033-2dbd-4447-8712-78266ee34838
7ec108c6-aa3f-06da-616c-f9caefd8a5d8,18f7dd54-e176-43f5-812d-e12bc567920f
8863267e-8430-b254-4db4-9c017b03ee15,417cc726-3c85-4c26-b2a0-dc6921bdcde1
27c0afbc-72a4-2bb7-115a-a9d12112b74e,2d3bf2ea-2842-43e6-a40e-6e3235662dc4
23fc592c-6510-5429-ab73-b97911c06ae5,1df23c47-21f8-4776-b46f-25084ba0706a
b18a5cc1-2f48-8957-8ba1-02e9dc579a72,bdc760e7-30e0-d82d-ad1c-a295d5f37639
57fa0398-90b0-54cf-212c-841067c15eeb,bdc760e7-30e0-d82d-ad1c-a295d5f37639
9151a447-993b-66c6-27a1-72b178741e17,4f633b9a-8185-7815-b24a-a3c9983242b9
c60edd11-d0e3-89a4-822a-8af77df44260,76a6414d-4af0-3c67-083f-07bdb22d49b6
d8a3587d-99ff-4d43-b4bb-7e03c00ddbab,5cd5761a-d55b-4ecf-91e5-68e381a3506d
19f10cea-73e1-61d1-e38a-52aeeb2e3bf5,bcc6c880-4914-4d26-a799-d61aaa12c97c
2a3f5411-21d1-3858-f61b-9fa8814d5c64,4aeaaaf3-66fe-4d8d-a814-dbdbef33863d
9349d764-2ad4-e435-fd1b-df05e0dffb71,a29b9e8d-67d7-05a8-48fd-71eb0f694d30
eb0efdfc-304c-6528-77c0-cd1cad4216a4,5b54fba1-8dc1-7cf7-a659-4698b8b2c342
cccca008-1d77-5f1f-1212-5a5610723fe2,8900c615-5792-0620-7395-a28dc1d4e24d
f0b051ee-b35c-8409-a4a7-cf33d9bb3693,4aeaaaf3-66fe-4d8d-a814-dbdbef33863d
52a1a5ab-7ca6-3536-408c-e20e8a7657de,19b5d4dc-9400-41dc-9a7f-2bea6194f501
36479493-f2cd-64e3-4dd0-3aa130e128c2,415bd810-248e-0ef8-1397-52b5ecad391e
67214f7a-6814-d84e-3ee5-628da2d437f2,8900c615-5792-0620-7395-a28dc1d4e24d
446f218b-ab63-a952-bc00-68b7adb62b17,03e7bb7a-1f8f-0e53-f66f-d76dded00691
097b892a-7d33-92b6-6a74-de1a50f6a190,03e7bb7a-1f8f-0e53-f66f-d76dded00691
36ebeaf8-2be7-4753-b118-e17a3a692c72,35ffe0ab-e8c2-4506-9002-c563eae35f1d
25b7b2f4-190c-ca14-a544-5529fd0b3864,616e22a8-ffd8-4420-014b-57eca5595d74
b1fcf95d-e4c7-e2ca-0730-b93a47b3cbfc,616e22a8-ffd8-4420-014b-57eca5595d74
4d2b0033-5fdf-4055-f601-9b23e77f3896,4aeaaaf3-66fe-4d8d-a814-dbdbef33863d
19f3fcb6-efb9-d253-5b4d-86d064f2232c,a011fa04-5b9f-a525-565a-4ae06e18518e
f6b81af3-210b-09c5-47ae-0d1372d45837,a011fa04-5b9f-a525-565a-4ae06e18518e
9d379290-e63a-c585-0049-b464d29f8a01,65a20cc1-1fe2-0f25-435b-23ba79929058
92edb683-de29-283f-36e5-e5748a87af30,a74f2747-b32e-2f47-15c1-6a08c567ad9c
b6359256-dff7-a0c7-e07e-1cc35dba53fb,ae61cee0-498a-4d4f-bb2f-912030b550d7
cfd90b58-0b33-121b-ad12-ecacd723a2e2,a74f2747-b32e-2f47-15c1-6a08c567ad9c
cbc11034-1bd2-9ed0-9273-23be5f27fdbe,58b791ec-9730-4979-b6b6-f140cdc7c3ec
9f077116-8706-ee9d-1488-a82114928e43,92db4502-83a4-4e89-82b3-d396a316b9d0
9b70ff3b-7fd3-4d20-297b-775122fdd7d0,92db4502-83a4-4e89-82b3-d396a316b9d0
8b44e93e-22e8-bdf5-324f-5f0605d4d362,ae61cee0-498a-4d4f-bb2f-912030b550d7
19fe47e7-067d-fc0f-89ee-55afaa21f89f,dd64656d-05fa-842f-6584-f58cdaefc488
93e8b3bc-0763-fe3a-f12e-2c283930fe06,18138825-fa36-7654-87c5-bc3519904f72
876a71b3-a87f-6815-6f20-762e06608343,d504fd9c-ae34-41da-81bb-f1354433b364
ea94debf-d75c-75b6-2902-3f2307aa7701,a7b27627-d566-6b19-5970-54b7f85ee5f7
a7fd7c83-e32e-1725-18c6-94a11e5d0db2,d504fd9c-ae34-41da-81bb-f1354433b364
e77a8a5f-9a4e-5740-f740-0a49c6b38928,ae61cee0-498a-4d4f-bb2f-912030b550d7
386850f5-b0d8-1fbe-943a-2d4ceb35498a,bd8c18d6-5648-731c-63d1-bccbb706c842
3b553024-2fbd-856f-d97c-25dc74b71b81,bd8c18d6-5648-731c-63d1-bccbb706c842
151b48ee-8591-b4e1-9d59-c470c7a9dd70,bd8c18d6-5648-731c-63d1-bccbb706c842
b340dc4a-13c8-f8b4-4fa9-4ad623a4ecd1,a9778840-bb1e-6874-7b55-f9ebc4cc7b9a
d5c19578-0f3d-406a-bf25-eb10463ad301,07d21938-49e6-83b6-f30b-9b2e065062d3
90353ef4-3849-4005-9919-cdf94e144313,07d21938-49e6-83b6-f30b-9b2e065062d3
7f6318fa-6b34-2696-98ad-090ebcceb9ab,07d21938-49e6-83b6-f30b-9b2e065062d3
aea73c1f-568d-342b-d994-bbeb570fe013,52a1e930-45e8-444b-a12f-4291716843fd
e34ab6b1-8e34-4849-4177-b221118c6c84,52a1e930-45e8-444b-a12f-4291716843fd
e5f42eb3-fc79-babb-eb8d-e142015394b1,0f8890f9-315b-40cd-b23c-bcd1ae22a47c
869215ed-b8e0-f635-dc22-a3999ad4692e,0f8890f9-315b-40cd-b23c-bcd1ae22a47c
3d0790b8-c0cb-55fe-71a1-2080f9e39d4f,28e5ac9e-80fd-49fa-af10-008612aeb3df
d1c8ac0c-206a-0df6-b93e-5d804089a25d,28e5ac9e-80fd-49fa-af10-008612aeb3df
8ec7304b-f4b9-3abf-8c1b-cd55e361c2ae,62899c75-8094-1dbc-1319-5c053a7f865a
51eddac7-d23b-9c35-5da3-43fe79e8989a,62899c75-8094-1dbc-1319-5c053a7f865a
19caf2ca-04e1-6b7b-1170-6806d7c7b7f6,4174a7ef-9c7b-4cdb-8668-e7fa8d8aed60
ad74e078-a006-6941-9353-1e7737f4ec40,775ea590-7c69-29e2-40a1-4133ed6bf93e
d0c333d7-7f62-7f3a-c28f-927b6ce824e3,b1d84710-dae3-4a0d-8d67-ac90f6c8e76b
9f803069-d42a-f965-374d-28a5bb8cd37d,775ea590-7c69-29e2-40a1-4133ed6bf93e
d1707b9b-5849-bcf4-bb5e-2b899e798c07,b1d84710-dae3-4a0d-8d67-ac90f6c8e76b
7a9c2703-9f10-988e-1207-d6720b9b6802,775ea590-7c69-29e2-40a1-4133ed6bf93e
719d0b6a-4f8a-c7ab-2a23-8e81ef109dc5,a026e335-73e4-2485-55fe-ec5284c261c9
c80accc1-88aa-5691-f19f-14bef6a79d63,a026e335-73e4-2485-55fe-ec5284c261c9
4c024b31-fdec-0bfd-c2ee-f80029181dc5,a1859bff-3489-68ef-b143-30435d51a24c
d43857f2-8e15-a727-05a4-b7f0397f2f8b,21cf647d-e774-4470-8715-9c307546a03b
e3e85245-7e98-a07c-ee55-403838c0f942,d1471d65-4e78-5a75-e756-7f3805505b21
624d6a40-aa01-2683-d195-c653aa2e787e,d1471d65-4e78-5a75-e756-7f3805505b21
279b6896-d3df-f265-e046-5c209559ffcc,823c23dd-703d-89ad-1c26-b74c0984abda
03ae3755-bdbd-49b6-7f6c-08c50c9cd2c0,7a8d15f3-fa9b-9f75-abae-7f5a332e3b2c
c9b1a95d-15c9-5ee0-75bf-2d6afe38c71e,06ba1999-43f6-4722-9d48-58b4f9cbbac4
e3b843ed-08a3-b3d9-9ee7-58d66930fb57,162e48fa-7e73-518a-bc88-bdf71f80cb8a
8e4485e1-0644-c526-5372-d2caacffb64f,8fe31fd1-b885-4463-d979-dbff25adcade
b0f71aa4-2fa4-b9f2-2eb9-8b4661f0e3e3,8fe31fd1-b885-4463-d979-dbff25adcade
bca1124d-e5b5-0b81-c26d-1ac5e341df9a,d88dd553-d05b-4294-9501-8afdfa03ca31
60420d3c-5aa8-a7b7-eae7-37869584b99f,324cf94a-73c3-57eb-e926-12ae1e39729e
514402b9-70b4-496a-300b-3b9ea3b4e6be,80aedaeb-eeb1-948e-ea7f-0aac2638e51b
f487a68a-9a49-61cd-08d0-e5f7f4eb8110,4e6b0fd3-6f0b-243d-2449-eaaafb8bef59
f7577b81-ef76-bf00-ec27-40a2663290fe,e82a2720-04cb-4a37-98e9-c53e511f5847
74207915-b51c-b770-947f-562e9733a79c,31b44976-762d-43c1-b5bc-ebb1dcc3c86c
e711ae99-0b1e-f5cc-45fd-8d6e55002647,96fbad3c-5776-42e3-93e4-71976a91b271
bb722daa-4d48-c472-3068-6b9869f5fdb1,82d8cc8b-5e15-4eda-9efe-0a6563f62462
c7269fdf-4657-acbd-cb9e-cb86ae564f33,afb0a7e9-c142-4e39-b15f-f70b5e5fa780
6de29884-3765-62ed-ac14-cf5b50feec91,a49d1faf-bd66-fb20-6cb1-caa4b22b6544
1d118eef-8bbb-2e4c-619b-e95dc9fada3b,4c876515-d093-b8b5-4769-c4e59cacca64
f936edb5-4091-4020-cf28-af148baf23a5,956195a6-0050-4082-bdb8-67cd9bb3b228
784a621a-2abe-04ae-6cad-7b89aa12a611,e9a0044f-f1de-4d0b-0169-1dcd3b9dc539
1fc881f5-f9bf-2dda-4bcb-5b85423d8d2a,f5a0dd53-566c-4658-9b05-ff5c2d0b7916
76ccfb27-1d1f-f308-f3fc-16dcdbe1e7d9,63b109ef-a63c-20ec-a83e-312066ab544b
655bbfb4-553e-6c9c-f676-758c031288cc,7b1d4a7a-bd91-b922-eb0b-8ddf5340da4c
e3addff4-923c-6374-4e85-da8e869ce2c3,4a9c6a81-4581-52ca-a983-f3d4caa02b5a
5e04edb6-aed0-29b0-bbc4-ac90cb4ed400,e22afcb6-60a0-cd6b-b01a-7b8f894a8070
3b463ec8-5474-6277-0718-ac8c4e5c4502,dc901e43-30b3-b057-4a0b-18c78102663b
5c1c942b-1bd1-2e24-c96d-5c0b4e61a7fd,2f0821f1-bd5d-4787-b151-1238647ad446
b524c162-b74a-f0ec-6691-b2714d7b6402,07a7ac8f-5752-6bbc-49ae-69e1e7e9a975
e6aa5a51-9831-f82f-c3e5-37edff0c08ed,acca12a9-19e3-43a8-8d12-94922912a001
11c45ac7-e4be-4aa2-314e-95247e5b61ee,5b0bd578-5984-6c3e-7dd3-0e127174ffb0
49aa0617-d368-ea69-a957-1eed7ad14382,dc901e43-30b3-b057-4a0b-18c78102663b
c8bd6b07-39db-af38-8f20-43a42f021ed1,1fe7acfb-8e61-f268-600f-199820958334
ac320484-5632-88df-69a5-94664d90f8fa,1fe7acfb-8e61-f268-600f-199820958334
6c882f90-a128-497d-99e4-7547fd137a8a,3284170f-a921-4048-bbda-956a81d73332
24d591d6-a261-1e5b-a8f7-afe93c2989f5,3284170f-a921-4048-bbda-956a81d73332
3d8de9c0-e1d0-bfba-98bf-87fa7e6e16ee,0aed1a1d-9d89-488f-b069-8b4e7895ade8
8b238e6a-cf81-933c-074b-363378493807,601160ad-b0ea-366d-e63a-dfbc4ae2bb02
ca537784-4693-8d34-10dd-1477e0afbe30,faaa1b58-79d5-94cf-fec2-bb78541341d1
60e4a258-a342-4c37-793b-8dc5b18ee429,8bc51f28-76b2-3824-3d9a-69781008e826
544f1986-66a0-5108-0710-ff877feaad95,0b4e89ad-e6b3-7560-e0e9-6cc811e1f878
8c3e8d30-0495-179a-fc49-5da0d6c4f9f9,d68e83ec-1587-481d-be54-31c1a88fb57d
d3eb8fc4-e7a1-9ed4-c96e-1b34e98127ce,d122a906-2b44-43d2-ba7d-9ba38427b07d
2230b593-9509-72b9-2332-e2809b6c93fc,d68e83ec-1587-481d-be54-31c1a88fb57d
52070bce-3164-a4b2-cdd2-a9e2a3653fc8,5c22a9d1-ab96-4476-971b-46fcf67e0f4b
4db9f2eb-f732-f3c0-bbe3-7f017b47fee0,d68e83ec-1587-481d-be54-31c1a88fb57d
436d78e2-0f71-5338-406d-5893825dbece,bbcb0ae8-85e9-4595-aaac-dd25666602c3
42e7d4f7-e27b-2160-a64a-510fbdd1a454,088aac6e-1b4a-480c-b67a-1291e81af044
a38d2b8b-8f4b-79e1-61d2-2c83fd8b6195,1cce5fb7-a257-e08f-5da1-0cf7a506fe0a
e34c0680-012a-3450-2fe5-df4fba95bc21,ebb93599-8060-6c9d-247a-be1de88932ec
262f6024-71b4-bfc7-c011-64572e9af50d,d88b22a1-5c1a-9fff-bcbd-1fadb0ff41b4
017c708d-1f94-359f-1080-e307f307fe46,d88b22a1-5c1a-9fff-bcbd-1fadb0ff41b4
dc139a66-d945-7bc6-2785-d7a48cf59405,adb51d4d-6a9d-1b9f-d58b-9fb12142b687
e7ef3df9-9db8-912e-20e4-03b686b2e78a,d7a8058d-b318-4fda-be0f-5002bd681595
1a9c224a-41ec-12c7-f82a-cdbe0a01d737,732b1f3a-c463-ee91-594d-083e360f6242
0dab933d-03f0-8592-0409-2f9212ba8114,732b1f3a-c463-ee91-594d-083e360f6242
a6707141-e03e-fbaa-d65b-1e973bd41b26,4f6ca72a-ffc3-4a16-851b-b80c60a1b00f
7360d6f0-4711-5b40-dd80-187fd102cd84,4f6ca72a-ffc3-4a16-851b-b80c60a1b00f
a50ef6aa-0cbb-87d6-28fb-85c8bef752ed,4f6ca72a-ffc3-4a16-851b-b80c60a1b00f
cb370cff-aecc-8108-3adc-f5b9e022ed43,4cbe4320-6f64-4f0b-8d10-c287e41b1d6d
c8280028-15aa-81e5-f246-131fca698f9e,6aa1b89f-14e7-d4e7-d8cc-ad0f9621da8a
07125aa8-c903-cb1c-2aba-584ab04ed34e,3c463e83-0233-aecd-2809-5ac1d4c574a7
79232610-048d-31d3-33e7-bd74e912767d,57690b85-d826-4d07-a555-71b39bdbc320
a8c90db7-9a0d-deff-252f-d337951453c0,adb51d4d-6a9d-1b9f-d58b-9fb12142b687
eb940c55-e616-d6e5-fef2-556383d8f7e9,faaa1b58-79d5-94cf-fec2-bb78541341d1
b3330d0d-633a-24ce-730b-e32920c5e435,d0d51a62-1b4a-68c7-6547-af85717c9657
dc7b9095-758b-d0f2-4fdc-0fe1e4127dbf,4d4eec49-a02b-193b-2d2f-3c58e0057d8d
effe69e7-6ddf-a082-6009-e203f5a8e36b,5aa2f692-a647-4c84-82fe-863d32b07c64
5521f6dc-458b-8c46-5e6b-8fb0a5f0c8cd,adb51d4d-6a9d-1b9f-d58b-9fb12142b687
77dd2154-af2a-f7ff-294d-2681b7310aa5,adb51d4d-6a9d-1b9f-d58b-9fb12142b687
19330d78-52df-3fe0-b9d7-ed136c18e218,86b8e2b4-0698-75f1-85da-6ae0b1e0a479
1d152f8a-328e-0b23-805d-331e3515bd4e,7a4faf09-bf7e-4636-b1da-5b707644c097
4ac4c00d-d82b-612a-4fa3-0f337309058f,7a4faf09-bf7e-4636-b1da-5b707644c097
2d6d1a07-83c6-fbe4-4274-0226c788d095,9ceaed60-a752-414f-9280-1400cfd81233
cce0885a-da12-9ef9-e7c0-33869c01e90d,8399c2c0-7c96-8a07-2b3a-dd20074024ee
31844aa8-3b45-c4bc-2097-2d4d03c98e67,3c463e83-0233-aecd-2809-5ac1d4c574a7
28787243-0a84-168e-0ab0-dc199e8255ef,bca5ec8c-77cc-420d-88f7-5b430e6cbb20
825d54ff-0a27-7bc8-d7b9-85e50ff8d121,755a47a5-cfba-5370-3eb2-62cb01e2a330
dff9a6aa-6fa1-546a-3a53-6cd7a100ae88,d0d51a62-1b4a-68c7-6547-af85717c9657
b8ca04c9-133b-be18-a1cc-28bbc633672c,2c7724b3-da89-4970-b751-a0516b06b1fd
500a38b5-1723-02fd-3ae5-7ca1dfdb5e16,ecdda53f-7cad-9c26-6352-3d425f2f170d
ade74738-508b-0b50-ea84-8f056955a495,7b212a62-5739-934b-86b6-eea527e90ff7
1a2313a1-04c5-a4ca-eebc-7b9e5a0d1cf2,ee8a09ba-68dc-4043-950c-972bdd5914f9
39c82144-908e-b355-d6d6-9a89fc819ab1,74a51cbf-7e86-4faa-8916-de0bd4bd74fe
21526417-6f66-ea47-7abf-ba7e9f1965bb,bf190bc5-84aa-44ad-8769-2914654c4844
7eb73f4c-6b2e-dab6-59ec-0d69709fa0a7,810358f4-0ba3-46e7-8a1a-f0cd272cc7e1
d6f9e85e-7948-74ca-f5b4-4970f3651d8b,ef01d017-c7bd-276d-da55-e8c37718a1f3
5fa11d43-4f5f-e3e7-2f92-790d06df3d48,22f34c93-6af9-435d-95d2-2ad9b4cc92cc
d5bce4b5-6f33-7d71-ae10-362b5c1a1567,810358f4-0ba3-46e7-8a1a-f0cd272cc7e1
e7cdb4de-4f3d-2c98-aa59-b1b86bd89456,83117ba0-c49c-424d-898f-f33f8a47c9b9
0de2b62f-b1bd-ecc4-3997-5d4b2dea8133,186cdeff-fec7-9add-d9b9-8807bfd4aa89
71d6b04c-7e4e-5ac2-b115-5376a8228f42,83117ba0-c49c-424d-898f-f33f8a47c9b9
a66d6d18-6765-cb5c-3487-204ce6b61b5a,52a0cc74-472c-4422-bd44-cb835681c08b
2003c545-c83f-36c2-5db6-336b453527fe,da69088f-3c61-b3b3-d16e-11598c1ec23a
c94554d2-99ab-1a75-a415-b9a017fb5fcd,3b2898a4-bc51-7f71-7395-8cde50a295ed
7e40186a-1da3-f398-fa27-94969f1bafc1,a1fadb25-1663-af5d-8a2d-9474f38511a4
c2337828-6843-51d4-63a4-c7d2c2344a2d,257be20b-9a0c-4c1f-a79a-08d4550c8f0e
0c6be1be-e48f-00c0-627c-afb4c6fd3e9e,1b6d4997-a5a7-f846-de12-bb7182784ffe
25f3021b-3547-7148-110d-b372528f77c0,888741ba-625d-4522-a730-e8c45c4bb459
73b93319-e188-595a-8219-b130a46ebb0a,138fdb59-e628-6a5b-9a2f-ccd6736d6346
3fc7da56-2a0b-dd63-af4f-6ad76e03f787,20fca22b-4c34-447d-8b22-c0a0cbea2573
f5930db9-3d0b-ddd0-2c2c-ff6e4a1de4e1,31e35dcd-cd73-434a-9319-828dc3d9fa67
5eb4f082-1290-8304-2710-2975bbd3520c,ba07c3d1-329b-445f-949c-8c4e1ddc68cc
25554bd2-cb9d-7d18-689b-708f94b08667,6fc48db6-9c86-4c6f-b738-c8f6f413f486
53cdf70d-0e26-f833-2773-9b5935662791,3b9c1c19-9eea-4386-a098-db9cf1728450
2134eb26-1bbf-8bdf-e44d-3d1a7f24f92e,4eb4ba72-653f-4a76-bf4d-1310d8b974a6
e8e9cd62-8694-6076-bf2b-45de76b811a6,c0fb5fba-0077-4615-b547-c8b65313c08b
eb85b9db-ac12-60e5-ca21-c9143e6ad35b,e52a0257-f496-48db-b2bb-ca274daf53b5
440737f2-1284-0880-a252-7394880b449c,23bba3ae-e2a4-4e4b-a1ec-ced30a2c8636
a8dc9164-5bd9-c436-c751-3b95fea9be23,b8932478-59ac-4bb9-8099-17bc13bdd5bc
a09ce324-9c71-8acf-2dea-42b4dde558e3,20602c1b-265a-420a-ba5e-1c5cd59f58d2
2a0a9f5a-f187-762c-a768-720dacdb00d5,20602c1b-265a-420a-ba5e-1c5cd59f58d2
1ceff9bf-75fc-9673-339a-6cdf03ca27eb,a9ce8bd3-e9cf-4d90-ad85-6d710f118cdc
d4386969-9048-6bc2-4b28-2a45d2f1a4bb,324c1782-eb22-46a8-8ef5-04cf484689c4
1e09bce1-22cc-8c78-532c-480477cc9352,281730de-7626-4ec4-a379-f259a2725a00
1390a37e-1356-4120-90ed-717d943792f3,62b1af8a-7e1f-4e93-b8f4-4d09f22726c1
cf8e65fc-cc7a-84c1-bb71-6e8fcfdd0cf3,c2c5ae6c-163f-461f-8edf-4ad7352854c9
9d4b9cc6-56d3-83b3-4512-0cb8a464fcc9,1e3c4050-e32c-4290-aef3-1f74878c777d
a5e44bd8-7a97-b7eb-76ff-529675cac3eb,5a89d275-843f-42b1-87a4-093a5c60c342
74c2542a-237d-38bf-9514-a5a5f53b21ea,5cd3ff05-6ba4-429d-82bf-903d67a56ed6
4e3686ae-b79e-c825-0711-92f9919183a0,a8a8de39-9881-4158-8224-05f842f2ca13
4d9652e3-b114-2ea6-a5ac-fcf1e8cd8dcf,188494ae-84ff-4b9c-a87d-aebb9ecb0b33
fad390cb-10a7-cf1a-a410-e46d59c0e8d0,188494ae-84ff-4b9c-a87d-aebb9ecb0b33
a66410cd-7158-4bd5-bf54-61526eaaa259,8794c62b-8ecc-47f7-9588-eba96bab06f4
b0e835d2-a248-2188-552a-2759b7c62249,02c29bb0-003e-4619-90b1-c643b7bb85b3
e266d32b-64a3-5950-3397-048850d27dd2,bec76b0c-7de5-4281-9e7b-6ebde3ae629b
6c6c3a07-e3c7-cd0c-ce48-4c8d47af92d3,5148abbb-ff7f-4506-b08e-384a90fc76c2
c35cc404-1fe0-854c-4577-05879b58cb3b,b3ccc3ad-cee6-41af-82e2-cf8ffc77ee13
fd47a2d0-f044-9776-1f8b-a0e188c4e6a4,b3ccc3ad-cee6-41af-82e2-cf8ffc77ee13
6c340567-66b8-b649-54e8-26920fa09b01,fefb837b-a67d-44c7-9ebc-d458902d10eb
c0d1cd1f-5932-49e4-e36d-14f42519dfcf,81a42781-0122-4389-b689-59b68221c146
ae332d98-77eb-2506-8315-e3b07897646d,81a42781-0122-4389-b689-59b68221c146
0cce3c67-1c1a-bb6b-eea2-9484d083f7f8,81a42781-0122-4389-b689-59b68221c146
7369d779-3c87-697c-192d-dd9c5dac327d,81a42781-0122-4389-b689-59b68221c146
fc78fb8f-408a-753f-3f53-11b45fff3ac3,69757d1b-4a95-4adc-a2c9-c336a7b449c1
7e9ab17a-c482-e196-9214-4f782f29a959,8d83ccd7-eb23-417b-811d-5356d67d7f0c
c01d52ab-a0b9-e654-017d-49da7b6211f9,e7c3aa08-a687-416f-a8e2-3aba9204b29a
870c75e3-c3b8-9c1e-721f-a671fe2006ac,47c52a16-fbed-4c93-8cbf-19b358068e83
3dab0a96-ea99-b499-62b3-f9da24ff7673,aae001ec-02eb-4864-8d95-b72b534a9cdf
c8757c86-3cfa-38a3-28ec-208b6e561407,6a92365c-f849-4bad-a4ca-4487b3f7aa2d
5c4db7bd-053d-60e2-66d5-c33731593784,6201f764-e6b8-4887-94d9-16e90a4d1150
43138aec-271d-663e-9469-c87035d4d6bc,e3b57479-e552-4cd5-9458-efed0bcc5779
aa0acec4-0c80-5df8-0863-7e103a538203,d82eca2b-2213-41da-b21c-cc2f886018a1
1c81c3eb-e54e-7f09-5f7f-8ba481d31bd8,f74cac06-55c2-48f3-b628-4795098faa69
28a5deb1-32ad-524e-868a-341d13072b55,57667a3f-192a-4dd9-b5c1-b6d1517140dd
3d84c36d-f95f-a3b3-fd86-3ed4414765a3,64b1f023-9d3b-4a89-a77d-35adcab6622e
308fc7d0-e3f4-5299-3869-0e686a357180,3a647be2-5b1e-4e8d-8a6b-7aafd34ddb6d
8c8ab5e8-ed61-6aca-813e-fcbaef20bf5e,e98d3100-1f0f-4624-a519-6a96600cb727
6b030158-b227-82e6-2415-07e47807976f,56379e72-2fad-4f70-9ec0-124534199de8
7733f950-dfed-a206-4e1d-e4b7b89ca9ef,56379e72-2fad-4f70-9ec0-124534199de8
e4a44cb5-12e4-5c5f-dd58-abef8a8716c8,1a933821-d028-4cd9-b4ff-533d885c50cb
87460ad9-aca5-bd50-6d1a-c1a68541cbc8,1a933821-d028-4cd9-b4ff-533d885c50cb
8ef5091a-5134-31e7-b5cf-b62c35ccef85,b55e4f2a-5eda-40d1-8ac0-0ff3756e054e
f2e34298-cfe3-e0cd-4cb7-30a32a9d08a2,fa6e7b56-a402-4b02-b42d-2437264a601b
fa253b62-6be5-ebc9-1e84-78db5dd73b21,c4d0be0e-14fb-4925-909d-c13e5e4a1468
29969acb-ece9-76ac-afcf-0257a9f59b49,c4d0be0e-14fb-4925-909d-c13e5e4a1468
a288197d-9773-5449-1976-f6c6df9dc753,c3c007bb-3ac8-4d89-b43a-88ecbe53f2fa
7959a371-c5b4-8cff-48e1-379171fc7313,d2d94a62-2620-40b8-a9bb-d9684b9e2c4f
e5ddcecf-a531-e1a3-e487-66c874f55043,d2d94a62-2620-40b8-a9bb-d9684b9e2c4f
7f8a7a08-5d27-93a9-2883-f9c25aa7acd5,8b42ed37-61b2-4294-927a-82cda10c827d
e6c8d9d7-e2ad-437d-0603-0500a4571a9b,455b0d32-4fc5-4781-a188-4cb597d2d785
1d780881-90c7-c843-34db-bfd779fdcf79,455b0d32-4fc5-4781-a188-4cb597d2d785
4897d7d6-d9e2-4989-35b6-c4ace1ae58aa,d66e3b2c-6cb3-415f-8513-9cad6cf6df25
c14d1fd1-4d90-1e6c-2f2d-19db635111f8,4ab56fbf-063b-419e-8372-7537a0846d75
67e448db-123f-ecd6-2485-88f720296cb2,b50d8b5c-35f1-4439-b924-577a7491075f
25633450-cf53-c382-f34f-ca45b35a261a,6ab759eb-6ce5-4a10-bdd8-c9ebe1029eeb
0a75687b-2ed0-46cf-978a-b99d40783f5a,5f2c98a0-1332-4e25-9db0-2aaa0a791eff
96d9513c-9675-9a72-46f3-14dffa638bb0,b75c25a9-e07e-484d-898f-5e75520d8ba1
53b8a247-b4c5-b4e3-5272-217a8a03e2fe,eeee68ff-4087-42a4-bcb2-2a188e87b716
f4ae2cf7-cd2d-8d38-1d90-32f9a6da7cfa,05e2774d-1ae8-4520-a8f2-ef4f1babe7c7
e2654c7d-2522-cfdc-8864-fb260e9871ca,05e2774d-1ae8-4520-a8f2-ef4f1babe7c7
d2979c3d-c297-ce2e-c15d-e6423c76f0be,c173d8f2-575e-4081-a72c-90f29663c90f
45f2b606-ac32-cdc8-45de-e5d7a9ee0589,ee3fd373-63c6-4518-8c0d-2049f821c3cd
074ad049-bb2a-f9fe-da5d-94bf9c1ace48,ee3fd373-63c6-4518-8c0d-2049f821c3cd
ec90d5b9-206f-4784-95e1-fd6b3ed30a57,8d52f311-6024-47c4-838f-2d1775ed7aa3
1379e26e-3271-2a3e-58f6-3ebfe3237fc7,20bf07b3-1c57-4972-b31f-fe15ef4ecd52
35be226c-181f-9719-e8d9-cf7700bc7b4e,a1c6657c-9ab0-446f-9928-992351341f3e
37162a2a-eabb-58eb-7f2c-420124b761d6,629c9e34-7c59-4767-9034-e99bd9783ecb
4c4e63b6-3e05-7790-8f20-89ab7cc97a58,359da9cc-be44-4ab0-97ad-16401911a247
e0565081-4be7-4044-b66c-b48e4a464e67,359da9cc-be44-4ab0-97ad-16401911a247
2cd3ab89-ea02-9a8a-1f09-91f5c15b1d16,8be1f195-b591-4831-a073-fed050058827
59635e59-749d-66fa-db07-6efbf93c803d,8be1f195-b591-4831-a073-fed050058827
77acae48-ac8a-759d-2ad1-3d5b486d7052,8be1f195-b591-4831-a073-fed050058827
c92e5f7f-93bd-a5df-8b07-f59c32090861,0a01037e-be75-496f-8073-7933ba2cfbdc
da5cf8d5-8df3-1e75-b17a-07eff615cc4c,5adce5aa-755d-46b8-8706-17c6973cc881
1d022c4d-4071-1bc9-5699-5bc1af28b94d,221421ba-ef97-4b38-af76-debeba56ee80
1013dfbf-0a2c-e80a-0b5b-36551684da14,d610a9e0-1bb3-4fb7-a3bc-095d6fcce85d
21e85a92-0b17-0285-da2f-4d87c9fe84e8,f0bbe4bb-207a-4689-b24b-0234b40309b4
9371d894-0126-561f-0e56-134b33f1f881,508267a5-46af-4201-bb8d-d0bdc040daac
f73cf56b-4ab9-09ab-ba91-0d4b6346576f,e2a53d9c-44f2-4093-822b-f6003c1b80c1
d57e7499-ef88-d5e3-1023-9eaf6a3e2ee4,c5d4202c-4e5c-40e1-83ea-ad095f9eb461
bf5e5a90-8949-c26f-10ac-c4e5ad5dd718,e35bc0bc-59a9-42b0-add3-505a9fcff5d2
655b215e-d6d4-8a1b-dc10-47d71b1af8bf,bf8716e1-6c49-48e1-8d22-c15e3fb0d56e
b6b6c964-c590-7814-0bce-88e35a49f22a,bf8716e1-6c49-48e1-8d22-c15e3fb0d56e
3857649c-d5f3-f3c9-54d2-8943bcaedeb3,ec15aa89-fbc3-4c20-b0f8-58afc1b99111
c5a79ba6-4273-29ba-b7d8-724c683904c9,a119de8a-f458-40df-ac08-cac53672894e
e581dc1b-ea3b-d7a9-9115-becb5de3c67d,43265288-ce4b-4814-a26c-02f76f305945
c6670de3-5918-d7f1-5f70-abbc0cc14169,2f00b872-9386-47d9-8f63-5d6c87674424
b4c25dd4-28e0-ba88-a303-68a96b935ddd,776471ab-7595-4774-bfa3-084fbd80cc33
369cc418-b0b1-15dd-8a84-e92947188ea5,5ae981a8-3667-4ac4-9394-56a32c08eae5
ba147885-6b6a-f86c-228d-f6027bc78e9a,62b1b87a-719a-4684-bf12-7690491fca57
92e5b682-814f-1c0a-e0af-a1837bdf9381,16106190-f52e-4f4c-b3c3-58e394e413ea
04be59e4-9619-5e2d-ba5b-5bee7c16d0b2,cc601ca8-3e6c-4b96-ac24-6d688976ef71
eaf34ece-d0f8-d162-930d-3dac700b1d0a,5ddc506c-d7b9-4001-ba49-830b30e9656d
f01ea15c-237c-1ca2-8348-93ebdf70dd2f,a71da446-64e2-4b78-93e1-77fe86dce8e2
e4b307d8-e4eb-e4f2-d566-0d7f250f0f77,a71da446-64e2-4b78-93e1-77fe86dce8e2
9fdd329e-7259-8d9e-7a3c-7708c1e5d1ee,69763efa-237a-424b-8d40-0b7da5aba656
0b2b9735-6103-26c5-bbb8-d6ec70e82e25,a71da446-64e2-4b78-93e1-77fe86dce8e2
ebfe635c-d8aa-7518-0e5f-e5560faf3a48,94dd920e-94da-42ba-8444-e3723e618b0b
d176ebda-642f-552b-edc5-be9667f87302,94dd920e-94da-42ba-8444-e3723e618b0b
23878275-4f79-5d39-ac3f-7379f788f9e9,94dd920e-94da-42ba-8444-e3723e618b0b
4609a290-4909-0d2e-a36a-50674a06fa8d,94dd920e-94da-42ba-8444-e3723e618b0b
7c8bb9c2-b4a5-64fb-6aa5-6d68d0a84212,3008354a-4bdb-4f6c-ad42-61f017a85e53
f808bf24-9576-b390-8640-d74bd9805d79,1caf95b3-fd45-4ea6-afb0-dec44cb0e6eb
7eeff10b-7160-5d88-76e6-8c93684ab93c,278a1158-51ba-4bff-be30-7b19404440ab
7580b115-8e4f-dd67-fbf0-f9b81949ec30,63f8fa08-0c1b-4d6f-987e-17766314a393
6de1e969-8ab8-2a5b-cc79-2fcbe762c97c,278a1158-51ba-4bff-be30-7b19404440ab
f47c411e-e015-75a6-6c51-c5b2ef1591aa,63f8fa08-0c1b-4d6f-987e-17766314a393
00602376-58a6-f27b-57a9-fe179d9dca88,63f8fa08-0c1b-4d6f-987e-17766314a393
43ca778e-78df-7191-e8ad-852e334ceb18,d3820c14-c3fb-4482-8680-eb75fead5f4d
08789299-0b21-da1b-387c-9b2770a933ad,63f8fa08-0c1b-4d6f-987e-17766314a393
b076f9ed-d37c-768b-69c1-8b20b84677a7,63f8fa08-0c1b-4d6f-987e-17766314a393
063fe5ed-6069-59c7-c6db-c95969c3d4a3,1bc9a241-cea5-4f37-8277-38a7ff9646b2
092f5991-d401-d79c-6660-5d7446b1ec35,1bc9a241-cea5-4f37-8277-38a7ff9646b2
5f1805e3-8548-2f32-6bac-3922536f0a5b,63f8fa08-0c1b-4d6f-987e-17766314a393
8f733f36-2b1a-4898-d05c-7393f4c90e9d,f83842d8-00be-4524-b261-e1b02a3753a9
24eff350-8ee8-4a12-35af-7d0ad9eeae95,804abf84-9039-4570-9d9a-5e531c003cf4
f690d6c4-991a-eb77-2b7f-caceab2d3fab,804abf84-9039-4570-9d9a-5e531c003cf4
9ca45383-3d2f-ba46-5baf-b69181b4606c,804abf84-9039-4570-9d9a-5e531c003cf4
a877945d-6575-fb63-7cb6-fbdca050880e,1bc9a241-cea5-4f37-8277-38a7ff9646b2
15be3518-d7a9-cc3d-c98f-61492603b983,804abf84-9039-4570-9d9a-5e531c003cf4
518739d8-61ee-2fc3-cf9c-c0fa6989c9be,804abf84-9039-4570-9d9a-5e531c003cf4
29e69e68-42b4-2ced-83ac-d074cdccaec4,ad5e5320-8275-4abf-ba05-5e1f89b48f88
a46168b7-6445-aa7a-ad42-d6451f5fd7f0,ad5e5320-8275-4abf-ba05-5e1f89b48f88
0e40ef70-3810-8462-1eef-635e248c550d,efbf9cc9-3fd6-4ee7-9c33-da0b4a4fb1b1
60c99bbc-f3b0-9a7a-d027-9cba4836007b,764d90da-cd18-4853-bd3f-40661362c1d1
5ef49f7f-92c9-7bba-6ef7-0e8028faa007,715c4037-644d-4e34-a075-35a773322054
62eea056-c0db-a7b9-5dc4-a8b95603b65c,a4904fc6-bfda-41ba-b2de-1aa03cafa3e3
08631ab8-e868-9e52-8a3b-219a75acaeba,93b15b9c-248e-4814-91ba-280313475336
88c949e2-d714-6e48-51c4-ab2c6a14d23e,7b9f5b89-441c-4b31-accd-b1768e8ea70e
887b16b4-b298-e855-2406-d8c965831fe4,7b9f5b89-441c-4b31-accd-b1768e8ea70e
7ff5cd61-a7de-f119-4973-182cc6506713,7b9f5b89-441c-4b31-accd-b1768e8ea70e
3e4425e9-aed9-5140-784e-f71b6a201dba,2526476e-bc06-4c8a-b8a4-d51a9d5d6225
0bd1f1e1-df02-446b-0511-d9332c0d92e9,761de1ba-dd6f-4ed1-9f58-18993736d14f
1ccb2248-4421-0116-0ee9-fd73e4e417c5,761de1ba-dd6f-4ed1-9f58-18993736d14f
0410927a-072d-33b1-74c4-dd5032292e42,761de1ba-dd6f-4ed1-9f58-18993736d14f
25d58232-ea00-db4e-b0f6-df9dece7e709,761de1ba-dd6f-4ed1-9f58-18993736d14f
4bd44b08-7101-d7f8-be33-9c95af3b8b57,40250626-8b4a-468f-a44e-d27133d64115
4e752e13-984c-62b6-5eed-f838f130bf83,40250626-8b4a-468f-a44e-d27133d64115
1c602154-98c5-004b-da63-4ad0eb13e5b7,6346d3d3-d090-410d-8d27-bd5d011be2a9
b4ef4e4f-b1a7-9c08-612b-e3f927031f3a,0c051def-a922-4ec6-a35d-1f38d12ed145
9a64d169-dde6-e437-3143-2004046ec376,1493e469-5ca4-4a9d-8871-aa7b076a0d05
9b6070ce-5fb6-2a82-06d5-31fc6dc3b1d0,05d87094-f99f-44b1-9deb-e5e8f8462bac
1d867ff6-4829-447a-3875-7427352f3ad0,05d87094-f99f-44b1-9deb-e5e8f8462bac
b87e612b-7011-c95b-6982-191ae51f6061,9124fbaa-43fd-49d2-a299-f184b884c992
48dc6b71-625c-aa85-dcb1-8b19b6c2f4a5,9124fbaa-43fd-49d2-a299-f184b884c992
5fb75afb-eb59-71c2-d7aa-7eb6490ac6d9,f1d01ddf-e4ff-4243-b1fa-cbd00e7a3e31
54c68df2-3113-4a3a-16b0-56ff28fbde96,f1d01ddf-e4ff-4243-b1fa-cbd00e7a3e31
7e0b0731-481e-51c0-5c45-aeba4d8638e1,6ac0382a-0618-4f53-ad8d-362db646b0e5
4a7047e8-208a-2f0a-d913-32251fbb49ce,c2ca2059-642b-4769-818f-44c2f8a92448
dd2d78c4-980a-3795-fb95-8c690fbd5bb5,c2ca2059-642b-4769-818f-44c2f8a92448
e9bf2a72-ba0f-deef-855d-5aa613143eff,45fffcaf-7b35-4156-bca8-42fe67d80717
d4979f7f-e82c-7f04-b4e2-4584cf30c81c,45fffcaf-7b35-4156-bca8-42fe67d80717
9880efb5-a2a2-d9e9-96cd-f93fd99c60bb,c40e5182-8ba6-4bd5-9116-529889e6e5b4
3df6ad8d-62fd-5639-13b6-97e8f4e47d87,776471ab-7595-4774-bfa3-084fbd80cc33
d22fff94-585c-80c1-924a-a5d0f1964588,04d92c89-e780-4d47-b567-813604ea1e87
fe1012b5-b7d7-1fb3-f008-b5eabb642faf,204618cd-9092-4ad3-b938-ba94d78db039
0bbc2150-3d03-c17a-2694-25713d1acc74,cf2dbcb2-814a-4220-8e89-4d846655bb4a
5a478c40-c9e6-ef76-a64c-dd8e95139f40,e0a42b55-49f2-4c02-8d5b-495c190bbebb
36339caf-2acb-c020-9481-fbbdef33de12,87b1aef9-4bb5-4fc4-b9d8-858ac6ec65d4
a9e8edab-828b-d0ba-612e-10ab8852b447,41f0dcbd-3b27-4f24-b350-27d9dec2a472
2e30467a-8ebd-fee9-d660-038dd2626d83,d65fbc36-e799-4357-bffe-8f4357a9c2b0
f3717f3d-837d-ccf0-9a71-42b67570e40a,06bbec06-75fe-4150-9ac7-04642811a5ea
d19d16aa-8b36-70ee-8ee8-3bd903e4ec9f,ed9432db-e254-4f23-98a4-7b61923ff42d
3f4818b9-81d4-747b-02f6-cdc6dcedccca,b080223e-2b16-44fe-8be0-969ef7dc5411
f01fde36-d66a-e5e8-bfda-790d9eb3cce5,21152e8e-69b1-4514-9a21-1a83a6294b39
40df6cc1-6b9b-8024-1dda-0d7a83caf710,9e108637-5075-4504-bad5-431676e7d705
e61a1063-06b1-f0ae-984b-7a809eac1e73,31e35dcd-cd73-434a-9319-828dc3d9fa67
874e33dc-6da5-e3b7-6b90-a7573dc370c2,c6f9b5fa-6731-420c-a16e-f56ebdbcd257
8235618d-9cd7-5762-7db6-8a6277b86639,009a109f-75ce-4ac8-ba85-c294a7249469
ca6e1e9f-e8f6-f3c0-2301-1d63a7287ca2,009a109f-75ce-4ac8-ba85-c294a7249469
c7cbca3d-7769-e926-0b54-8f7054cba451,528c843f-ebcb-456d-80b1-7d15a52264d9
f0151470-460c-11f4-00c3-c43d45bbe2b7,528c843f-ebcb-456d-80b1-7d15a52264d9
f592a90e-0dda-6d32-36bf-be5397a1f195,46eede31-8526-449a-9f54-fac879fb00ee
f7413a0a-c7e2-48ff-7be9-0b185fdc92e4,e73e1be9-c19f-46c5-881d-d7a1e2fe36f6
87fd842d-ef9b-ad99-0ccd-a414f1ca3560,7fdbd6fa-07a1-4ac2-8393-9c19718adbb2
8b200144-2544-2262-28cd-f0cb2d9fe4f3,6201f764-e6b8-4887-94d9-16e90a4d1150
84b4004c-0f9b-c27a-759c-5862540b6203,3da65965-888b-43ed-884c-eaa7b821a5ce
c6f2db00-53ef-6cb7-9d66-e5a3d69aab33,38050dbe-8871-4b62-a296-6a323399ae20
e874c556-e8c4-36e9-3ebd-86d523e3899e,d82eca2b-2213-41da-b21c-cc2f886018a1
f1ecf908-ab38-4932-2b67-1de2d2b150bc,f74cac06-55c2-48f3-b628-4795098faa69
320776d3-db1c-7c4f-0e4c-69c1e5c38742,fda0fd52-9a6d-471b-b556-d1e4e2279594
f3da5b4b-0232-8775-6aa0-3830129e0963,caeef5f8-a349-45e4-8371-7539e318b2c8
dde803f6-c1a4-3a95-ff9f-7dcc6413095c,f37f39e9-6d0f-46cf-9e2c-7fcf4a467a53
e502d369-e317-0a82-a375-f72f98d3f9c5,b71429a6-d4bc-4877-924b-542b23dcc95a
d1b8fcc4-26a6-c64f-c9f1-729e9d9edc20,b71429a6-d4bc-4877-924b-542b23dcc95a
c83693fe-a220-dc3e-85a4-b251afc3729b,43b645d1-e662-4230-a798-a6180ec5d28a
ab37ae9d-989c-91df-9b50-b5a6b01d1766,2ac873be-d857-44ef-b844-d46c1ac1748d
00d494e5-2140-abab-b851-51ab3e29daa5,6889db78-d4d1-46b8-9135-5be642dc83bb
2dd39202-c320-ccaa-2cf9-df07c21a4720,700a7a27-6f41-4651-baa9-1647aa8da42f
8cd815f3-4e5e-985d-0519-acb32cb57ebd,700a7a27-6f41-4651-baa9-1647aa8da42f
f3519075-8eb9-3ef3-ef34-d5fc3cb1ff99,8b42ed37-61b2-4294-927a-82cda10c827d
d2c8cdfd-3cae-1759-a7f2-029778b13208,7e3ff5f1-d6ba-4d4d-ab35-bc3773c75556
fe130b48-3b96-3057-0382-e813576823b3,b50d8b5c-35f1-4439-b924-577a7491075f
45dcf021-a04b-ece1-42f1-b4b45e720c09,74de537d-6acd-46f5-be36-26e53a38c176
ddb309aa-9c16-0d76-ef28-b29c7ccb823d,6776bc14-b154-4898-8179-30dfa413899c
2eaa7f6a-3999-c449-5bfe-00c21043b770,e3840003-9553-4083-a90a-08c55359afe0
80fae1ab-fb77-7ebd-e47c-da3bc7227267,e3840003-9553-4083-a90a-08c55359afe0
044de907-937a-b931-f096-d9502b28c710,8d52f311-6024-47c4-838f-2d1775ed7aa3
e90d77de-d77f-393a-dab8-bda606300d4c,a6700154-1861-4f75-a826-648c9445c002
afb1fced-f1a9-032a-7c2e-d72ca4a6c378,35d3b4ea-1fea-477c-9ad0-682f6904a0ad
2a308172-d39f-7b7f-465f-faac8ec78d64,4f34cb44-2441-4e1a-bdda-f21b99b5cf1c
2e67f224-3b39-d478-f45e-e793f47f13b8,4f34cb44-2441-4e1a-bdda-f21b99b5cf1c
a2bffa3e-953d-0096-2636-a38321387346,27026f4a-9747-4a72-911e-de4dcb56c0cb
d3ef9b67-5a00-c7a0-ca43-44010f267b92,d610a9e0-1bb3-4fb7-a3bc-095d6fcce85d
9a3296c0-b061-ed40-3945-00cd12c0a47b,508267a5-46af-4201-bb8d-d0bdc040daac
151b8bb6-8eea-b6c9-b125-3275554d9b5b,e35bc0bc-59a9-42b0-add3-505a9fcff5d2
0d7c8fd0-2931-7a51-20f6-11254a238879,e35bc0bc-59a9-42b0-add3-505a9fcff5d2
0eee9d5d-de19-c634-e894-022adc8b1838,bf8716e1-6c49-48e1-8d22-c15e3fb0d56e
afba8d3e-fc30-a1b4-f1e3-504d4a698b35,bf8716e1-6c49-48e1-8d22-c15e3fb0d56e
3d1f8ae8-7f34-eeea-d4e0-72e14219db44,a637d8dd-a962-41a7-8176-5beb3bc8e8ff
793e32cf-d83a-fba8-3b38-e6fcc572da9b,a637d8dd-a962-41a7-8176-5beb3bc8e8ff
9f688e44-b8e3-1cde-57e9-1dd7367a71eb,ec15aa89-fbc3-4c20-b0f8-58afc1b99111
045b9611-d046-8346-4ad6-2e975ea84edd,e770675d-7a25-457f-846d-19865a696553
af9b0fbb-76f8-b6a0-0f86-453c03dc5c73,43265288-ce4b-4814-a26c-02f76f305945
9cc2a86c-6f94-4f7e-0185-460ddac6634e,5ae981a8-3667-4ac4-9394-56a32c08eae5
a15760fa-3a7c-bbd9-ce98-46caf2756dba,c1af38fc-1960-4b22-88a9-cc960d123603
de559e81-74c7-1b72-50a1-2fd89b07d6a6,16106190-f52e-4f4c-b3c3-58e394e413ea
1332c969-0300-237b-99cb-4ebac8eb8dbf,cc601ca8-3e6c-4b96-ac24-6d688976ef71
f8fe656a-d2b2-5db7-13cd-d8c983ac12ad,961be722-60d7-4e38-92b6-9a6f873037a6
8791a0db-431a-b884-4577-5d8b0fd2e3cc,0e5eade5-8c34-454f-80c5-54dcb369cf14
27eec815-2469-6811-5ef4-27301b5f5f7c,5ddc506c-d7b9-4001-ba49-830b30e9656d
b386e851-16b9-2d06-c25a-2ae50128408a,5ddc506c-d7b9-4001-ba49-830b30e9656d
c03d727b-930d-6abe-8db0-0ddbd8f2ebcc,5ddc506c-d7b9-4001-ba49-830b30e9656d
848d1d2f-8a8c-07c4-ab16-89dd7aa4d2b4,5ddc506c-d7b9-4001-ba49-830b30e9656d
79e1c2d2-68c0-380a-7a1d-a033ce53cf23,3008354a-4bdb-4f6c-ad42-61f017a85e53
55686306-c3d5-06b4-9a6e-6dbce10a1f25,3008354a-4bdb-4f6c-ad42-61f017a85e53
10ce32a2-7a9d-5d7b-3872-5e69da086d3f,1bc9a241-cea5-4f37-8277-38a7ff9646b2
79eba391-b58f-ff49-c6cc-7be23a120143,f83842d8-00be-4524-b261-e1b02a3753a9
e4d24c5b-0f16-7e12-b33c-5b8d71a6322d,ad5e5320-8275-4abf-ba05-5e1f89b48f88
2f76c4f6-5403-5853-6148-d48f54144d45,764d90da-cd18-4853-bd3f-40661362c1d1
b3d5e3aa-d29c-d3bc-7d90-12bbeda3b8b3,764d90da-cd18-4853-bd3f-40661362c1d1
4fa10f91-aad6-7b03-d0fd-2ee2ae6a3d21,764d90da-cd18-4853-bd3f-40661362c1d1
f42ab911-0011-fbab-d5d1-b96cb0a6fd4c,764d90da-cd18-4853-bd3f-40661362c1d1
060332de-fedb-3f00-1dc1-71c5a14af915,a4904fc6-bfda-41ba-b2de-1aa03cafa3e3
df31af5b-8839-c3d5-2d71-51fe9ca89f07,6bc6e3d1-2b2e-4cda-b1d2-ec2304d89500
10ef57d3-15ad-856f-8273-c6f3937353c7,93b15b9c-248e-4814-91ba-280313475336
5b7c291c-433f-9a26-0177-634c563936e9,93b15b9c-248e-4814-91ba-280313475336
6a419367-ffc9-a5c9-d1ce-eaec5ee1174b,a4904fc6-bfda-41ba-b2de-1aa03cafa3e3
16d57366-718e-28b6-ece0-bfd8f540c97f,154bca04-43d2-4836-8710-d6d8dfc746c8
4551b97f-d0ae-5473-d735-5bdaad75d5c4,154bca04-43d2-4836-8710-d6d8dfc746c8
c64d043a-6aa4-3ceb-afd7-d37eb42f300b,1493e469-5ca4-4a9d-8871-aa7b076a0d05
8ceaf3cb-22f4-6e0f-0535-7d33ee237023,7ab52b85-a81d-4f77-964b-fb01935c8766
9c3703a6-7a72-6499-9dd9-6e884e6c179e,31a53544-034e-40da-8c53-c23e9af0c318
e192dc0d-d644-edfe-d7bb-f94bb4827742,31a53544-034e-40da-8c53-c23e9af0c318
c569a16c-7a87-45f6-3f0f-548b0d7eb3d9,31a53544-034e-40da-8c53-c23e9af0c318
163b11cd-3792-7366-a652-5e2d41c3e8eb,e20e0ae1-77f0-4aba-8039-76e93fb50021
3838bba9-bc12-89f9-70a3-8991e54efe53,27026f4a-9747-4a72-911e-de4dcb56c0cb
d4a3826b-9cc1-fe0d-076b-52ecb6b89b0d,f200ae4c-088a-40a7-80d8-2edf48520e87
a0463dfa-73b6-0226-8a41-dd45b9ae3dfd,1bc9a241-cea5-4f37-8277-38a7ff9646b2
b55018af-ff46-27f8-d88e-92554b99210d,de126780-d92f-47b1-ad30-82ca4e7d1188
f2f99adc-3ae3-bbf3-4897-1fddf77f2683,ba13b719-0b68-456a-bb09-e98768223036
f423f508-8162-2942-3c4e-367a6e7a0ae3,ba13b719-0b68-456a-bb09-e98768223036
f42a30af-f2d9-e41c-fac2-645e1bd01225,f7d94987-0f4f-4d00-96ea-0fecc010ef18
f501dbec-3770-9f5f-3881-5b556b59b625,3be7ea5b-6bb6-42c2-be14-aca3c1656781
f62a413e-4b6c-66fc-3556-666ea92f71ba,ba13b719-0b68-456a-bb09-e98768223036
f63de267-026d-6ee1-b668-803c0d39f246,df1e0374-015b-408a-b1e4-17553cb7cb6c
f81c6141-1db3-6634-c54f-247c40ec9cbb,df1e0374-015b-408a-b1e4-17553cb7cb6c
fa11effc-2f94-e9fb-6bc3-0ec05417f0b6,aa008501-2048-229c-70a4-3beb7820e672
fa5bfc65-23ea-5a37-b612-ebc937169bf5,aa008501-2048-229c-70a4-3beb7820e672
fbe2a709-fa2d-e738-3ec3-d240355b892a,962c4b78-54f6-4ff5-aa65-7061cf051c40
fd8ae9be-0c41-6cd2-562b-82382d0e4dfe,f7d94987-0f4f-4d00-96ea-0fecc010ef18
013d840f-32cc-154e-5d10-501c20a6f2c4,aa008501-2048-229c-70a4-3beb7820e672
ff809905-0447-7c32-b182-818f02d6dceb,ba13b719-0b68-456a-bb09-e98768223036
ffe71179-b04c-71ab-e379-843b35e87310,aa008501-2048-229c-70a4-3beb7820e672
00761fb8-5f6d-acc2-eae3-dcf823a98736,ba13b719-0b68-456a-bb09-e98768223036
078414c8-ac9d-dc23-45c4-0ff73115c7e0,37ee75ba-fa4c-44bf-a848-d591acf91918
026f4634-66cd-65ac-59ee-5c2ba05ffb48,ba13b719-0b68-456a-bb09-e98768223036
031aea0c-c568-58f1-58ef-9d8dfa79723d,aa008501-2048-229c-70a4-3beb7820e672
04148e17-fe02-03e0-140e-3587d6bea898,ba13b719-0b68-456a-bb09-e98768223036
04ad964d-9e4b-83ad-f0ea-4da353792891,aa008501-2048-229c-70a4-3beb7820e672
04ffc5f2-10dc-4f96-b790-2046d70329f9,aa008501-2048-229c-70a4-3beb7820e672
058194cc-6c47-9474-a9b0-259bce49d3eb,ba13b719-0b68-456a-bb09-e98768223036
06de2519-ad23-0065-85aa-c6db2255559d,aa008501-2048-229c-70a4-3beb7820e672
0a3b892c-14cc-2d9f-9242-b518c8a175d6,039b24af-6b3d-4b76-8fe2-8c2f513f391a
0c50f56f-c6bd-28b3-22be-3e6d704c6e10,aa008501-2048-229c-70a4-3beb7820e672
0d2a402d-f8e6-8f5a-42fb-07cee82bf947,ba13b719-0b68-456a-bb09-e98768223036
0f6c6ed5-1035-3edb-c266-93c65316eb4d,aa008501-2048-229c-70a4-3beb7820e672
110028c3-37d5-3e22-2c89-7966d6af0187,e2eca9de-c716-4018-a1cc-5ab3952b865f
148942c6-1cc1-a3a6-d326-92514dc0bc5a,aa008501-2048-229c-70a4-3beb7820e672
14be22bd-fcee-4eb7-c0e1-1c415a13ac60,ba13b719-0b68-456a-bb09-e98768223036
228a79ff-a649-1eef-a885-deda25e9ac7f,ba13b719-0b68-456a-bb09-e98768223036
15a8a732-7e3c-7030-1158-52d3f1d60de9,ba13b719-0b68-456a-bb09-e98768223036
15af549c-c93e-2e90-5ff0-ba56f1b2c1ce,523b6cd0-9586-46de-9f0f-2d086e0c8959
18eb347d-bc59-dba2-a166-7788bbcc416e,d56e6eae-6d8a-4a1c-b021-01923c620b02
19d5edc1-feb9-c768-6c64-3e50669f146a,3be7ea5b-6bb6-42c2-be14-aca3c1656781
1b0e369b-7487-2084-e1fe-d8ceab4247dc,aa008501-2048-229c-70a4-3beb7820e672
1bb99128-63fa-81d1-1e00-63ff835bd3b0,aa008501-2048-229c-70a4-3beb7820e672
1e0f2253-f28f-a628-cbff-92c6f629fa2e,ba13b719-0b68-456a-bb09-e98768223036
1e3a6ac3-0d7f-0ec3-4b47-0cf8ab63d1ed,3be7ea5b-6bb6-42c2-be14-aca3c1656781
20975864-5a77-32dd-1638-04a466dbb0bc,ba13b719-0b68-456a-bb09-e98768223036
22fef846-7f0f-95a9-ef97-63b519bac6fe,9fc75212-fbd7-4bf7-b909-c681a459494e
2307aaa2-5a57-d734-90d2-799b9cd029eb,df1e0374-015b-408a-b1e4-17553cb7cb6c
27e9fcd3-109c-0b5a-323d-420b21820f91,3be7ea5b-6bb6-42c2-be14-aca3c1656781
29f18c6c-4198-d61b-9ecc-292e730aafd9,df1e0374-015b-408a-b1e4-17553cb7cb6c
2d48dfa2-8fe1-68bc-2b4e-bc6323ac90ac,f7d94987-0f4f-4d00-96ea-0fecc010ef18
301ebd0a-0dbc-3076-e384-701e91d88b5c,ba13b719-0b68-456a-bb09-e98768223036
30f5105d-1d2d-90b8-84ca-84378dfa9306,aa008501-2048-229c-70a4-3beb7820e672
32244be1-0e14-8911-cc02-6a1b6cdf325b,48be3940-657b-4724-a139-2c12418012dd
33072bba-7040-b7ce-146c-6498a8a5adc1,ba13b719-0b68-456a-bb09-e98768223036
34504bd4-9dd6-df3c-11f6-d1cd4c2866fe,ba13b719-0b68-456a-bb09-e98768223036
34fda166-e015-83d9-2950-4e3b8518111d,ba13b719-0b68-456a-bb09-e98768223036
37525a54-3f41-00eb-4e8d-bea01179a383,aa008501-2048-229c-70a4-3beb7820e672
376e93d9-500f-f3c5-e4d8-65fc4e1be790,ba13b719-0b68-456a-bb09-e98768223036
38282de3-ae32-63b5-97f9-668544bd201e,df1e0374-015b-408a-b1e4-17553cb7cb6c
382cf9c5-6541-cdf8-3d19-2a54c958754f,039b24af-6b3d-4b76-8fe2-8c2f513f391a
4249f640-b204-bd1c-3cf9-85efe0979295,48be3940-657b-4724-a139-2c12418012dd
426f44a3-1780-f52f-a32b-a88bfdcfadde,aa008501-2048-229c-70a4-3beb7820e672
427ab407-3c10-5ac7-ab7b-70123479d819,5139109f-d2c2-417d-983a-d0ba8d0abd9e
51c5b293-586e-4d83-d477-2a62b52cae2e,aa008501-2048-229c-70a4-3beb7820e672
46c6aa9a-d3eb-7cd7-d6f5-8a4451b480e2,aa008501-2048-229c-70a4-3beb7820e672
49d72ecf-355a-5ece-fdab-3f6368fdc2b9,aa008501-2048-229c-70a4-3beb7820e672
4dbf582d-b84a-3877-87e5-7e921813692b,3be7ea5b-6bb6-42c2-be14-aca3c1656781
4e60e5db-aad1-29d1-c591-1ea502177c99,ba13b719-0b68-456a-bb09-e98768223036
4fcf164e-67d5-db94-bf4f-b83dccc9b39b,aa008501-2048-229c-70a4-3beb7820e672
a35161c7-17e8-f92f-26b4-82faecc808dc,ba13b719-0b68-456a-bb09-e98768223036
a4a5d3ac-e2b8-efb9-d612-fd95f59ff14f,aa008501-2048-229c-70a4-3beb7820e672
a516d048-00dc-4b10-8fd0-3928ac32a6ec,ba13b719-0b68-456a-bb09-e98768223036
a63b4aab-0933-8405-0d88-634601637a26,aa008501-2048-229c-70a4-3beb7820e672
a77513b9-05a7-a193-1ab3-b7fa708d2c56,ba13b719-0b68-456a-bb09-e98768223036
92be00cf-34df-20b3-d66c-f294bed0d112,aa008501-2048-229c-70a4-3beb7820e672
ae80b1d0-e848-913e-dd57-9e2980b8e093,df1e0374-015b-408a-b1e4-17553cb7cb6c
af5769fb-c296-598b-8a42-bb80e2480915,d56e6eae-6d8a-4a1c-b021-01923c620b02
b44b3eb9-f00d-43a2-e62d-e5331e045e6a,e2eca9de-c716-4018-a1cc-5ab3952b865f
b97737ed-47d7-a56e-d24e-7092eb7bbcc3,aa008501-2048-229c-70a4-3beb7820e672
b9a98552-287a-0f69-4057-10b0871da2d6,bd6a5e81-5f06-43d3-b4b5-bf5996d98ad3
ba4a9a7f-2c22-5a7f-d194-1797fa939d56,ba13b719-0b68-456a-bb09-e98768223036
baa40f62-6d2e-cf47-a2d6-ee4c003e4b71,df1e0374-015b-408a-b1e4-17553cb7cb6c
bb8a5652-5daf-17d8-8c9a-466a2939f890,aa008501-2048-229c-70a4-3beb7820e672
bba34f12-e513-e4ce-3305-90c51d1b06b0,df1e0374-015b-408a-b1e4-17553cb7cb6c
bc10ed89-9b1b-0a1f-6a5b-ceada04a2fac,ba13b719-0b68-456a-bb09-e98768223036
bcb989d0-2ef9-a42e-b713-2b747a2b425c,f56b8d40-f670-4d61-9bee-c8bc7b3fb214
be3c72cc-c340-ab9a-159e-aee854984540,ba13b719-0b68-456a-bb09-e98768223036
c0ecdb51-4886-e936-75fe-56703bd4711b,814c48ca-79cb-43e8-81af-ce00bc05bf93
c163e769-fb16-370e-aa4c-9da30d1561dd,df1e0374-015b-408a-b1e4-17553cb7cb6c
ca009b14-da2b-c9c9-27d8-15184d2f128a,aa008501-2048-229c-70a4-3beb7820e672
c895e738-52a1-fbda-51be-e69ef0692cab,ba13b719-0b68-456a-bb09-e98768223036
c9c121f2-b4ec-53cb-5ec1-495b7307c3cc,3be7ea5b-6bb6-42c2-be14-aca3c1656781
ca5f8075-4e30-3ae5-c4b3-68bf30d419f3,ba13b719-0b68-456a-bb09-e98768223036
cb2ce20a-14f9-95c3-c7a1-9438af3b015d,df1e0374-015b-408a-b1e4-17553cb7cb6c
cb9d1d46-75d4-8a97-b5b6-cfae3803b77e,aa008501-2048-229c-70a4-3beb7820e672
cc46d9c8-39bb-6a09-66f3-5b176c99c955,48be3940-657b-4724-a139-2c12418012dd
cce446c2-4b80-5db5-7f27-392ac49d96a0,f8524824-049b-4462-b0f8-df5324e95ed8
cd577e89-8879-9bf1-714d-9181e1a1549b,3be7ea5b-6bb6-42c2-be14-aca3c1656781
d185c31d-1396-6f3b-8c65-20530284addf,aa008501-2048-229c-70a4-3beb7820e672
d3c03baf-5b23-e687-00fc-e4901715af80,f8524824-049b-4462-b0f8-df5324e95ed8
d4c98143-1330-7b94-8441-39e85baf7b3b,aa008501-2048-229c-70a4-3beb7820e672
db33d8cf-d626-9f29-7ddc-89c8a2c336f3,aa008501-2048-229c-70a4-3beb7820e672
dbab8648-7bf1-2ebc-75ae-728e2ae5c4b3,aa008501-2048-229c-70a4-3beb7820e672
dc49b902-9e16-2a54-2656-2477fd90915a,f8524824-049b-4462-b0f8-df5324e95ed8
dd67846a-b560-5d6a-01e9-6c64be21be8a,aa008501-2048-229c-70a4-3beb7820e672
e27c44cf-27de-4559-17e8-820d96dc6741,ba13b719-0b68-456a-bb09-e98768223036
e4f4e676-f88d-bc10-4f56-59be76a390a9,ba13b719-0b68-456a-bb09-e98768223036
e605767a-be0a-63cc-e15f-01458b4db031,ba13b719-0b68-456a-bb09-e98768223036
e6d397d8-1f87-2399-8a4d-ec453ded033e,aa008501-2048-229c-70a4-3beb7820e672
e70d8974-3665-46cc-3f42-1b49e0f5830f,bd6a5e81-5f06-43d3-b4b5-bf5996d98ad3
e73b20fb-620a-72fe-bb5b-7a753611621c,aa008501-2048-229c-70a4-3beb7820e672
e7df41a1-3dcb-a187-0dfe-ae7c59d487a1,ba13b719-0b68-456a-bb09-e98768223036
57aff34d-45bd-5c97-2544-135161aec995,e2eca9de-c716-4018-a1cc-5ab3952b865f
e8f45621-2b6b-9354-0ec5-18bc5de4e7a6,37ee75ba-fa4c-44bf-a848-d591acf91918
ea8809b5-e020-4849-3636-d5071bd3e0b0,df1e0374-015b-408a-b1e4-17553cb7cb6c
ebbf3b32-04cf-a6ef-434a-2f20a77723b2,aa008501-2048-229c-70a4-3beb7820e672
ec3dde3e-5e3e-1e31-308a-8ad1dc197418,aa008501-2048-229c-70a4-3beb7820e672
eca30405-e9ec-e940-1828-c2ea4a4edad3,ba13b719-0b68-456a-bb09-e98768223036
ed8a84d8-6d9e-857b-bc7d-a590fb692bef,aa008501-2048-229c-70a4-3beb7820e672
edbf66cc-62e3-f776-405a-5263fb75f3ce,aa008501-2048-229c-70a4-3beb7820e672
eef919d9-7c83-b06e-c8e0-af0a916415c7,df1e0374-015b-408a-b1e4-17553cb7cb6c
f06156d2-2d14-4db6-436d-e9cb68537a83,039b24af-6b3d-4b76-8fe2-8c2f513f391a
f07d22a3-4f36-2feb-5647-3e255a86c6a7,ba13b719-0b68-456a-bb09-e98768223036
f13fa23f-0972-b1e7-b19e-c6253ccdc0ab,f8524824-049b-4462-b0f8-df5324e95ed8
598e684a-bd8b-a072-1d4c-fe72b2127072,df1e0374-015b-408a-b1e4-17553cb7cb6c
5bea0c5c-d784-86f3-ef85-38ee97abd768,aa008501-2048-229c-70a4-3beb7820e672
5c2f763a-c43c-f6bd-ee66-c4f45929778e,aa008501-2048-229c-70a4-3beb7820e672
634ee232-faaf-a82d-c344-1d98e0b0a8bc,aa008501-2048-229c-70a4-3beb7820e672
6419eb36-72d5-b8ea-0d40-d477db272220,a8b2e7f3-1b8f-1682-0618-dd014b10ca8c
66c62e53-f5a0-a02d-4859-f5d546b0beeb,962c4b78-54f6-4ff5-aa65-7061cf051c40
67e28e26-2808-09ec-461d-d0e7cf7b7e73,ba13b719-0b68-456a-bb09-e98768223036
6a5e946e-6e32-8f70-e4b4-63a64a60c756,aa008501-2048-229c-70a4-3beb7820e672
71acd1da-87c2-9342-6d7e-b1641dec41e3,3be7ea5b-6bb6-42c2-be14-aca3c1656781
a56cd3b9-6376-913d-6650-df2d9af4b8f5,aa008501-2048-229c-70a4-3beb7820e672
86bdb187-9ae1-5277-f4e8-905fd1be3af6,aa008501-2048-229c-70a4-3beb7820e672
7470dd36-d9df-a578-fc9b-24493ea7ab70,ba13b719-0b68-456a-bb09-e98768223036
7b0a270d-138b-9542-8b57-4d7c5a9e6e6a,ba13b719-0b68-456a-bb09-e98768223036
7baecbea-b71a-5aab-4d21-b0e4bc467dd0,f7d94987-0f4f-4d00-96ea-0fecc010ef18
7bde50a0-6e27-40af-78c9-0dbb49f11d3e,aa008501-2048-229c-70a4-3beb7820e672
7e87102d-e454-7bf9-77fe-6702b69c3b84,aa008501-2048-229c-70a4-3beb7820e672
958018cb-e6aa-918e-99d4-0194abfaec2a,aa008501-2048-229c-70a4-3beb7820e672
82ed4354-2960-35f3-d63a-db803b6001c7,df1e0374-015b-408a-b1e4-17553cb7cb6c
83a58446-486c-a455-82f8-4dad2c701e01,3be7ea5b-6bb6-42c2-be14-aca3c1656781
84fd4b20-b8d2-e7af-4b30-1002c0f9b9f1,962c4b78-54f6-4ff5-aa65-7061cf051c40
87281fc0-4479-76dc-de40-8185ce243255,ba13b719-0b68-456a-bb09-e98768223036
8918f4c9-7c15-cda0-5ca6-2d4b3a2fbcc0,ba13b719-0b68-456a-bb09-e98768223036
8a3656e3-ee16-8b43-8559-72ec4a001ce6,ba13b719-0b68-456a-bb09-e98768223036
8ab80b8c-3e09-34ff-b4b6-af1a46405be7,ba13b719-0b68-456a-bb09-e98768223036
8b0aa82a-aa37-e92a-5589-8d41911deb6a,ba13b719-0b68-456a-bb09-e98768223036
8beddedd-415d-eaff-3d27-503c7b73c824,aa008501-2048-229c-70a4-3beb7820e672
8d51b934-2956-425e-2364-9024a8748df5,bd6a5e81-5f06-43d3-b4b5-bf5996d98ad3
8f1def73-558f-dd01-a743-601f0e3ef8b5,f7d94987-0f4f-4d00-96ea-0fecc010ef18
8fa18784-3376-49c2-0069-cb6e8c8ef10d,9fc75212-fbd7-4bf7-b909-c681a459494e
8fe591a0-f26c-0a23-73b3-5da6082f0439,ba13b719-0b68-456a-bb09-e98768223036
90f1cc83-8d9b-c75b-b024-1863e718f776,aa008501-2048-229c-70a4-3beb7820e672
93c59e98-8f85-1c88-6813-46a31ec8e093,ba13b719-0b68-456a-bb09-e98768223036
94363eb4-843c-f5bd-7162-12185d6c99ea,aa008501-2048-229c-70a4-3beb7820e672
94c9f204-d02f-6f87-255c-31e6b4eb5277,48be3940-657b-4724-a139-2c12418012dd
95f6b831-ac78-759c-04c2-1d34308cc231,ba13b719-0b68-456a-bb09-e98768223036
96c93d9e-ff76-dffb-9ec4-e48773656725,bd6a5e81-5f06-43d3-b4b5-bf5996d98ad3
974f4cc9-6585-d4bd-a674-da465d0210a9,ba13b719-0b68-456a-bb09-e98768223036
9a279361-ce63-4ff6-6ebd-27e82d47a9d0,ba13b719-0b68-456a-bb09-e98768223036
9d11d8b4-320e-86c3-6ebf-72102ac55686,847d54a8-ac3e-4932-938a-abc3846b6422
9fb02e6b-e7f0-5b68-b31f-e4c96ef4e2cc,ba13b719-0b68-456a-bb09-e98768223036
a02ff234-f11f-ac03-2f5c-71c4a83ab650,df1e0374-015b-408a-b1e4-17553cb7cb6c
a1527a63-090a-69fc-54cf-4fb1e76aa496,3be7ea5b-6bb6-42c2-be14-aca3c1656781
53d9ce36-84f8-34df-a456-caa6923f3dde,aa008501-2048-229c-70a4-3beb7820e672
fb4986db-65c4-2db5-f852-b5a9c26a65bf,df1e0374-015b-408a-b1e4-17553cb7cb6c
4d0b2741-b141-80f8-6f6e-e69ee750130b,ba13b719-0b68-456a-bb09-e98768223036
b2e1b9b6-699a-db31-b962-285f7d17cee6,ba13b719-0b68-456a-bb09-e98768223036
56a72d52-99c0-4ecf-bce1-6036bcc74cf7,aa008501-2048-229c-70a4-3beb7820e672
cdf8ca35-ede9-4ed4-0f7b-d34ee59efcb9,ba13b719-0b68-456a-bb09-e98768223036
7ab95728-c08b-1f25-fa10-d6dcb7615847,e2eca9de-c716-4018-a1cc-5ab3952b865f
5ab81280-ac9d-6e21-58e4-23077830b249,ba13b719-0b68-456a-bb09-e98768223036
5cf065a2-120d-3d73-2e97-e409e1e06db8,df1e0374-015b-408a-b1e4-17553cb7cb6c
5d165d71-4608-ca86-cdd4-bf4e63b88f11,ba13b719-0b68-456a-bb09-e98768223036
69b03488-cdf5-1441-6729-1620640f175a,48be3940-657b-4724-a139-2c12418012dd
65fc8987-946e-66d5-03c8-0ad016c7b096,48be3940-657b-4724-a139-2c12418012dd
684432c2-2592-c79b-53e2-39995f2ff22b,ba13b719-0b68-456a-bb09-e98768223036
768c7bd7-a2b3-83b3-f7b1-bbcdc7f218d6,aa008501-2048-229c-70a4-3beb7820e672
7b5a668e-2136-d92f-aaad-684863affba3,aa008501-2048-229c-70a4-3beb7820e672
8e7c9aae-f1c8-e4e3-7b36-3ddbbe144bfd,aa008501-2048-229c-70a4-3beb7820e672
5f13e839-508e-b272-b267-abfeaf27086e,bd6a5e81-5f06-43d3-b4b5-bf5996d98ad3
92a246f8-c987-f00f-e5b5-b314fb5516dd,aa008501-2048-229c-70a4-3beb7820e672
e7423198-b38d-e9d1-6336-9d94130e3156,ad5e5320-8275-4abf-ba05-5e1f89b48f88
7c7fa38b-7168-de3a-70d4-fbfcf8f7de2e,ba13b719-0b68-456a-bb09-e98768223036
818e9427-1422-ac2c-eb23-cd75b2a2a6d6,ba13b719-0b68-456a-bb09-e98768223036
a51d076a-5a58-0479-a381-43e3e119ced7,9c6a69c8-04cf-4e3e-8959-33162cae982c
