pkid,fkroutegroup,selectionorder
730f5537-e987-a6b7-dd3a-17118ad31d90,002605bc-833d-2162-9072-586643b9d88c,1
93b088d7-de29-33ef-1ea7-5591ad747cbd,bd23bd7b-57fe-8102-92ca-5c8f34419e27,1
65257996-16d1-3e1d-dac9-dc4caba88ba5,26888555-8b22-4ce4-330a-d7b7823cb381,1
48625db7-9854-cd17-3b85-ca1241bc5182,3e67fad9-fbbf-5d63-33dc-c574ca3a8088,1
c9f16946-8f35-47ac-b250-90da6261e154,54bda592-7f9b-9f50-3030-5cf0bb0f36d1,1
3a6e5616-df9a-596d-e9d5-38654dc6532c,e4d3100d-4021-b411-5292-d520ae6ee171,1
3a9ab642-612c-035e-6a0f-f929a22f296d,7bd882b9-f0f7-e3c2-2141-5bf8bc282d83,1
3bc8edf2-34a0-6caa-7ef8-43636f3afe46,34c1c803-3144-ecfb-b680-63c13732e3d3,1
3e03d94f-a2a4-fa69-fea9-199d53d2ec30,4a957769-c793-e582-f67e-ab1a5073ead6,1
3ee6e501-6915-6c1b-d778-87b1371843d4,feb0b45a-c308-dd80-de83-cee43f74e7f5,1
3efb5e9a-90dd-7172-be26-33c20c1930fd,aada146d-987f-2565-ee95-9c65590d2dd9,1
3eff1730-5da0-681f-cb7b-734ea5bdf044,0fb73854-b0b8-43b2-d9d9-30eae4ce6a23,1
40d76225-55f7-1ab7-f83c-fe140883010e,5e3b3eea-700f-d0cd-adf8-7e55eb90a112,1
422e0aa1-a53c-6d6b-db9b-519a87f3e54e,f5f96a81-5ce0-1485-77f7-f4f096c9a86a,1
4261955f-0c0d-f4ab-e2ac-b5cf56f564d7,050e5b92-0371-870a-8e60-fe1151fce571,1
45588775-e9e5-6e42-1b8b-b2647823b46e,c71a4252-8dce-8d66-fe39-612f26357c09,1
4589b980-1555-f45e-d42e-6c8549f9714d,034c8cb0-0fce-2299-b280-ef81f8f8c114,1
45903701-d6f6-4b4c-b0d0-eb7f92d36e65,18452aff-e760-a45a-a68c-839241ad60c9,1
45e65813-a9ad-d5af-eecc-15c09be449d5,023b28ef-56b7-2aa3-cc4c-9cc6ace9cd3b,1
462ad6e2-d6d9-a29b-e7b9-3e3ffac95e7f,1cd2e0ea-9a4c-f337-7b43-e9eef2b63ae4,1
4874cf20-7210-9a85-99ce-37ac05b8b126,22a548d7-3772-eeba-7d6f-e1c6d77708c5,1
48871c6c-e34a-39f4-0d86-dbc9485f971e,f93948e0-4d14-ad13-53e6-ef740deeb936,1
4994bc38-ca58-e807-a5b2-ab00ad078f0d,bb6fb9a1-ee09-e325-1919-6d1dbf9d1145,1
4aa6a574-c18f-4ba4-2696-d811296a628e,b7727727-4a4a-f3a4-b2af-37086784319c,1
4abd078f-86e8-c50c-a018-8dfeeacaff0d,cb42cfb1-5b6d-e524-7404-1528bf3bda77,1
4c2160da-5ffe-0ab6-df46-a3d8ea892eb0,57e1ba7d-47e1-9a5e-f42a-de3f9a334017,1
4f982f4e-0b89-a386-500f-5fd8f96115c3,cd660716-c7c9-9a93-c0ad-9117ac03e4cb,1
50375fbd-8cf0-c7df-b953-c3c72675d32f,45e1d1d5-fa83-fd62-6e67-7d45e0e973b9,1
51f45bf1-d2d3-c34f-dee1-39cee201cafc,41152d19-fdc6-6451-745e-b8a2e77b2b51,1
531a631d-b6e0-1bc3-0882-fb4e47f1367a,4eb31722-e48c-106f-3446-c872770f3359,1
536e7a68-753a-46da-3b2d-4600abaa06a7,8c44a591-ca1e-8ace-d0ec-ca7534d3995f,1
53cfcbc7-44aa-d8e4-61d5-78bafbf24c36,86588747-60d5-85d9-44f0-aca532e59a9e,1
53d27a96-e940-0225-99e9-fb756ec6a930,5db81383-8957-b03b-8e19-de51f4e24f91,1
5442bfbc-68e8-c23e-710e-53b481e3fd2a,3c3f85b3-884e-ea0c-23e1-030880525a7a,1
54b5f382-354d-633c-f9b8-c8fff1eba905,23e68970-3c55-b03e-be5f-927da6dfb662,1
55380859-547f-e14f-798c-751b1490cfb1,20d9667f-efc8-8859-14e7-48b38bfcb11d,1
b3a59b33-d62e-40dc-b69d-d7d8d8eabe78,6cba56d8-a43a-1165-da74-7a80b7c6c46c,1
56c54acf-eb20-3168-1e14-e9aa923d7878,a639079b-8056-547f-df6d-11addd6f78f2,1
57f27515-3317-61c5-f527-9fce636e35d7,4b80c365-d7b1-7026-796e-a8fad77f12b7,1
583c2936-1d0f-44ae-f520-a5acd5e4f119,b1f1e996-e3eb-266e-9d30-780c8f201607,1
59e6f25f-b526-d141-f992-c3e87e3a9d53,2bfa41da-70e2-39b4-2004-6413d6cff526,1
5b740308-a7c8-074a-21a1-69f7047c9b30,ee1c70b9-7c47-bb3f-8eaf-c3c11a2d2c0d,1
5d734948-4082-31c8-10d1-7a97574b06c1,d449a41a-b3cb-3fe5-1d64-63c45de9d79c,1
5d8e16f3-4944-a819-1384-7270706d68fa,53513c56-78ad-fa80-0bb1-e762e5b96c75,1
5dbebce3-d787-4251-8a7a-3a56dd85904d,cceb3991-dbe4-a307-c357-96b187646607,1
5e30c0f4-4966-ada5-5ed1-43807c22a7e1,76aec935-8128-230a-695c-d931144eeed8,1
5eaa9183-b829-9317-5658-edf7ee574aa1,34a0226c-e395-732f-b299-73dc68eb300c,1
5efc3c54-f1d2-31fd-ab8e-f9c1f760225b,97d801dd-0d40-2a36-5d2b-4be03a046267,1
5fb90675-3fd6-dc50-c9f3-eecad5f32b1e,9af758ab-5eef-e7e7-b831-1ac33b13ad13,1
5fd84ffd-4c8f-4dcb-b262-e3336c09b195,e4620a85-96bf-45e7-a260-d62ca9856fda,1
601bea4c-da40-1884-d6b1-adb0a7ef6bed,74f1fe22-728e-3144-7dce-5f8a09b2c4d7,1
6042758f-160a-f991-ff69-87b77f8eb571,3e931cd2-4142-f460-5973-5488e1bad819,1
6130af4c-4627-1406-a272-dab3a17c8285,bdb92007-5f68-77e5-4aa4-21c6e9fbac31,1
61dbd5b0-57dc-0412-5bcb-eceb36b1cd80,830e7ac1-4a27-cfa5-10cb-77f127baa20c,1
660777da-7f15-fdb4-e097-ee0006fa324c,57f617c9-70dc-3f31-5b52-96a679834145,1
673cebdd-9363-2d98-b513-45365cb4cb48,7058337f-5ccf-4e80-cc47-79ce882f7c45,1
1981f7fc-19e6-4951-b09c-330b1ea7e0c6,d0efbe2c-d361-e949-376b-3b9b0de588cd,1
685f6145-7655-a549-418b-fdc94394d108,1298bacd-a742-ee9d-eaf0-493f90d1dfc9,1
687d8347-2621-ebc6-3148-1058930a3365,c57345d0-eee1-ffda-56d0-53ff461140d5,1
6a8f6c51-90aa-2933-d835-5206650d0fb6,a203f127-45b6-2cd1-d133-028a82beee20,1
6b001503-afb3-cfd2-cf7b-58a0643f9cf7,954739e5-c4e2-c476-eaa3-614848dea503,1
6be9cb00-afc3-c4c4-0365-0eda3f47667b,ecacf02c-e24b-aa71-6526-3eadeac177d1,1
6c444cbc-3a0b-a6e7-c216-ebcb9374d3f4,fd161b2e-1db3-45bd-56f2-9a6777f71ecf,1
6c454882-44a9-ba95-7d4f-99bd01fe0663,307b41a7-7e9c-28ee-17fd-6a081304fe56,1
7ad7f49f-33a5-8b0d-b343-6b9c2ecf76f0,08e075b5-8b84-8e74-e2ab-f01367f22810,1
7b30c3f2-0d15-25f1-23c4-ce3abf9a8a81,b6219acd-1a5c-e4bb-4265-8bce7ba24f21,1
7bc58970-6915-1ab7-cb02-35ed43572d14,46868c00-92d6-3257-fb7a-23c356dd0c36,1
7cd2b7e0-ee21-ae29-a180-890e84f00fec,111e384f-0f54-9ab3-00a8-a43233f6c762,1
7d7b7f12-a4ee-acb0-5986-71cde78b8889,ed911580-9b69-8eab-01c8-607eb45bd547,1
7e01b022-4c35-924a-56c2-e1789f8c4514,9f170f63-90b3-e9c6-5ae5-0f1cc8399a77,1
7e392a56-778e-7106-966e-4b2251e83a2f,1799e418-0b4d-8e6c-83b8-4fa71b267128,2
7f078b19-4e7b-28c0-8da5-5c4c3f972d7b,cf8d5a9b-65ce-6e81-fbb2-6480cb1565bb,1
80f4a0ea-97d1-33d5-06ff-aacba24d075c,3674a651-9fcc-4be6-7837-1caa427f9a03,1
810c42a3-b027-80c5-4a9c-6ebb6c98d464,c186a669-17cb-5ffc-0758-360918cd87b1,1
81355b4d-e7a5-e894-3be9-da19b352e2a9,c7bb6e1d-a9af-a11f-8efd-07572de6f014,1
821c070d-cee1-1e8e-b7c6-bd0e958ab377,ebf22ea9-1675-2510-83ef-0a136a15b747,1
8376f769-2408-8116-32ed-b20fdf8380eb,db9ba412-cf7d-b934-57b2-074849543286,1
84d21924-2c36-4463-3f5f-2bd3ead802b7,2d82c40b-5505-6d4b-6cbb-8f9628057b37,1
858913f7-0647-042f-21e6-1691aed25eb3,7b99f142-1e57-721b-4b30-b9a976b0f503,1
8620d471-7f05-c900-6fc2-56dc24f4f398,43c2bfd2-0e54-bab6-9ba8-a021481786f8,1
865a8e88-12f2-7c1f-c954-e5740bc40a37,328b4e60-8c02-64c4-53c8-ec79a5be7fb9,1
87acb2a2-c756-e30f-0f80-124ab9028976,18b3ecb9-a2e4-a091-610b-4fda5f07bbb7,1
884cecdc-e4eb-85c9-2f48-519401407d8a,50a8f401-ab32-11ba-870b-3a7f63be2194,1
89f021bb-b0c2-3167-af00-9d6fc3fa5983,06bc710e-2175-f8ec-46ef-0a105439cab5,1
8b9c08b6-8532-2f7f-d825-b5773cae0e8d,f724affb-1e42-69b8-52ae-1849632ee841,1
132d9440-86b0-48fa-9540-e0b366897c77,0cdf05dc-6fda-79f5-33f6-0c1e52897314,1
cabd51cf-4a51-454e-936c-ed410b754336,021d967e-4899-2e37-26f7-6c66c6609d12,1
8ef4a237-4523-630c-2c49-a7e8066f5772,a33c8cf7-50b0-4743-a20b-bad204789ec9,1
8f29ce0b-47d0-d2be-a98c-b097fd341ae4,cf999403-96e5-18c0-937a-be03df50b3d6,1
90afff4c-b9e5-3d80-cdca-0aace6e6f398,47c90f66-9a25-706e-4567-b3109d521e31,1
90c818ce-cf69-74b5-99b2-93c9f59fe90e,8246d793-fa62-5be7-3b4c-ba949d9e375b,1
910857a7-e607-d236-b604-90841c317706,4817b2df-8140-f769-7790-ba4c24db2521,1
9222f303-e305-bb42-3459-eb46b79ff5f5,ab0e6faf-4c8e-0ff9-a35e-08633325038f,1
9227bc44-a22d-5d51-2ce3-e976ff623037,d1e82d4c-32df-3e9d-241a-4ccdd615334a,1
93731e39-e6e5-082d-7cda-0ba8b8fee6b2,9af4f857-2430-3c89-913c-6c4db949f227,1
937c7d06-72ae-f85d-2248-fce4b51aa2b3,8d181617-1328-3c0e-8d09-b2410d98a677,1
96d1b95a-ba61-53df-4738-aa75bc4f5856,e19107b4-0a64-b435-db3b-21411faf78b1,1
96fa61fb-bf50-4073-edbb-666cff24b8a2,2ecf333b-b1a3-add1-6d87-1ee22f8d4516,1
97300b76-5203-8087-2b7e-f58442d8b834,034c8cb0-0fce-2299-b280-ef81f8f8c114,1
995e6cce-deca-8b07-4b41-ab46d9fe476b,b67c123b-8d08-0214-98dd-107669ad102e,1
99eba067-f6fb-1f03-5bcc-f3aa41b41fcc,a07b5639-a446-eb45-d0aa-17b92f4e4a17,1
9b9dede2-216f-7ac0-08aa-3f39800b875d,5a35bc9f-b3da-33d1-4fed-df616cfe2ad2,1
9e9b1629-abaa-f98e-3f19-8bd377a127ff,fd4a161d-0b4c-72f8-5d0d-cd619a5b95ad,1
a063ceed-3b27-d551-de75-b9ee626047c5,dff7298e-d1ef-8506-b2bd-753501fde875,1
a11f136e-a346-0d9c-1747-dce6beecc256,1af26f39-fda6-b10b-0542-a62c55d905e8,1
a17cf67b-ca13-216c-d83b-7030f5a71926,6210da98-bc34-3d1d-21ee-4ea748063da8,1
a288d68f-ca9e-d065-cbe2-8ff2cb0c2ceb,3ad7e021-dde4-15c8-f042-f5ab312c25ca,1
a532c681-9963-3ec2-421d-c83417babc38,7eca19b0-5074-92f0-deeb-8ee3f29a76bf,1
a78ac3dd-2311-2ae6-a8cc-7b8668439d19,d117ac4f-edd9-1a15-a13e-4390349e6c69,1
a7afccda-6852-531c-5009-365968a02f6a,f9f5a4a2-7e72-735d-4744-9c0ad10fcdad,1
a861d372-ffef-eecd-6554-198e6c944bf1,0d8d240a-ff52-7abb-988c-c9e1d28a1df6,1
f39d088a-0fee-8728-86c9-93959709535a,3e67fad9-fbbf-5d63-33dc-c574ca3a8088,1
a8eb4b7f-c549-04da-83e5-c445a60ea4ec,889179ce-59de-8141-6b7f-555c341b6c63,1
a953f503-08c0-247c-505c-328793bd0d8a,f9971620-0731-3f82-e693-4845bf08b591,1
a976018f-84ba-ab28-581f-d9b94d256dd2,0d151496-fb17-1454-2efc-cbfdf820cec5,1
aa138219-c5d4-59f9-a2e8-03ede891391a,3dce55ac-2d21-5d68-b2f8-1c4a56d889da,1
aa252a44-1560-cbe6-8f56-21e232dff211,747d5a11-15b1-77d4-1c4b-b71987f59467,1
ac9ed66b-d75a-037c-9499-55ceed8f8ec2,7ef821c3-5d98-7938-db43-59bb3cc5c013,1
52981acf-5e58-4abe-96ab-7c28581e5e97,32249753-9c4b-ff56-e0c4-4296202147e5,1
af400855-f100-9d79-56c1-7f97562daaf7,d7d1cec3-93ee-d3c0-c530-0c913741a434,1
af643ea9-ba6d-4d99-42be-c3b59de812aa,20586d41-2d3b-0eba-6bf5-6927661729ac,1
b11be349-2619-a2f8-51f6-3eae58005f52,2b96afa8-0354-3462-3cc1-4371a4d4c80c,1
0fc71517-da8a-4daa-b506-02a133e7d4ae,97903b54-176c-2d70-d69b-76cbe562cf7b,1
b1ca15f0-4c1b-825f-4c89-e9c254929c40,e93cc9b8-c143-1aba-360b-a47a146fa09e,1
b21f4956-6986-495c-ea62-673a4a92ebfe,db0ca71c-eb49-9641-6938-e8f5d2eff8de,1
696bb3fb-bf4a-4a49-a8c8-ef745f3b2d06,235d8346-d9d3-9ac2-d7d6-f555fb15538f,1
b3d6e1da-855e-d1b0-0dce-f005083a0683,df3423cb-e3dd-554f-1491-a05c38102746,1
b45aa042-a9c2-0944-e413-d95be56735b9,04cce391-27c1-64ed-7ec0-a4ef17a710b4,1
b7b2e50a-544b-fbc9-d049-35c5a32edd4d,ac6d395e-0fdf-b6b6-3c88-629dca25ead3,1
b7e083de-905a-3151-7f2d-ac5e5848d7f9,9143a4a1-bf3b-ae05-79c9-3657cdb6473d,1
b86c8560-cb8b-53ad-ed2c-1f44ee81ee85,e66c8744-53a7-7753-7eff-f0765f0e484d,1
b88be262-92cb-6b7a-1818-c1a33ad64bb2,5d026eb0-780a-35df-d22b-84992d02c8a8,1
bcfce623-a182-21b1-71e1-00df48e58cfa,a110e822-2512-295e-4002-48d9be632997,1
bd296791-acf3-9603-91c9-73311172b35d,4bd42845-c93f-26de-d1f5-719801c29d8d,1
bfe5e021-87bb-8b2c-352c-f4ef983e36b9,98b96ee5-b302-b422-e669-4ed2f3b471e5,1
c0197605-f532-9bbb-4455-69fc325cb742,9d5f8c0c-2d5c-2069-2596-53dc63bec42f,1
c33b1c05-4cb6-4b78-c0ad-90afdecc6393,e21be786-2824-d949-85ca-9067eb4afdd0,1
c45a4958-9377-e66e-b800-383f15287969,36ec2c13-6188-712e-613a-485a30350e3d,1
c5a3df0a-860f-8901-ca28-450337152df7,2f4217c7-68a4-19dc-24c6-bde8c78d19fb,1
c70610dc-4421-0f05-e56a-4e91d0f60a54,60c616fc-2eb1-3256-559a-6ed3ba6d7508,1
c706228c-d51a-ab1e-7c33-6414b7725faf,1e0f4f97-2c4c-c2e9-47ce-b2bc3206a72a,1
c809f956-dbc2-05ac-c487-f2783076aee1,ad73137c-f9fe-efea-eef6-6073ae8d5138,1
d4118476-3b1b-38dd-216c-f925472a3f0e,a21d41e8-6c69-6cea-6588-7919376e2287,1
c84c2c37-776a-20cc-1d28-b3e7c155722d,5192a2b1-b13a-81c0-7021-1ce360a554db,1
d024314e-5d4d-48c2-9255-8084c3e50ca0,c2305c91-3829-055b-8836-24e9c8fa85b5,1
c92d27c5-f4e8-1a86-a224-9c5f1ef40a4a,94ff9e90-7f37-42a3-0a63-a655341d9de7,1
c9f471d2-8cc1-6cfb-55b3-7ac107fa4102,f9414bd6-e477-42dd-f00c-adfe458da3f2,1
ca27d850-9c83-701a-7ed7-3f803b9b06e5,c6ef4bd1-b572-812b-9f0d-2003d2a1a907,1
cb5ce3ac-bad5-9d6b-da54-202ae4664bd0,924bcc50-2cfc-a811-92eb-7d727a01e8ba,1
ce78acda-0f6c-efd3-09d5-1e90d5ea7bf7,80f41ade-b709-0074-fa93-82866de8032b,1
d2bf5bf0-e5b9-5140-2f37-4b809754c2d4,e4ffa1c7-d838-fef5-3c74-26387934a3b6,1
d46535fb-05e3-75e7-3ffe-f1d8c1e18da3,18f3042d-c41e-4458-139d-4016d883e6e3,1
d5873a0a-7d70-0b28-16a2-7ab7ad01b54f,b58a0a01-0315-b43b-835d-ce4264b4126a,1
0cc2e15f-8e1d-4f18-9ee2-9daecb749247,637a1618-a989-0e56-9114-df44e66fdbe8,1
d68a0c2d-0077-4993-066e-405709eaaa0b,ad52f82d-94e6-26cc-2fe2-d75604cf9f33,1
d963b032-9544-fe7e-5090-74bae3f7f9d3,411eb008-3bc7-d9f1-1ce2-fbd68491b7e4,1
da6b4f0f-9e24-cc8c-78a1-52f831319108,a0cd86e9-9036-2ead-236a-69fa00a3fdf7,1
da9df633-f3c8-22c2-736f-0b59547deba2,aa908b76-ccff-449c-fbaa-79040be2d991,1
de420d5c-f93b-4446-59bf-ea9323eec849,8fd007ee-3406-f235-3332-8ae4a13eb47b,1
de6172ef-4a94-b085-81ac-92dafaf78e3f,761a41a9-24ba-ef6c-5c7c-9150d46d8e5e,1
df37fa2a-4b82-de6f-6f5f-e6523be7c2f1,1ce346e9-febd-9520-9c41-c4960f8fc8b4,1
e1415e9b-89fa-8c11-7656-adeef2af37c6,14f56ddc-b393-3c53-64a8-50bf9ed7c76f,1
e1efc688-c12a-ff60-a268-fc891d75c514,2b9a9b66-7ffe-fab0-86d2-3bf09120770b,1
e24ef652-f7dd-b984-0656-6429c95be7f2,99e51c19-8c0c-6813-00d4-4923f9507dbf,1
e3559451-5ae2-4cf7-7a25-2574e7d94a97,75f764c1-df3e-b5d5-912b-96583e6ad328,1
e45fb118-9bfc-79a5-e053-7efea2af5580,d144dc39-f1fd-8439-811e-3b48fec96e54,1
e47081df-5f33-0991-cd91-909c2ddfe5ca,60176b5f-d2af-af0b-4386-1ee20b649b45,1
e4ba61a5-14d1-ba4c-8896-345333921636,82710b89-cc85-335d-dce4-fad642ca20f6,1
e52dd894-a4eb-8d60-b887-6c1a4ec8dda8,3c80dc19-d4ce-48b8-4958-47ab916bc22b,1
e53d4135-5c79-b12b-9366-0bc429ad8dcd,42342aca-2950-1786-66c8-246fa611f43f,1
e87e4db6-07b8-217c-a61a-918209456f80,2a2bcd70-8b28-fde4-c49f-91e1e07b355e,1
e880ae38-dcc1-dbb9-b8a0-d787651f9915,4c247bd7-55cd-64df-6beb-8723d4d099f5,1
e9162265-4ea1-03fc-e92f-20d988e0d430,2b4316b6-4a0e-70e1-ee42-1baf5c366466,1
e92cf2cb-b9ce-2820-7366-f7c3e84d3ad0,cd1511fe-7e00-68ca-31a5-a17e4ac90218,1
e9c81d1d-6818-160e-59cb-bee5f599ce83,57562e23-8bac-afff-575c-4e28f67d41f1,1
ea186491-402f-e4a4-99b5-415708ace322,69c92a65-122c-fdc0-8081-81de478b3720,1
eac53e38-ed74-f286-ebbb-d81cc024d208,23420026-0262-b60e-a92d-4321ca94ffde,1
4770a16e-1b69-45b8-9193-8a5db73f6680,89ac7bd6-aac2-1e4e-192e-77eb142aa7ac,1
eb9eef54-4afb-f32d-95f5-63299ae6dcda,a87594f8-9198-26da-c0aa-a69200733da5,1
ec1e2c8b-3e76-59bc-d9c2-39a1bbaf0292,8544aa89-5e87-97e0-e02e-f5df9823a756,1
ece1e792-ed44-12d8-49e1-f9e91beebdc1,c22df0c5-6e0f-d62a-6d08-b72f148691e1,1
ed09d67d-f5ef-5e06-742e-f1416f3eb6bf,85607282-1166-087f-0a4c-6912ab61b732,1
ed0add44-bb52-cd2d-a456-8172a9148d64,b77fd5bb-1fb3-b415-b8b4-45ec8e7300a5,1
ed26ea94-6c03-9487-5cac-c6887e959118,d1b7684c-290e-aa9d-3c90-3ee2c3bf0f77,1
ed8a988a-0417-3eb1-2db4-df2b9eae98ee,ea159368-097e-4914-3c90-7d05ca5e7ab1,1
8260d8c2-5421-4dd2-ae36-6ca3af81da75,6427dc02-8dc6-98e4-1210-0e7572cdfa69,1
eeb23896-f586-9f7e-e815-603c863be104,a2b9541d-fad3-1afe-aaf1-0e31e772f4e4,1
eebbac9b-5b70-04a2-d581-c46633a7586b,c5799dd8-5139-af3a-5b21-f581938f4d71,1
ef60b26d-cb9e-8f31-fd84-fa010ff07fc7,ef81672c-0c6d-496c-2af2-4a161ea56d5e,1
ef70b3d9-594e-556d-f9e4-2128eaa596ee,7c3c5e73-f007-fa4e-4cb6-796a797c9fa4,1
f10968d7-7bdd-a669-e6eb-304d26166d39,9f443315-dba3-e123-5193-dff63dc91630,1
f24895fe-d684-f5c0-6035-d330bac5564b,1799e418-0b4d-8e6c-83b8-4fa71b267128,1
f327ef10-9c9f-7a86-799a-6ad6f9a15f19,ef6dd515-20bb-f706-69cf-6ae306d3272e,1
f40aa034-a742-c05b-0da6-0eb04660886a,be1d9b1f-525f-90de-3930-7dd6d03cddf7,1
f45abd81-ccd7-4aba-a553-b6575a432428,ab02e2b9-aadc-bee0-f37b-b90f930e03bb,1
f49a0482-6d10-fa28-7301-8a228143463d,0e8cf676-6f4d-6be6-6852-9a4c31de3a46,1
f53298eb-7228-dbdd-f589-3d52cef69862,2fab7d40-85e8-00d4-ded9-c8fb700ce87d,1
f5672c66-d006-ab9a-ee5f-a0088dcd8a33,73f41d9b-b0e2-21ee-1bff-640768b582ab,1
f640c77c-f55e-45c5-1e3f-6959a434aabd,b2e01200-abcf-eb66-9435-1aff0f7ab71f,1
f80301e0-3a34-8571-b537-5c4d1d419584,27af9f49-088a-6287-8199-162b31ee3777,1
f8405647-af0f-1689-2eb3-0bd395a0e3e8,2aff860c-76cf-7833-6cb7-b53cf5f13e67,1
f847bce3-c2a2-b590-5609-01af66ba4304,aa041541-f9fb-fa5d-7ce6-920f98180bdf,1
f92f7065-2ca6-2a66-3468-6b84f98732f5,17fcb7a8-df98-e596-27a7-d10a2d86f648,1
fcae7dfe-f3b5-1275-d5d3-d0ddc6c9e695,00000000-1111-0000-0000-000000000000,1
fcbbfaf6-9670-8da3-80d5-2cc6f53a53e1,6050be75-c96f-777e-4fca-a17fb233fa73,1
fd318d9c-8981-46fd-7b07-1153936a9a37,7e96090c-ba22-b8b2-a978-e4fb04d27efe,1
fe0efc0a-1b6b-e02a-7bb0-e3a2c620d909,bd396754-199b-97b8-92b7-9e8e23a33c5e,1
fe42ba5b-e5af-9f49-ffa1-601b1b8a515a,a62c6a7a-e926-77b8-8315-05b167c5e5e4,1
fffcb55c-7ebc-5ab4-b731-30f3e6b135a4,bed2d7de-132b-4308-dfa7-5b8e26764e11,1
7687d8ad-02c7-9121-412e-079359f34ca8,00000000-1111-0000-0000-000000000000,1
bbe24319-d5f4-dc79-c5c3-bc684b1d6f88,00000000-1111-0000-0000-000000000000,1
3cb3202f-d75b-c1b8-80fd-68b67b83a21c,97fbe8b2-c35b-841e-896e-1577812b4804,1
270728de-dbf0-46c8-987a-857eb2adeb60,df13e0ca-bfd4-8210-55ad-2d7cf194719b,1
2a7d2cab-7981-53bd-9907-9b86d550ab2a,3e67fad9-fbbf-5d63-33dc-c574ca3a8088,1
442fbee6-fd9d-dbc0-9d89-8e284313486d,ef2a4d0f-294a-9a59-b5d5-a1335e05a55e,1
dc4ec38b-59f3-5b15-54ea-607da61a7e6c,a4b20757-3a17-0d08-40e1-73d4b6480df1,1
3afffc6f-eae3-4375-981b-107373cc0538,9ddbd540-5b39-7f9f-29e4-b40ed88a581a,1
3e671712-228d-04da-9bfc-e141a1ce8a26,033b566e-8702-8941-8bb6-5a48704caad4,1
bfb495f2-e730-a517-765c-7079254add84,4825aea5-7117-c560-689f-736501d78d54,1
651adeab-4ae6-46eb-9e5c-c1237ef0f5bf,0a71e229-ca8d-353a-6b4f-9a8ee78fdfd6,1
c512cc02-ff66-4c32-ae5e-d9cb4d0f6129,a78aa864-6432-3dbc-5e45-74d9acaf83a1,1
fbc76f8a-6206-4ad5-8b04-f7d14d1a3861,a040672e-fbd3-f487-fa86-fa83a3412b89,1
37a5da86-7aac-4ad9-8d90-3b536271ec77,acaa53ac-ee84-cc96-44d2-3df31adda07a,1
2e2f5c3a-7ec5-4459-8424-6cb91993a85b,934a2cf7-af8c-9d79-ebcd-65a4ae247831,1
c872f2db-dff8-4d6c-838e-bce8f9420cc0,f81fdaab-bb6d-671e-b1a8-29a4600fc2cc,1
77c1119f-3cc8-473d-a1cc-c51bde0fc908,f4559288-2edb-5a78-b200-1d531eeb1f3e,1
d7c1e135-9294-4239-bc79-6bc8b338eff6,d7bda344-54f8-b718-63aa-6fb6034f080d,1
71943042-c0be-43d4-add1-149352a6185b,99075371-8e87-1e59-d148-eaa3461d26d9,1
4faebb62-ae44-42ff-9269-b06811a8fd66,a26db8d4-f6f3-137f-4a55-984cf2442414,1
180980e0-04a5-4714-8dfd-c2039cdcfc53,c164f664-3be2-efbc-1032-0662abf3a12c,1
ea07d2e8-0d04-435b-971d-8d387ff3cd9a,bf6dcfd7-63e1-8ffd-938e-b4e65ed412ed,1
1626ddd2-162d-44e0-ab99-670dbed07977,3ea89b55-04c8-51ff-5a93-a7437f4d025c,1
e9c8e873-fd62-4998-8f76-9e96c3973eb6,c996fe86-895d-ae76-f43e-cc6966575bba,1
6332193d-4380-4e58-98fa-5082b12d8720,586e5ade-a8ee-2e7e-cbe1-ff44d7155df8,1
c46667bf-8787-44f4-9972-9f22286aae4c,f02026a1-2fe3-95b4-c572-7fa0346736ae,1
bf89eea0-8802-4aa5-8113-90265501915d,89edec73-23fe-b8a2-469a-c2632ea0697b,1
b9241300-622a-4361-9aa4-0a9041b262b9,1f5d88a3-cf5a-9444-2b3c-073754d8e4e8,1
54cc1ed8-bf2a-4ed8-b822-c3bfe2175f12,e3f15781-ff3c-8362-3b77-5e0c8fea1787,1
0678d428-b4a5-4dde-abad-d99900eabe3c,d9f05c1e-223f-fe5f-2af1-d4ea4e1f2d07,1
eefe4751-376f-44bc-b09c-a059baab8a54,33282ea6-79fd-895e-3900-24f587413f7e,1
6f4b9aec-d334-498f-9406-a620479ab12d,e1bfbaa8-407f-6751-222d-73d07c489373,1
0df49f3a-4ab9-4f58-8400-707915f97323,412dd53a-ea1e-8c97-116f-71e03f8b8524,1
c31a951f-3c58-41a8-a530-51c69448574c,05dd5165-b676-a680-e3b1-968897a13f73,1
20dbb90d-5b7b-4a23-8e2d-9cf899a94835,16c6f940-4411-5605-6a7d-b9352340bb9a,1
719cdd75-44c1-474a-a8d1-ef0189071a8a,f3199c6b-ec75-3245-cce7-ec37a8d0173e,1
bf2c94aa-5171-403e-b900-7baf4fa79438,6fd29519-8ebd-b1f1-7669-704c8118ecf2,1
2fe0f2dd-8621-45f0-be63-edf90f696460,a5336a27-3442-1602-45cb-968df4c508fe,1
2bf70637-ec62-4f0a-a7b9-e93debe5d042,2613b9c5-4fdd-6ef8-54ac-c1417d46bd55,1
927578b6-3b17-4356-ab1d-af3133b105ef,3f995305-cfd3-4ba5-bc42-7a8cff4284d4,1
5fd6deca-8a67-4bf4-8335-8d7414d07a1e,0a9c03bc-9960-602c-a28d-04e5a9bb621d,1
66f553fa-7349-467f-a8dd-df368449b1a2,0fbbaf5f-6873-797c-469c-4465ad40feb8,1
ac319cfc-d04b-48e5-b654-8b1401850086,86f4af40-8720-23c5-964e-386fc9e0f897,1
caa02c95-63d7-4966-9f4f-f71e31431b49,ed099f0e-9660-6b8e-7c26-a7a116892428,1
b6b5e66b-ca90-4fab-a31c-38ee83030e43,27ea6457-b99a-2722-3f69-afe23ff73136,1
2f62301b-f375-4ef4-9434-f028e9a33c09,07abf152-d839-1687-a158-2846469c8ebb,1
1ce6217a-97a4-447f-9902-e52510d35078,e9a91beb-9e96-8d23-c069-9ecba2eec7c0,1
8d7d5b8a-d583-4f31-9dc8-6ec21a8e0398,304ea232-811a-9bb5-e53f-eeef67e8e920,1
6be0f27c-fe1a-41db-aa88-324aa93d0e4c,b60aac53-3828-5398-b669-678982555031,1
3f08cd56-b6fc-451f-903b-216b2c9686c8,40a7a6f4-99b1-bee6-241c-8807805826ae,1
a2e7237f-333f-444c-a105-3f0d50e9d686,30acf459-b02d-8b0b-e188-c24599775d25,1
f09a7a6d-36ba-4c3e-837f-7f59297fb43b,561e8404-59ca-e05b-e0e7-8c152c8ce6e7,1
7db47f30-a0cc-4c60-8649-3f684b99f9a3,5ed56a79-3227-0867-ad19-95ccefbd1a16,1
48541647-3043-4c32-9bb7-45e01f9036db,c56c4bfe-f7cd-abb4-29e9-01e7ff11380b,1
1dce9453-abf5-4ab2-9c7a-a7770eccbb13,fd8eb107-5c25-df98-cef7-9263a1ced70f,1
5ea8fb77-dc62-4644-a94c-ead2da399357,0eb28705-e9b3-7ac3-f091-3026a6eefe79,1
27824f65-0b9f-4edf-9ddc-b6e49cd17a1e,3d24e9a5-75a6-4c4e-c586-b3733fcaaaa3,1
ffea41aa-15c8-43ce-b6a9-447b8c7cd056,284cf58f-9757-8043-bf65-bc1f51b7d176,1
a9ead96d-167f-4d0c-82dd-929088d3d0ad,acfe5bc2-224f-b7a2-e659-dbdda12e14c5,1
968aa30f-0e5b-4f0f-994a-5dc9d9b769f4,125fc7d4-c671-5006-1210-44bc58550cd6,1
26c86644-19af-466b-a5a2-2b260989585f,136b3b44-8896-cd6d-674c-688f832f8df9,1
937107b3-07c4-491d-bbf6-bcc814c5ee0b,338ac012-8895-e243-24de-a8c8998c850d,1
bab33228-ed11-40b9-898c-1ab0757ec914,d1fb56ad-4990-997a-db34-d4e7bdceae8d,1
98b1d8c0-6fa5-4a04-9cf3-71ecd345f9ac,00000000-1111-0000-0000-000000000000,1
ef0f21b0-8358-45fd-9efe-9dbe57d9ff40,89632b0e-af95-eabb-f341-8dd19f529a8a,1
00c9f803-fc68-49f3-b756-915789472db3,8ba4ce1a-4f8d-bf25-9f4e-ca1e36137cdd,1
12212f65-2aec-4457-bc12-5ad07140a7ff,f7bef360-b902-28f1-4f8e-ba40f60bb0e0,1
2225650e-644c-4b06-9779-077ae1a4368a,42ee6961-7638-7073-53e3-0b2a4ad38dc2,1
2e15357f-069b-45a3-955e-fec72ef1a6f8,b63425e5-5416-5555-3dac-8d7b5185533c,1
d44d7f7f-23a0-4dd3-bfdc-4c585b2aaf33,af4ced97-4424-a1a3-d1a8-86c4a0c825e1,1
ac512170-0b90-4723-9181-edf9745b5aaa,00000000-1111-0000-0000-000000000000,1
44cfab4a-bdcd-4009-995a-b7b1b4dd5dfb,aaab9f41-072f-1431-ce93-e0c305ae8fa0,1
c3915cd5-e018-46d1-be37-0928f7958d72,2b4cdb43-d76f-05c3-0634-77bae258003d,1
2c6de3ad-4291-4f9a-907a-8e4367e8a6ec,a7c696aa-223d-669b-0c52-055bf1e91a18,1
efdd8c79-24bb-4e27-ac06-d218bef272d5,87beb98f-0e35-07dc-1a6c-651adf249d77,1
d1c6f3ee-230e-4006-8270-4ed73a003992,36018d44-a171-468e-83d3-3457c37741d7,1
0287ac54-641d-42ba-a40a-8fed23ea5554,f0e305b7-2673-2017-bcdc-a93e7270b959,1
cf31b886-de1e-4b76-8c08-5f91e05c5cf1,6b9b1600-5088-a222-a331-dc4f6230b463,1
6c3d4922-5b06-495b-8b08-651878f37e02,00000000-1111-0000-0000-000000000000,1
0aadec4b-0eb4-4a1e-85d2-bd1385cc1f53,e29cb667-3da9-8316-8f29-a17de9838712,1
3176ba91-e6b8-45a6-9dc5-4a40681df347,f129e336-8d8b-1a4c-9992-638735688072,1
cb9acb99-769a-4029-b3ee-c0358ae8bc87,79a405a4-8879-b768-04b9-bf2932ce67e6,1
c1736233-0dc6-46ef-bcd0-74973de6bdcc,44954362-cffc-d9e9-7e39-d98020fc217e,1
d556e9c1-5441-46ae-990a-ba8530b90a3e,db77828c-80ae-24ab-f3ce-55b7cff22f00,2
fbc0302b-cc67-4fbb-8b24-a787243ccca5,35360ee6-9543-0cfc-912a-843fc9880126,1
eb489485-76c9-4dbe-8148-c27e4cebe49f,b5b8ba59-c131-266d-eeff-5dc2ecffd1b7,1
90010941-85fc-482a-a833-8dee3e8c0ff9,d773513c-9c9a-ba0b-fac8-e090cef66fd3,1
088326eb-cd4d-4ad2-82e8-f59ea8ccd14f,23fcc022-4bc6-6adc-f07b-e0bb7c629ac4,1
18fd3065-e435-40d6-8c01-c73f16521d83,f758e0a0-a307-5deb-c863-222c87fe2309,1
cc603c0c-746b-48eb-95fd-ff098319f935,0f4770d6-0139-c9da-75d1-e64744b327c9,1
4454d388-9c7b-4db5-b1bc-4402abd690c4,ec0f0ef6-16ad-88cf-1646-03eb4f192576,1
945057af-6fab-4b57-859a-970b865d59fc,0da8250b-bdbb-b02d-a4ee-7f9041c1f88c,1
6030dfb1-36c3-4785-8d56-2f3f5681253b,9fd53329-341f-0647-7df8-95128033c1d7,1
90f25e25-07ab-4b19-b988-aa6568171dbb,9550cc46-51cf-3105-a1fd-c032de96181a,1
29b76a27-916c-4524-acd3-99f0b5c1c394,7cf5abf9-7bf7-76e6-0e7c-1123db9709ec,1
7e8e65c4-9225-4677-80ef-236c4001bf4f,1c807d0b-cefb-ac12-c486-0d530061d892,1
9af7c824-4fe6-4ad9-a1c6-5eaeefd87ba0,00000000-1111-0000-0000-000000000000,1
9393a79e-64a2-4398-9952-5a53b5915ff2,231be444-170f-dc20-4ffc-91ab02a72ccd,1
6ba914b2-919c-45fe-a967-d57a1eb33a9a,cb9f119b-cc2b-8743-025d-0102da91d28a,1
6713493d-ade7-4e74-b0b3-8880eb8a92cd,74d342b5-c15e-e1af-87dc-6f4b2ba849ef,1
620542a4-6b89-4f57-bad3-bf774d9b3afb,69d30327-1f02-e2da-7f7e-6a89844e8fb0,1
43be9ea0-94ad-4196-97f3-fee818896250,d460d459-7727-d592-ef07-044f47f7f38a,1
1ef9ae82-6b99-4807-8dbc-fd784a5594cf,86291811-23c3-d070-5635-b2ab55c3650c,1
b1ccf532-dccc-4559-bfd6-b7e3740dcd2e,60f377ff-8bbd-c1f1-3068-b40c7dc6fab1,1
e867a8fd-80ff-47c6-bb99-8e46bfc8a71f,429d1303-3d98-3a22-4989-930c0786340c,1
c7fd0c10-caf7-4502-9ade-5cd748f23704,8bac53b0-492c-6b70-964c-1520551dabe8,1
1ddc374c-b7c2-45ba-9c30-b711804b6945,73e9f0f5-84e7-553a-6c00-100c1aa9bbef,1
c38cf1ca-8f05-4af7-b097-5c08cab84749,a4e60fcc-37c6-72cd-8b83-bb8811d0cd2d,1
5f478079-f9f3-427f-b403-2c9b55b29bc4,96c5553c-8f4a-1515-3bc2-91b2093549b8,1
8ce6134b-c3ab-43cf-89d7-18119fa16396,5de4ee92-0942-7084-ed89-0faf81489119,1
77de7f54-d6cb-4625-9370-6c5a6f2d0fcd,a0b37a9e-7f25-9927-666f-9f4fea4c78aa,2
53a5301c-0c72-4940-9534-916b185451f2,a3f9a21f-c3f4-b3ba-5102-226ed358d62c,1
753ac7bf-50cf-45aa-9fb7-525bb19b85bf,cde0c328-8425-251d-f9d6-76c2f72d1538,1
7f15d4b6-301d-4c87-89f6-9fa77aae0c6b,c3836a1f-036a-3890-f7fd-25b3415b8ac4,1
a88db435-9762-415f-ac10-7389e18f212c,0253b30e-a314-b086-1283-60c7ee033a4c,1
4637c72a-cdf2-43d8-bee0-72746b614d4c,bbd2e459-2706-e144-15f1-6e5355104088,1
16f80fcb-1db8-44f4-b557-9a582a91bab1,8cc65823-cdf9-c899-45d4-4d0954271cf4,1
47afa719-8796-4957-9967-888032cadbe1,5de4ee92-0942-7084-ed89-0faf81489119,1
b61a9c04-0e68-4118-82a8-4278f2ae21e9,6c87f261-a375-a2b8-3119-fefb65aad8f6,1
93ea0497-d3dd-6f6e-ccce-5c69d552fcd1,20c63811-0909-9bbb-1526-cfc81755e905,1
9fead07d-be23-eafc-5cc0-81d51503fe30,5acca51e-848f-7511-0f5a-3d602b03ab44,1
7bb9445f-7577-43f4-9cdc-ce021d3f3256,c05aaf44-3cee-25ab-ad26-5b4806f9d09c,1
1fa76164-60d9-4a8b-a10e-3c0113523ea2,970a7fb0-29af-5724-6c25-e3af20092d88,1
b4ffdd8b-eb3a-4811-974d-1348fc35c39d,f10d2e05-e0e3-82cd-ea0a-45c26131ab58,1
eb3fa029-601b-4d00-8fde-4e31f7b79d37,2333df33-f342-8164-dfb1-fa3f2b934e93,1
b767ca10-caec-4fd7-8612-428318c3888a,9841da30-62d3-2ac2-a5ac-fba7fae83c8a,1
7acdd597-02f8-4013-acc3-d492e405e0d5,7b6d4387-11e2-d108-67db-72451e4716d6,1
7399d385-b2e4-43b4-a0dc-4e2329deb645,e5d08b32-6a49-cf4a-1b95-9e4439b97f78,1
5faf8e96-7f88-40a2-ab13-6e787c898f6f,b8e8c3bd-e80b-bba8-6744-259372259c01,1
5c3eaebb-5423-4a75-8664-8e68a95e891d,87f9a2f6-dc80-097e-75ea-7a86934a3dfc,1
d4067df4-8078-4ff1-8e7d-a8673198c544,6262184c-2c23-f1e0-7fcf-63f24b881a8e,1
1acc16ab-0709-4f6a-9fe2-20547b911fbf,68c1bf5d-0aa3-109c-6858-f27027120b90,1
db535520-6329-4277-a5a8-11bbd652b8f8,3db4d743-c59d-a588-9d3f-3fba0cef3728,1
38e8b9e9-bfba-40f5-948e-33f2d8720da1,ff2f9bc9-7ce4-19c0-c12b-1022ad9025f9,1
2be781a3-1b37-4d2c-93dc-dc1e0cd39e00,b8040e8a-8657-5670-0d7b-d732beb04953,1
95b85c30-7e17-4f21-aa13-59b0dab700ef,3bcb2af2-d5e5-a46e-63b9-5e741ecff0bd,1
77488aa5-0a67-4ab2-9bec-679e48bd86d3,d159ae2e-6429-ded8-8a25-98521e9522d6,1
deab9261-0612-4c95-b05d-af147a05f36a,69257496-415d-ec73-7182-f8e7d3cceda0,1
fb1c3805-f773-4532-9e01-31119b804f4f,763f3dd3-c2b8-11f4-6b70-a70e7d2090a6,1
13dceec8-a5ef-491b-8868-581d7c8d1c2e,1f5344a4-0dda-0ba2-1541-8af1edde63d9,1
e82b269d-a7b0-471e-9fb4-cca6a06c4fa1,c864918e-021c-80f9-cfd5-449a6b369371,1
1ca4f68a-f1b0-4c50-8f89-381b5b235afd,4d7b8b46-817c-45bd-b649-2d4d22517c51,1
a5337429-a8de-481a-b8a4-793b251d9317,e3463208-b18d-558a-7641-609263b61553,1
1004a7a7-0e9b-4c13-8e91-8e0a5eca58a9,1e3f8845-79a2-65fb-86d5-cc8c2600eb7c,1
77a7861c-6da3-4903-90dc-fb44f314ff63,7e447a4a-e754-49e1-a763-1d100fe2a9ad,1
d44c7c73-80e9-4bd9-84a5-3b70d5ea9f3e,af6dceb3-9f79-c06d-80fd-79807316831c,1
d7f3b0e0-3adf-4d63-8c59-4fd2fc4f4ba0,abb691d8-7e0c-0d1a-7ac6-4fc2577373e0,1
4e7e0ab2-18d7-4652-a89e-bc4637b19599,f455e4bf-035d-08ba-8aa5-427e1029c6da,1
265b0652-0b2a-4070-86c2-71409d98c675,1185bbc9-8f97-5204-5d69-2b16e077896e,1
f7607e13-658e-43a8-831f-c66794e2dd29,e263a342-7593-18b4-141d-9e6f6d1a544a,1
786b9b64-28ce-4084-b532-863454ca632e,117dfd92-21fc-3a4f-2ae9-eb8f7604bf46,1
d7215d61-ec94-412e-be2e-10cde6404554,acc4b2a4-e37a-6674-61f4-4c536318ac35,1
c9d1e2ac-8aa5-4395-8161-e1264567c2cd,dae11e85-854d-08ff-d5fc-07207d164936,1
33c11341-e2d6-4df9-af4c-26d5d91eddd6,f36bdd85-6506-2945-ef95-432035049c32,1
4c7b7f2b-bebd-4d18-90b3-22e7d64d02f2,e20af913-79f7-533f-a15c-3963e69361ef,1
357054d7-ff22-466d-a5b7-5bbe4ab4890b,2dd30cb3-8acd-a42f-f8b1-73e92b1dfc15,1
9065e97c-80de-42b9-b6f2-16c8478bcd3d,c54e6a73-5094-fbfa-bfe8-17f22e15ccaf,1
20256b8e-49c1-4a75-9cb4-b389e05860f3,6256815d-1c2f-7c1b-1133-1f5a1b4855b6,1
ff122052-ced6-4103-b99e-5f526b90c073,d6b1a00a-037d-fdff-bcb5-ace23fb473ad,1
1f1ff1e1-366f-49e6-a94d-70202bb2c7d7,5b179941-ace3-bd3a-44e0-bdc0febeadd9,1
a8ee36e3-01bb-423c-845c-2d30bd5c805b,f515caf3-fc0b-6ea9-d7ca-144f10ca426e,1
e333a11c-5227-4cbf-b12b-b061094912e6,e31295cc-7b6e-ab9c-b691-9f4306cc7ddb,1
58dbc251-0889-477b-8c9a-2e23ac7863ed,b86ca65e-f308-1856-401c-a2c69cc01217,1
ae21b9e0-2731-4729-9859-9c1a50626ffc,7b16e4b6-d528-8518-b00e-75319f362a83,1
00783a00-3271-49e1-bc77-8c40141df2fe,70ec5018-56f4-1a7b-06e0-3baba7a3f7e2,1
b63d23ce-3eba-4493-8886-17b71d9e7d38,06323392-5d15-6791-d339-267e9af8bd56,1
53366b37-23a1-470d-b36d-fc6d11d79b86,123fc655-540e-6dae-6c86-d37af28f116a,1
e72e25d5-ce07-40a1-83b6-a74df26550e8,2727fd2d-28c8-9f92-ea6f-e7635404ee5f,1
244cb259-a4de-424c-add2-3aea47bc8935,9a8687ec-f35b-9a0a-c19c-f4411c8ffc15,1
737ec17b-6828-455a-9192-ce760b12064c,a0a1e7bf-b2c4-a8e7-6370-e63aeef4c6c6,1
fb779ffa-a24c-4567-9b35-8562e80fd983,5c5e9276-f44d-423e-eb06-2d4282875998,1
65f30701-2c26-45f3-8657-ff92ae562407,4fadeac8-3f91-d028-6975-2bcb5e5d634c,1
12fbaf1c-8f57-479e-b6f2-f08a54a90b92,f196b92d-969f-476b-4a67-1542a3e9fdc2,1
30be7e4b-819e-4055-9880-0e0bf2a7e322,0257ad28-2b83-f746-4269-fa870a3a3218,1
beda3e3f-fac4-4a41-8f93-de107cf4cbe2,14ccc685-917b-4d1d-bfdd-0cfd8dbbb64e,1
7bc7b867-7829-48f0-acfa-bee0a9885ed6,a5aacf86-4244-879e-cfdb-b718d13fcee8,2
9a3b8271-be4a-479f-8bb5-10a65d0269d5,124b048b-20a4-ec59-bb9d-558d0f6254d3,1
be36590c-1516-4cd0-a70e-15ee9f950d9b,d35214dd-da3a-3ff9-424f-180b2b50d872,1
84fde411-ae7a-49bb-abbd-c036251c6134,a7dd7829-6935-04b6-6015-a941d9872748,1
37173829-9996-46f6-b504-63800a798963,161c85ef-7e97-8f66-8d09-795ee4aeebc3,1
4ac2c2b2-bafc-459d-adb2-abc267b09ec9,2e6373cd-e91a-da78-db6b-6b72a83cf075,1
4fb7217d-abaa-4da0-894b-d344db7831d5,76677f78-1c6f-92a7-eb12-7c9e98e90483,1
088abb06-d50e-4ada-a450-8cb1dbf552ea,3fe60852-f10c-b227-5922-39df630bc631,1
bb667bc0-58e7-4a50-bc9c-c903be194b1c,75383629-a8b5-b8d5-2752-0561b49eaaba,1
ec1f037b-27f2-462d-b08d-5eeba707a19e,219bbc29-7f31-3637-4667-8e155895b7e2,1
5ee49463-cb43-43a0-847d-3776898d96ec,f7c24bce-605e-af34-4b9f-9d5f18d46055,1
cecbb3af-52d2-477b-898c-c72d9b7428e0,601452fe-496a-92a6-2c85-e3b162ead789,1
79788f3f-c1e6-4f53-89fb-dfc66a4163e7,0899bd13-f505-a7aa-d590-06317c9df331,1
c66ab22d-1a8e-4230-9550-e38760360d12,f3591ab2-29b2-f56a-9161-bb2050c3f89f,1
8f4c2a18-4464-458e-841c-2460a99cb907,29c5c91f-c175-8db5-5a3f-d57bbd469103,1
dbddc5be-e615-44ee-99f5-e063f10e7edb,0fd6c5bd-ca19-f9e6-1855-d14a0ef8dc9c,1
6ad39156-1d66-48c5-a943-8f4a233af6e6,4e627e84-3460-43aa-7080-f8a95344a5e1,1
692c664a-f8f1-435a-99ce-e03198f9367a,bf9e6d20-4385-ba55-ed23-8f5522bc34ad,1
45a7e759-5130-43ff-b6df-6f8f5c51d047,dbf36175-56e6-85d0-3487-438d12a6888e,1
85c96558-7056-4bf2-8bd3-0ccd897c6c1f,c0a27c71-8357-8e42-2807-1741b5e83940,1
d5a54ff4-df54-49ad-bad2-d28903f38c67,91a8c709-f8e5-e358-3784-04e1d60a5b4f,1
ebf803ce-a2d6-4ec0-97b0-9d0dc6f01026,6acfcf5b-0f09-b2d7-d9be-469ad646e9b3,1
c4d6765e-73d4-4092-acae-43c4c9305345,0f93034a-aca7-5cab-584b-ff7cd99df5c8,1
bec6a5d8-0a34-4128-b12c-356d1212d76a,52cf8dbb-555a-5bfd-2896-45ece3d3dc78,1
d4fc43e8-368b-4467-af47-9c35d9591680,baac723c-62dd-af92-2871-0026a61ddb01,1
aea1eb2e-a35b-4a45-9f9c-1df73e3916c1,1c5a8885-dbc0-f410-8fc6-1d9d805269e5,1
ff6d512c-0892-4572-97a1-80cb45ce1abe,5fd23dda-c189-7666-91a4-271031ed0931,1
7958bae1-5bf8-4318-a794-58fd4a0339fb,a05498f7-22e0-8e7c-3ecc-bafe2dcfd1ff,1
9f4d32e2-06f9-4ea5-8e53-e845b71d7bcd,ce4e53ee-9251-f6f6-7efb-41e88af52732,1
26ade3d9-01e5-4571-943d-0b90a958d66c,2f42e429-4ab8-67d3-e2f5-2851899f7de2,1
0372bd93-0d08-47f3-91e2-62b632e5d53b,e7ef4946-5d27-9b8b-5836-c4dfb0a85581,1
e2fd81e5-bfd1-46d9-8487-771cc36e1543,f8f8be39-6a02-8c10-8ec6-cbbc3e780f0d,1
3791e2e4-536e-46a8-a49f-34a9893b7d18,040b8296-8828-3fc8-65e0-21fa14d4c5f2,1
d0186ccf-65ec-4da9-85d0-713d72eeb888,3665811a-f04b-da43-f827-c778fd0186a1,1
34c2304c-7436-4e2b-8af1-ef4e959bcc6d,27c16a10-c610-4e45-51cb-6a7625f4809b,1
447704d7-6db4-41ad-b06a-67d1c05bdaa6,bc778990-f2fb-d744-5719-2032c82736ce,1
d537118c-c3b4-470b-8e41-de851db897b5,3a7d04a8-2842-00db-fb12-b54fa6eb1bcb,1
c65f4268-9e1f-40fd-814f-a3399d5219ca,5bc9e1ca-8d13-1f2b-8acf-dde7f81d9f18,1
2d00ffbe-62f8-47ca-82b0-97de63548886,5428430d-e42a-6704-278b-2cb6f75dc138,1
ffc59557-731a-4f3a-bc4c-6065dda0f0b3,3b61a4ff-a4e3-2ac5-9c6a-b348623b9719,1
9924b66a-a302-4d59-a1a5-9bc4eef5d43b,ba021988-73e6-4b5d-00b5-7edb4e505351,1
3c68f2a7-063b-4585-9411-ff8946cb6645,6916ed1b-994a-f920-c38d-68d5306a028e,1
5f05a0a4-7c63-4d66-b0f5-357f8c2cce89,e9a04e4f-a73b-ccc3-8c55-a9f9763f600b,1
0721f365-b0a1-4f7f-9e13-517d2352488c,72b36181-0e12-830d-db1a-b68a174dd556,1
b210fd0a-19ab-4d6d-bb48-ca6cf837c43f,a7e5361d-7d57-c04b-a3e1-ff4dc799b74d,1
3a14c474-879a-4dd1-a2de-38fc4234b591,792cfb2f-241b-9727-e770-fe989de0604d,1
86fcdb6a-6d94-4507-8a77-971d681268a7,8be7f909-c9b0-ed88-7387-811ab48163a2,1
efd42989-d657-49c2-a69b-5681417d2981,0de0041e-0be2-9921-9756-aea28fb2ff0c,1
5529d638-8035-456c-b086-14bb5f87dadc,f645f6fb-4c01-cd60-989f-b4fb44d40e3c,1
0229810f-7ee0-49b5-9aca-f7d9b16c4d1c,ead4561d-1477-9aad-71e8-74343b572a08,1
f1bbd4e7-15c5-4a58-9b27-0179fb726882,c3b3e078-7312-c528-b3d0-6c44fa764d95,1
0ebf526a-35fc-4b3b-a636-4b569153740c,a8b9f00c-9b43-1a1a-26b9-ddf999e3260e,1
a09c7e5c-a487-4d86-95d0-232ee6b754b5,4966acf5-9d1b-78a7-7cc8-7de0c2042fce,1
61293b8e-0a55-4ed0-bebc-5b9e9b1e2f5e,8e6a8c56-8f88-6e92-4458-9635d21f7d01,1
54e3f85f-290e-473b-b0cb-f548060fb940,134869bb-6f67-9259-aebf-293651efb0d6,1
fd238270-2386-4fc2-89e6-9d7a4abdf361,48471d4c-60f0-fdc7-bcf8-e13abd43604e,1
366df026-0a34-4608-ad25-266d8458de84,42ed4d13-325d-1ea6-8d3e-77bb53cc403e,1
50c268a5-8ffa-4556-8ff6-5f39f6034644,78e89bd4-5739-47bf-9da1-edb90d8a5812,1
88c5fa69-564d-4549-a209-ec95b21219f7,b20b4bef-62f3-7bab-4f64-58558390e0cf,1
9d2f5f6b-4c4d-43ca-9d77-5377957a7c81,b2b3f519-a0bc-64d5-f526-6547ec29e8df,1
112c4ede-4139-4569-9dd9-6e6f646fcf5b,38b7c8fd-f720-fcff-c0db-5c7c86c66718,1
4f941352-f592-4ac3-8283-7f7554801afa,965490f4-3602-4d03-7584-832a0451c21d,1
7f628e04-f1bc-4a46-8732-3187bc7ae2ea,14029bf6-7fa4-dd2d-c428-4cf70ea5bdd8,1
029afd38-02d8-46c4-9791-4c1abb1ce2a7,72c9e090-8727-7c9e-6c69-9b3bc596f4cd,1
2ecb862c-616e-473c-af5c-2164280be880,13bc644d-ed27-33ea-d48e-7c4042fa73ac,1
09a016b2-f439-4e23-8f9a-434db15e6831,da5e40dc-e42f-5a79-6ec1-b1e749ec91e1,1
162faf7f-586e-45dc-b0c8-cd748335036f,0de76a44-2101-4756-ee67-2e66690227f5,1
3516759c-5210-40b4-9571-69de44969357,3411a373-b23e-78a4-9e54-3bdc64b4fc82,1
2530c7ed-eee2-49d4-a032-39a14b3662e7,ae70c76d-8619-5192-33a1-a18431fd3e81,1
7afc483d-99c4-4eb3-be97-cef6b49d3bb7,67c0b982-ba16-e727-a2a6-26c21089fbe6,1
ee6f7c92-85b6-4b41-8fb9-8d0de44a9666,36cbfa28-e23d-06a7-0cb5-af225f982b3e,1
cbfc0a8d-4291-4a7b-94eb-8868635ea890,8d91ea40-5643-b93c-294b-52ce69586329,1
8d30f17d-5045-4522-b6a1-9dc1c30c1aed,2e99fb23-95cc-02ff-48b5-c425e7df6b5c,1
5bacd43f-a8a9-4be8-b54b-f03a33433e52,a1c4c204-e854-f14b-4d22-e93025a6b9fa,1
8c1880a8-b0e6-43c6-9d63-21ab5d9949d6,0a863f4c-16de-0385-40a6-1b33cdd48334,1
954c36ba-f7ee-492d-bcf5-8412c22cd6d9,2a3b5e03-1823-c526-38dd-6556e98c0ce3,1
bd0ff51c-c3f7-41d0-8737-f46db6afe5e6,4c73fb7a-ab81-ab9c-bc4c-484129aed9c2,1
cac78502-80a4-4c1c-96ad-c2abd0089001,13d1fbc0-544f-9e12-5dd5-dad2b618145e,1
f4a61b20-8bd1-42a5-941d-652582749ae2,6d2586a6-14d1-d3cd-4580-6bf389ecf123,2
3234076f-a2e6-4a71-85e2-503c6a5e4244,8bac0bcf-a725-f3c4-35ae-d27665fead1a,1
29799dcf-629f-4fe3-8927-a75ee05e1e63,8ac7aade-8428-2219-9b55-47007a51c327,1
3fd4c2b3-466f-47b5-a24c-16fa271dfbab,6cf269dc-1182-d77a-883f-8d5f2bdc1c5e,1
fc03e1e0-6853-46e0-a810-e97c686e79a1,d3048f79-1cbb-54f6-c1f5-d7026f0ffd51,1
dc8f75be-823b-48b0-bf3e-196af4a1a6c0,c1f8c9f0-c175-2d5e-02f6-e8fda406b774,1
87568c20-762c-4434-99f9-9bdfda8a2304,edde6b6a-ca7a-c8df-7dca-dc3d6991e613,1
6dc10684-156b-4244-882b-88be36cee5d1,165a351f-a27b-a2e0-58ec-eccb293c2298,1
fe353175-7691-4cf4-86a9-52c1ae21698d,72567f80-5bc2-d3fa-1012-8435b22c0ee8,1
bb218074-4d1d-4e3e-b21f-74a724e18b8a,40926113-0398-26fc-68f6-a03580e7f05f,1
eb0474a8-5eb4-47a3-a683-f3a63e19d29b,a5b2641e-bd2b-33a5-9920-a9842b3547cb,1
82044470-0b7a-4854-9251-9700e5e74f77,0d917368-9552-aa4f-8b83-00735deab374,1
7d23e21e-df58-44e7-abc7-33f431df0697,d88c03f9-1a25-f534-b72f-5c1964aa17ac,1
d7779fa8-b2b6-49f5-a2b1-38c2faa2e933,0dc5dc2b-d727-3b74-e564-902b13ce952d,1
46b01edd-ddc7-43f1-b904-101b66a50ad0,06dc899d-2581-7ace-bb79-b65cc2c413e3,1
7677c1f3-6be7-455d-b487-d7dc2bfa5d3b,c4387254-6280-8ed0-7f72-8b4a2961fd5e,1
ba33d614-9181-4ca8-a68b-5e314cacff72,25cb095b-a247-c803-b426-16d9c9927728,1
db178682-bd64-4f8c-a2c6-116920f14ca3,95d7281e-c4a0-0747-3a8d-9d40c7b50fe5,1
ad395544-5f6a-42b9-a009-cf9de6c6c958,948968d4-6659-8a84-aaa0-5137d200286e,1
db1db2c1-5456-4ae7-84d9-7d98093755eb,9c5e2dc2-0b57-05c4-7064-3e83a6956223,1
4931b3bd-40e6-466f-ae6f-5e3c56449480,1d53b2eb-3356-ff75-ba2a-ea8efcfd2adf,1
19204b49-858d-4e41-8bd8-33113c5d8745,65dc872e-aa03-bf9f-984a-9c8da9356cc7,1
ba3dc741-2b62-4792-a2d3-fb7bed60c96a,6fef7dc7-4e60-8017-d05c-3bc97be18a44,1
c79cc977-9138-4770-9ecc-9f933c9cf6ff,8e322983-207a-3c12-c692-2d6b3a19f4e1,1
7f6bf3ed-18f2-4eb5-a376-64f7905c535e,06ff18ca-92af-fd3f-e0a4-24be3cb84ae5,1
6c0fc851-59fc-4fc4-a67c-4a75fea74eee,a72121b2-e981-6c08-e0fb-0f94565b8529,1
66242de7-fe97-4f30-9041-2069e541ccb9,38580329-7417-2f6d-80c6-d4d9323daac9,1
b92f8968-ab6d-4eb1-8eef-dea7b88cd820,79e8c68d-8ba8-815c-ab67-8a8c54b2629a,1
ac267d0d-68c0-49f5-b1fd-4e547967c273,2397d767-34d4-c601-d3c6-1b892f700fa0,1
7eb20bfa-8d5b-45f1-a339-8ad1d4e051be,b2265e4e-cd7a-b73f-9d4d-d04b6459c60c,1
d2d30df7-aab7-45a6-b35e-f0298b8dcb46,5d57153f-6548-9729-7c50-93d1aaa98bc0,1
79d5c4be-0a30-4ffb-906d-836a9074eb2b,db77828c-80ae-24ab-f3ce-55b7cff22f00,1
101644ab-3da5-4d46-a1b5-d3af4c80ec15,e51bc028-5975-f17d-946b-ce5184d87e89,2
d96139b9-8dc0-4430-888a-cc9b50bc0c71,2dd30cb3-8acd-a42f-f8b1-73e92b1dfc15,1
09dc6298-d86a-4e53-8a21-01057bc0520b,a3c0306a-a085-18f2-108e-162217c710c5,1
75e6d39e-e460-4cae-b583-a306466f03ab,90ea2133-221f-c098-7130-aa006d9e9d50,1
0bcd87d3-cf97-4130-9f36-52879a66042c,930dc6f1-a24d-d356-8cd4-feff3b2e836a,1
6a3b22ae-46fe-4e28-9ddc-86884a6a76d4,441ebd5b-f22a-7e57-fc5d-cd482b8db592,1
f4880f7d-9022-43d2-9740-02677150b70b,5ce22abe-8f88-7068-dcb0-e249dadec1b2,1
83124829-9360-4dd0-b61a-8cc729c94dbc,e42dd39a-4854-250e-79cb-19482d13113e,1
5ffb9edb-99fb-4378-ae5c-33c5738976ac,59da02d8-94fe-b807-372c-ce1c605b87e4,1
0e61251c-72e7-4af3-aa1d-e8c6ccc3e7e9,9fb944c8-a191-2dd8-408f-fb855e9ec6e4,1
ef8d0572-4826-4e6e-918c-bcf3652e55a4,2397d767-34d4-c601-d3c6-1b892f700fa0,1
5803a41c-f4f1-4252-9170-f56f7c735c46,9b3e241a-8b81-3c6d-1a64-af2684f35078,1
e3cce711-8d8c-4ab0-9e33-27d2f24d62fa,1e1da0a6-a629-ec27-fe90-d8d42374fbff,1
cb14f636-b35e-43da-8afb-bd59fc7bdc41,3458ee8b-5df2-dfe7-c2fe-f4700bc3dce0,1
91e30218-c4a8-41ef-b27e-66dc00c3a76b,b8d7deac-ee04-2c92-2778-eef4fb9031fe,1
b695e05a-9999-4723-aa1e-526c179a0f49,7f36876f-7384-e5b0-778b-8de36c5984e3,1
d2db9f03-b2a2-421f-8d9b-6b3504148d0c,61d0cb3f-582c-521f-78aa-4264570adf46,1
8385f7c6-2030-4bc2-94e2-646160c97ea2,55d10854-c66a-c9e7-b6a5-92d0e0c62a94,1
70534c49-af40-48f8-9a1d-8e35eac027db,fb03a201-d518-707a-f634-922fdddd78a3,1
34d5f65a-6fb0-4fc1-adfd-88d4f3f74cfb,153d3dd5-926e-d6fb-43ea-ffe94cfbb3e2,1
25652022-cc6c-4bd4-abeb-f154154dd984,62883d53-2ffe-91e0-9ac0-35801c9778a9,1
d34c8f91-8137-46de-a34a-838d8f8212de,39ddac0a-f13f-8cd8-2061-bc495dcb0956,1
46f046df-9812-4911-9a97-ca3ea231405f,31535614-d674-a6f0-b010-360b7bdf80a1,1
a4df8701-13f1-42c5-9614-19c3a68dd245,0dfed86f-e261-29f3-6284-557dee51c7f7,1
5d4a5a71-7346-4823-b505-872ed3a49d8a,5396028c-f59b-6be4-2278-2538907d44fa,1
1c6e577b-b4f3-433a-8ff3-bcff2c87173c,df2b82d0-0d3a-6b55-c85c-380cda8ad3ea,1
508f2be3-d1d0-4e75-948f-2109e06063bb,cbefa011-eb75-2188-6b34-cab3130ab5e0,1
66065b2b-03d5-4a8a-b210-5da2003ac151,2e03228a-5e55-b4b9-2e6e-46b42cc43a6e,1
72ce43b1-2f6e-4369-8cf5-2536cca80881,9ba9d46a-5cfa-2a0a-ac98-dde59d765fec,1
cc52d7cb-2bdd-4de4-8dfb-0c44f8bb298e,87bf6f6a-8586-2299-46cb-7bb7cef370d5,1
0d062e78-5672-4418-8dfa-ac88f2c8ad9e,e75de2fe-a481-7237-4956-128250d2c315,1
72800b74-feba-48fd-bfc8-4407996994fa,b7cafb1e-f0a4-81b0-0cea-cfc41f7fbcf8,1
2b0f352e-ba14-465c-81f4-8597926354b1,4bf85dad-855c-5b69-f124-51359ee40cb8,1
6e18d14d-c456-4524-adfd-738666c02624,1ebf49f6-c557-81e5-1715-ee55f7d98236,1
84d3f4b1-a3f5-438f-8110-4c1c3dbdcb35,ee90ed34-7ac3-a407-e8d9-6bc70e1b6dd5,1
31f0d23d-1ce6-4f83-aa15-685e214ba4b2,d2f74e23-3923-3bb3-bb5c-680b0212f8c5,1
dca84bc5-d763-4f85-b3df-cc18142aab64,08f1f4d2-e757-f485-0ae3-16875bb62c43,1
2b7c04e3-4319-4b8b-abaf-0a346ff8586f,ff42a7ac-ca44-3304-d3cb-825ec5302416,1
843dd561-29aa-4649-b4a2-152211df678f,9a70bb1a-f06c-07b9-5c1b-23049dd7f41c,1
e0610eca-e609-4355-8f01-252a3c09c8e2,47d3b061-a3cb-29be-536e-0bb46e823ed7,1
824e9999-620f-4154-9410-23ebafd8c656,c0a7cc6f-eb55-3f2e-5b4b-8baf24d20e4f,1
ffb1ecca-a28f-4a7b-b7c0-0b19ca54b390,5dabd6db-61c1-a953-cf7f-310d1b9ba7b1,1
0d9340c2-3918-488d-9d2f-b4d770a96639,d6f9962a-680e-51f1-c7e4-b984e17632b6,1
cd2181bd-48c0-4f82-ad24-94d43dc2f6fd,8862e58b-6838-0c9d-1b3c-1ba7020be002,1
bb181c9d-0e03-4963-9914-51358e967ccf,5038efef-f1b4-aa2e-707a-5e4d0e8f18bf,1
c5f63bc9-bde5-4ed2-a0ae-8540f4ecf346,30db6aa9-2e5e-e512-f2ce-dc07ccf28cc3,1
01a073f2-8670-4cc6-893b-08500a08f0f1,c6ed00f6-e416-7696-ab0d-1fb2818fdd96,1
84c43e7f-a032-4072-873c-6c00d40083cc,d3048f79-1cbb-54f6-c1f5-d7026f0ffd51,1
0d398ccb-dfbb-4090-b749-a31c59f85278,e1de9690-3377-dc88-b757-041869bbf542,1
a5cb51ab-b1b5-4ac0-8b39-81f4f4b6909f,1c6c29a1-dcf6-4477-0d6f-2171ccd45f95,1
a847b436-fe84-42a4-ab72-efbbd08a9fd4,61b3fdba-2dc4-ee95-a878-ecf0eb61cba3,1
03a0df21-561b-433d-8b1a-79e4562eb9c7,5ade7579-25ab-faf7-624a-e6331db30c35,1
77c77d89-e460-4d82-8f74-f5bd6450ca6f,cea64902-d182-36f2-fd17-1db231f70d47,1
7c432de2-b34f-455f-be16-2764c527e716,aa2d80d8-a5c2-3f8a-1396-927d0711e551,1
826bb618-18b9-4cc0-8eaa-0f1663f6431f,08f1f4d2-e757-f485-0ae3-16875bb62c43,1
5745803f-6a54-4559-900b-e5e7df45eab1,71f3817e-863e-65b0-e564-f453ebf9dc22,2
4a36ad47-ff36-4862-8f19-e4dfdefa9cb9,14ccc685-917b-4d1d-bfdd-0cfd8dbbb64e,1
8a6b3a94-f697-493f-9484-5196deb1ede0,1f04c8e8-0a68-1d5c-51dd-0f11fd500dfe,1
ea17060f-3a85-4427-87dc-4ba9edd715c5,5f3f40e8-c1f6-8f5e-5bee-352c13c1692e,1
23744599-ac30-46f8-852d-74646bd0c5a4,0817a3e1-257c-6d3b-7794-a71093cf6ea7,1
b8d584f0-e291-4c16-a514-38ff44512fe8,2501b2d5-98a6-ad49-348c-637ecd64e3b3,1
03a4451c-deac-4f84-a8c3-c82f18fcd0f2,03fa0bc3-47ac-bae7-7972-7e3938a90b9b,1
88b02cb4-5e69-4362-9222-a196063eb1cd,83721667-ffd9-7ef3-d33a-736da769fc08,1
fda9ac9a-dd5b-47ce-bae6-ae0fd4079769,2a979e93-7ad2-b41b-900a-8066ba0f2825,1
98055a6d-0e56-48e5-a36f-3c9a884e07b6,14ccc685-917b-4d1d-bfdd-0cfd8dbbb64e,1
8a426260-646f-4dc0-b97d-60281d26c118,b1665552-37f6-c5aa-35f3-fc7dc5c9b74d,3
fcb0ffb6-13e3-4bc1-bd75-9621146c9394,9c70dc28-8db1-e172-816f-ce2f84f410a9,2
124a0b0a-4039-4412-bbc4-e0d28c7e3d00,3cd65d2f-414b-d71e-d5ec-44bfd95d5e0c,1
8f65cf2a-9416-4e24-b156-f7436d98a519,82080295-6445-f501-965e-1f408669e392,1
3de82bad-d497-48d9-94d0-44cb992bc1f2,3001c873-7865-fd6f-e1f0-675efcdb1001,1
edc95f3d-d545-49df-9e7e-76dd1e3bd17b,11758375-8ac1-1cc7-1db5-a5df6e081bdd,1
786adba2-6772-4095-a5e9-17964051b2dc,cc3ee93a-0ea9-074e-ead5-979177a3c81d,1
20f90352-522a-453b-8c1c-fa918f340dd3,8221d466-9982-42e4-d76b-c422c045e391,1
c54a3c69-7966-4aaa-a5e0-3a765952f388,bf05aa5f-20e4-cac8-23c4-688f959e2c41,1
ce40ae44-4915-4941-aa53-77b9c27f911b,9ceab247-b35e-5bbf-aaff-0dbf02ce6787,1
a4b66587-80fa-4747-9f5b-3851d4be50c1,908a5657-b3ca-2bad-33d0-bd2210a18299,1
c9fde012-2663-42dc-ae3d-2ad6795bc2c4,32290c46-336b-cece-5c55-141ed33798d8,1
66725e87-7c6e-48bd-8550-9155c08261ef,087e8302-c3e0-fed7-966e-ed56a448fecd,1
2401b29a-4cee-4dc3-b530-56177affc58d,315db9cf-61ca-9f1c-eca5-0f2b0e753d73,1
1bef2e0d-f13e-45dc-83c2-7e21b026ba0f,988f89b5-d306-8a6f-678a-6d564e326fd0,1
966f5f8a-81a7-47f5-93a0-f53116fff967,918df0ed-ff97-9626-71d3-bbb2a3b3bbf1,1
eca24a36-3793-4162-b4ad-11b7b9fd1b19,8c7bf698-862d-e672-03a1-3dd883948fa6,1
f815c659-fbc2-4246-93f1-b409e0b00822,85fa851e-9678-7ec3-2b69-180178884344,1
ee68f25a-7e9d-4df6-acca-4731c293b061,c7efc7d6-9a7f-c08a-5db3-42af237c2338,1
871facb7-ae2e-484c-9b8d-61578e2af570,e0c31fe7-33ee-23d7-815a-2353f894e45b,1
5bd554e0-d56a-4aa1-bf3a-130df7f08924,40e1e667-a403-c389-858b-e9b169542e7b,1
9cc4f564-7be9-4e3c-9ab1-7efc57b51eb6,29b0ba80-07ff-71b1-94b2-ba53226f9b2a,1
db9e28b1-b779-4c33-9b50-7c75a039b99e,ebd6a256-6536-7449-0360-1652b16a2b7a,1
2997eea6-cffb-42b9-a9cc-4ac45fa8a7e4,5d57153f-6548-9729-7c50-93d1aaa98bc0,1
ea677e5c-94fa-4475-bebd-49f4385f6af3,dcd9a847-6bb8-abb4-adbb-188df70e987a,1
578dee16-6862-42e7-a09b-ee00459498a5,2a97b21f-ddab-e723-2e03-b2609705f5cd,1
ced19ae4-20f7-411c-ae91-e7800ccf7234,8281d6d6-96dd-7edb-ec43-f3fd9b277f9f,1
140e7eaf-8efa-4639-b083-33e7ff9123e3,9c8c3ba8-eac1-256f-34bd-d1dd07590841,1
f44abbea-48b1-4325-acbb-74592e3f8971,b946917f-97d3-4416-d33d-ec9b4c8ab3cb,1
3413a5cc-6d46-4466-8264-ad8d1a7b7ca5,aa45e17c-c2fb-cc5e-29fe-c1853995713b,1
15516bdf-edb3-4670-aa9d-13fc1fe4fdd2,fb88238a-e8d4-0483-410d-a16ac35dca02,1
29fb6cdf-931d-43e2-8420-1ff941c80783,4d72f921-2143-fd77-3a6e-f0d721cfb538,1
f9cb4413-60de-4ae8-95d9-5421a1e8641a,ebb13350-45d1-401e-64a6-c74d8b679a49,1
b7ec9e0a-5403-4abb-8391-69a03a9578d4,4bcb2e52-9b2e-4611-65bc-55af19464449,1
453b2545-f826-4cfc-8987-e45ee34cb136,ff5f3918-82e7-6127-a325-3cf9ac1d1e77,1
73b12c94-ca5b-4f0c-b581-bdedff1445c4,4c19967a-8968-66b4-e3b0-d7e608ab5861,1
2db180de-e23e-4ed2-8af1-46089f747d87,a031c943-9fd7-e2a3-eeba-38249b4c050a,1
c87c6a95-18d8-4935-baf5-ffcfec11418b,a10dc927-71df-8cb4-2642-1149574b142a,1
7da8ff3f-314b-4798-8350-9e33d79823bd,994c4927-624a-e67d-4d5b-26a25662f500,1
84e02491-b526-4292-81ba-630f6ed7fbe2,ef117997-37b2-0993-8d52-1f6826a6f944,1
53425cee-b5a3-43c7-b8bc-ddfd9d468746,d92ad89d-73f6-8c8a-e6bc-cfa0e4b1e2a2,1
0cf04c57-595e-4a88-ba6e-c8a7928820d9,1b0476cc-6786-b260-bac7-a93e6ed2e6a6,1
e9a4d5e8-4a37-471a-9ac9-b0952e1770da,f52be797-eeff-73ec-15d2-aa4150ed9b45,1
cab8882f-6d36-49ac-ac2d-72f757a95e64,53273bb5-b9c8-39ea-cfc4-c8817ee5fc1d,1
19f252b9-7b8a-4d9f-a805-d703442dc61a,cd969732-06f7-10d2-e01a-d0a925908265,1
c095b877-24c1-463c-9be8-bb2f189c1e99,74f9b7a8-ac67-226f-cd02-49de8aa25826,1
983912e1-c8cf-4611-be01-dce50c8ebeee,f80a79da-d59a-dac6-9204-919fb54eb231,1
b7508c78-9448-408d-aa5f-7faf70beba32,c197eee7-514b-c71c-ba29-d8a148024455,1
94d909ce-966f-44cb-a0af-743889c1cd47,2c17b274-c791-ac25-0063-c6293bc42c5a,1
252a2a45-16bf-49f4-8dee-7d664b89c9f0,a8205d80-309a-a855-3196-cd042c3873ae,1
4447a1c3-45a1-4a0d-a68d-e5c4a930a40a,79e0ea45-fdc0-1787-4a95-ae182374799e,1
d9d56b96-c72c-4b39-b920-88c00d8474ff,49c4114b-fe5b-dc51-a034-7fb8c16f4d4f,1
c3564ca1-bc94-492e-bcad-638628fe3283,ecc06ea6-5bd8-142a-1361-b93c88258a5b,1
420d4333-e478-49aa-a07c-2026d95d88f8,95d6ff06-112c-a37e-3ab9-a33b9ab3ead1,1
993e62b2-63f6-4d08-865c-1c93e190a890,3744ef1c-fafa-1fd1-46a1-0926c75569f9,1
2acce97c-dd6f-44ec-939b-10f68cc97015,4525096e-caa6-f08b-e1fb-94e509610b84,1
4f24f9c7-4086-4c46-9f7b-0c2c06cef9aa,0a3befa1-2b42-a5a2-bdd0-d51bb0c34e15,1
aee361c3-8470-4e57-a513-bbd1f8ae1db9,ce2045e7-1d8a-8f7a-6142-f1f1fb5397cd,1
6bb9af41-00a7-41a5-aad4-ae68d469ebfc,cb8737ac-c51d-03d0-794a-473538dc5a6d,1
c87073e0-645f-4109-9991-932b25b5b846,0899bd13-f505-a7aa-d590-06317c9df331,1
5bee80b4-5361-4362-8784-757c0bd28f96,fe577629-cad9-cfdd-1d00-d1727b257719,1
82bf2c51-9ab3-4106-9f44-ae4a3ed0b110,b7e9f014-27b5-256b-d791-483e63c1f4dc,1
95266d85-45c7-43a1-91f3-3a5f5c65f8ce,6589c7e9-6411-01d3-6d95-c2cf1a837a1f,1
fc8477b9-cbf7-4b37-bc10-cc3fd43d5005,759ae363-145e-aa50-c04e-3216759b122d,1
cd55c340-58c5-4180-8c89-4d8156b99b58,9c6717f1-6621-f3fc-de65-7af19419a5cd,1
f2b3a227-4370-4bfa-b3c1-c4fb1ca0d5d1,0da2a948-7e40-328b-15f6-114cf66c450c,1
d4d60ba8-e419-41ff-8826-5cb1b221cb4a,e6e976e6-59aa-b823-5de9-a9073ec213f0,1
5ec5113d-334e-4352-bedb-07ae0071885d,884aece3-930e-493e-f822-036752044c2c,1
37e02890-4f09-403c-8f98-a634de6a04ae,dce45080-8abc-29bd-55a1-39c460594cdf,1
70e675ed-dddb-42ab-b64c-93e3c01af937,ba624cdc-59ea-1a22-3860-786690abfba8,1
14cfa006-6e5c-4505-af0a-67137c62c26d,f51e3ae5-7bd0-aec2-7503-51880162922e,1
21566c0d-27a8-436a-8d9f-3e40ccaf320a,cd40be8f-2c2e-3c34-6e6e-61ed32103f8d,1
1e0df0a3-811e-4b2c-ba57-a828de51b14e,f47c0b87-b346-62b6-d312-0f586287c159,1
d94172ad-b7d4-4204-84b1-83d2114b26c3,7e96dc03-f66c-936e-3356-253ecb2a356d,1
cfc03c04-7899-4c45-93e5-e9f98b9e91e7,327d0cb1-2fc5-46f0-4c7a-5adf9ec6d87b,1
709e15b6-adb7-4f8d-a646-99c7a5bb4663,07583677-178e-31e9-3b68-8359937bdcb1,1
e7dfaba4-9937-4db4-be1c-5d9681af360b,f5404341-46ec-48ce-9384-ee8487c9c5f2,1
45c6a763-50a3-4a39-81be-71690db340e2,a6073112-2382-bd2e-97ed-a19cb87c8020,1
b679c004-8d22-4f90-af58-4777cdd96f62,d2415e12-3c4e-4ce1-a6ee-7408a616467e,1
76a8399b-2e66-4b89-9736-af9c852e1238,2081741f-fd29-a774-073d-103c8117cbb9,1
f9e13d9c-2b6c-4376-b5f9-3bf125fa0be5,b020a41f-68bb-9b50-20ec-dab597899cf5,1
5efaf859-1bb3-427b-b1c4-a98aeae611a8,7a05eb99-0993-daf2-ca16-1c5870ab5723,1
a905308f-52c2-47e0-9c9a-5a451121935c,93caf954-6193-84ad-62c8-c2035a2ba927,1
d248c4c8-f0ae-4de2-aead-76c5183fce34,58579e7c-3dea-c50a-92b4-5774fddc57fd,1
5b513678-0e7f-4e2b-ac63-5a267b3fece6,9c339df1-325d-dd81-14a5-8298009f18e2,1
128b4d7c-afcf-4c70-aba0-b31361842c20,153d95b8-47c5-2d69-187b-f9a1788dbc5a,1
d395e7eb-3431-4604-880e-2c48f9d210d0,c77d2a11-cd8e-b19b-b968-508cc511ecc4,1
af7a4eb1-15e1-45bd-81a6-62deb2a77580,de316f11-4e45-1020-3cc4-aa40ba807c80,1
ed3eb6fc-d271-4b07-b31c-6a704dfff9d0,1b15a879-9cd6-d4cf-56b2-804147760219,1
dae7e47e-accc-4039-bbcc-34759f9a6cda,9d654804-3914-1d94-e28a-991a7b7ad566,1
5718245a-e458-4ae4-a1e9-0804b6141cfb,3fd4da10-aa7e-a97d-1423-2e4e51a41e9b,1
3640ba21-749c-4f6f-96bf-ceae660b6f5d,0e86e0ce-e8f9-1632-69d7-167d5dbbbbc0,1
97f721d3-6a53-4533-8b38-3f1e0bfa3bd0,cefc83bf-30e6-3547-67b9-595762059d5b,1
d9f90f40-585b-44a4-a60d-44f45498b97c,79e8c68d-8ba8-815c-ab67-8a8c54b2629a,1
d2ca6d11-e423-4e5a-b383-be710f5d46cd,78e07945-a174-16a0-b0ed-3747c39b2b12,1
3df864bf-218b-4980-8ae3-c276e3a2d185,606082c3-7497-da0d-318c-5335aa639b46,1
c6735520-21ba-4fe0-ab7d-e75407068b82,1b573ee2-fcf0-a300-6637-5a4ba1c158a1,1
c9dc1c92-d5d7-4d5b-a989-a7bbe13c38a7,ecc044c5-b70f-da22-97e5-a9053b12ca9f,1
3352e510-66a3-4578-ab28-5179ed76c025,bed645b2-051e-5a45-1b5f-d703a9613e9e,1
2fbe0d7e-67ee-4cf8-9be9-6f31f68f905e,b660956d-380d-a1a6-92c3-874a52db6d09,2
fa8ef044-4594-4903-8794-167ee935ec85,2d831169-826e-6b6f-e7f6-d102ddee3bab,1
658cacce-0111-4959-9b2e-0ce7a59bb30c,0c954ce7-340e-18bf-4f05-d66c0018dce7,1
c6e58188-d142-483d-b09d-18621e10c990,68e37dcb-05cd-26f2-7116-ffd7a717b9ff,1
5596adf6-e560-4b46-ba80-d6036ae86ab1,83fd730a-08d3-0f84-7cc9-d5e420646571,1
e6dc70ba-5999-448c-bd99-a8c4df2d3506,1ebf49f6-c557-81e5-1715-ee55f7d98236,1
3be18f16-9748-4717-93c4-45c90919e7cf,2af8a9bb-dd96-6138-6fab-b6bebbd0db5a,1
913b399f-9afa-4a04-9033-0eb4d3c0680b,89edc096-1258-cd23-6438-97ce14378665,1
a6c585e2-cd18-4cbb-af6f-fa8abab30b50,3d2b83c6-0a8d-9c84-2b79-3070101a75ad,1
3934b7a7-77e0-4c23-b945-8d0893f73dac,c890581e-2da3-38b9-e1c0-5b35a1fb9972,1
5d52ccd7-7283-4d07-80dd-b498aa08f011,6db48a88-7b19-0e15-94cd-caa7feb3c240,1
386465a3-5d0d-431d-ba8a-257bec5b2e6b,6864e01d-e1b8-cb6d-7efb-34f10b65a7e7,1
1a643feb-000a-429f-91c5-07cc632cf5e6,7c95ebe4-7d21-f060-7d34-e84d811d26b2,1
cc7df12e-ecec-4128-b79d-4ade2f707842,72a72d5c-e254-70aa-6114-798644f3b753,1
c50309d7-8647-4495-a26a-e7f290c53f2d,b99ac549-ce03-60bb-fe6e-f02c338157b1,1
16e6d368-6b0e-4187-a37f-87b20c9c48a8,f3c41993-57f6-9b23-9b58-b63c191b89b3,1
dbe86ea7-32ab-48e0-9fb1-bddfe2529afe,48471d4c-60f0-fdc7-bcf8-e13abd43604e,1
1ac50203-5ef2-4a65-916b-79c11e44879c,9e3f5d72-d7a4-53f5-02d2-835a7614e101,1
5868bae1-b45a-4468-85bb-49fa6c4ed947,fb95dd1e-26b1-09ec-85a8-c6e9b98c5557,1
a9bb0105-ab55-40a9-9b8b-ba253506e920,8d869ed3-beb0-5eb9-7dcf-d762039862a6,1
6099fa75-737a-410c-adc1-e5d210b1f4d6,7059fff7-fb42-45db-a7e4-90114e574483,1
7d81b875-2301-4682-b7c3-74db0afef47e,bea9bb3e-2e7b-127b-c7e4-47f9f75b1480,1
4449bb9e-01d2-4784-9263-48fb3387294a,d0e76d44-dbb3-8cb9-80d8-d305f8eb85a5,1
faa1ad19-4077-417f-b342-256b32e927eb,9301e19d-5c93-28fe-501c-3ff9802b14f9,1
34aa2d39-0511-4dc9-9654-ed347a47f1fb,c04126a6-ca5f-aa0d-b1f2-bd476fba1630,1
08795d70-556f-4861-8523-2a4ad9c3f5aa,2ed8819e-f2ec-070f-905a-1e91d0906829,1
e9b3bef4-7773-4cc0-8c98-2a5c704eeeec,9f33a9b5-8dc3-91d4-4196-61db57752b28,1
d9fd695f-9c1e-4fbb-886a-1ceaa9c8cc39,039968a5-6cf1-d485-7aa7-3289a86d8937,1
7eb94825-c8a7-4e4d-a7cf-130ce708adb2,1c4a4e58-c2c4-1667-fb01-4aadb4484dcf,1
b0d7326e-bfe9-4003-99f3-1b222d531509,58f45586-5e75-f7c4-9d15-429ff8779ba1,1
bfff33ad-90a2-4e55-b96d-73ea8e8168bb,d3d75da3-4d1e-ed7c-2c5b-a2452836d0c7,1
10fe8fb5-4c6e-4279-bd59-949ce57c74dd,470ac199-6598-cd92-40c2-38d744d2f9eb,1
284e09c0-1aca-4777-8cdc-752fc41b9dda,b01f7c1f-7b7f-2ce0-266b-bbe6a2c07c48,1
df4d6e52-0683-417e-9054-e66763518f9f,3c481b4b-63bc-4d2b-1a9d-ce40fddf2bfa,1
9b30764f-2148-4647-83cf-c7c0ece1f8e9,2501b2d5-98a6-ad49-348c-637ecd64e3b3,1
32e1babd-3129-4459-9d74-f498a9ebf185,4b9cb1bc-cfce-0c15-ee8b-763a79842597,1
5f1d032e-4d8b-45cd-8503-4acf4cabc4a5,f6719712-d39d-7394-a6f0-c066234a745c,1
d0436a29-0023-4391-9c6e-7ed3db03c8e4,ce491a11-c1af-5cdf-8616-749eafc345e8,1
8a6f4302-9480-4445-8420-2c16473e6270,fd4e8300-8f68-53d3-7622-2436b33cbc07,1
f6f242b0-bc0e-45dd-9862-da58fe6ebe75,289dc52a-2204-332c-c27d-0dacbd8f361e,1
73152d76-7983-4599-9d57-c46360458085,a1263842-b4bf-f4b6-bd36-1c5f2c5c1423,1
aeba9e77-2a1e-475a-9216-0faabfb15c0c,2f51641f-736d-4dfa-4ea5-9f3716bacffd,1
35df7812-0bff-490b-ae6c-f0e51b516f01,68a4f873-d5d4-938c-88ae-15c5b652852f,1
088378e4-5488-4fe7-a064-8dc2f23fdc5f,401be202-eaae-974c-d982-56c4282e63f8,1
a9f0f550-c97f-4a94-858f-5e76425384a6,93a14e2d-e463-9671-8966-0293c09f2fc5,1
75b108e4-56f4-4efe-bd52-aaa563b530f8,4626c4f9-2781-aab5-fef6-1da0dd8df8a0,1
104464c2-5ab9-442a-b815-6421d6d2fd2a,1e5468c6-c776-eb84-4164-f9ba2939ab17,1
09d4f20e-6463-4b0d-b0e8-518342a44dfe,ed3c95f2-8ec1-e12a-167e-2c42686b4941,1
fa2905ad-e309-49d1-994d-7f98d9c06fb7,6a15ba01-ea2b-1d85-16b8-fe14e34e30c4,1
bca1539d-138c-4511-a1c8-e838479b4ef6,b5a29320-4b34-5505-1a04-53ae34c1aedb,1
1cfb6781-a0d5-469b-8083-5eb6f8462cb6,6134e9e2-41cd-60f7-cf92-bc9672106c6e,1
acf5fbe2-8d02-4d33-8d07-440e3bdb2993,2af805be-a688-5608-0c23-1236ee01054f,1
697c4c18-0290-41e6-ba90-5e62b4023ec7,c96ab019-5fbe-a26a-cfe8-5410fad16194,1
4e61414c-b68f-416e-a29a-562f3e9f54d1,ca935cac-0ace-ee31-f483-09ad8225867a,1
54e64bc0-fed2-4e75-9f70-a3ebf815d1e0,377c12e9-14b2-e0fc-067b-2d6bcac21a24,1
9849639b-c1e2-401e-896a-bdaf2fdec8ba,157be889-1850-86eb-0ad3-6d21ae13ed58,1
4b5ede4f-db28-487c-a399-5c46eb86ec4a,da850ff3-d4d3-1d4d-b457-9eb35f5c03bf,1
ce547674-a186-4104-985c-56ee5f1cce52,00dfdc00-9a66-d9cc-4d44-1b8215c35b48,1
3f938aee-4210-4e1d-a96c-15c0cbed08e5,274574e3-adf0-c061-64e6-8ad00475f899,1
7935f244-eea5-4cd1-93fe-4ff0a52fbef2,cb0d5390-f8ec-a89e-8888-5cac3a9728cd,1
395fee29-bc9c-4a92-b1c2-dbbdaefa2081,7cdba307-a0d4-1d7c-83df-b1ccb0484d98,1
746cad93-56c8-4854-8c6d-5d6168f8adce,527b9e58-ea44-a248-1e1c-07f9cfbb386e,1
6248751a-7033-4c7a-9672-beb0c2f2c959,83725a45-b2d3-e81e-d4ff-bf107900917f,1
2296eddf-ada2-47f1-af89-cefe2bb696e1,27831ee0-b50c-7df7-c8fa-2304f0ac64d0,1
17d4ddb7-c804-4b41-95e4-7669e3d366f9,9c811a6f-e3c9-ef23-4f96-b8a1504146c3,1
8a0c601e-9769-4ba0-8c32-08133bdae08a,b1d56f31-f9e1-37a5-baf4-c0c1a953cceb,1
7227e457-c50c-4227-a39f-c3395d1c7694,270369e9-f054-a7fa-7f1a-9c3302025666,1
5b501c3a-f2d6-4277-ad58-2ef4fadad295,39b00426-3e4f-3753-1a1a-43618dc85ba5,1
78ec4379-1c52-4be7-9b2c-13d698f9ece8,b20b1b0a-f3b0-83ed-56ba-56d92ea2c015,1
fa016bcd-0c0b-48aa-a2ee-75cb995f444e,3d09a41d-3028-0388-99a6-24ca05796569,1
25ad6b97-c1df-4702-b954-3929e2797bde,31bf2a2c-2d0a-b51a-da87-1ce36ba13e0d,1
1d471bd6-5df8-4adb-8bd3-933f93730446,f2c651e1-c0df-dd56-3679-7d8340023cc7,1
7ad80d27-49b2-489d-9e20-a8e42d54f59c,6b687c9f-835f-736b-51b4-0f96b5407888,1
48c87f1d-6256-441b-95ee-10b7129a5151,ec7c47d9-969b-2b76-0910-364c258c372e,1
4b27f53c-5ec1-4878-9cb3-034cab098c57,e58493de-0d3d-6924-5ac5-062ba2911229,1
7d424f46-3119-4974-abe8-4a7894c228a4,6fae9de3-c0c3-0c11-cfaf-d6d8e1ede673,1
717f81eb-4f7f-418a-8d2d-ed15b332e79c,db075bd5-c8c2-091c-f04e-c0606657c129,1
2e18ff85-dd39-47c9-8815-bd6a7daa8bba,13b5a017-1415-fea2-432b-7a5032c67154,1
3d3fa9e3-dd57-48de-9b2f-0ded294da71e,4e98bdc9-32b2-7f24-d501-73608be260ae,1
1c8089a0-846d-4ea2-ad3a-b9b8600107d7,30c3fa42-6658-54d7-6bd2-9c83cee8b0dc,1
46f6c6bc-902f-4e4d-9206-27c8307dd502,4bc09a49-5dee-f319-b0cd-22e5cc5585d1,1
f72e1d3d-0e42-4864-bc26-5ed3c31aaae0,23f74cec-ed52-dc3d-5290-001d1b5db2a9,1
df0a2890-0512-45a9-99be-e0f65ee7cb72,26631764-f23a-2ea3-df0c-cb58faa559f3,1
73951af9-0ac4-458d-92ee-f4db1066eef4,76e5c52d-5ef3-a097-888c-bfc3b0ae65b9,1
140a42ea-1352-44b9-98ae-b65da92ee4da,be368950-5b2c-2f5b-67e2-c87806835288,1
84b42842-bda7-4fbd-8848-d989fc112ec3,c713e02d-d812-2a45-cb52-64784027d1dd,1
2cc534da-57d3-48d1-ad18-7c79b8e8a1a6,5782e4a1-eac4-0fd5-43d6-d0c82cd52ddd,1
32b6a22a-5052-47e9-ad69-2f9ef23ea3fb,49512b41-62d3-34d0-c29f-bfd8889b0e54,1
9c7d51f5-120c-4c8a-bfa0-8b1c9d03bc9c,faeb48a9-ee73-4cc1-0238-56baf5d7602a,1
9ed370bf-3962-4302-82e9-4675ba863c10,7b5a7e4e-e9b5-81cb-7dcf-bb18bd0db1ee,1
c4d4ac08-601a-495f-a0b0-056d8cb8eb4f,a0b37a9e-7f25-9927-666f-9f4fea4c78aa,1
a2819b46-2154-48f8-8224-2c1b966c2fc0,039968a5-6cf1-d485-7aa7-3289a86d8937,2
4aa52cbe-fcea-4a13-ad89-5a41862a3a98,5631c021-9a69-e9d8-5b6b-2ec561e5bfd6,1
163fdccb-ac09-475c-ae01-d1f9dfa3a6a4,5de4ee92-0942-7084-ed89-0faf81489119,1
203ce538-e29d-843a-0829-da47ed6daaf7,e6ff69cd-383b-eb56-bbad-3f789b3f6f16,1
da03f1a9-3cd6-d5d2-50d1-b2e5f7c0affe,a3943839-4852-3718-dafd-9bfb5fd418c4,1
a57a6b31-f844-6de4-f396-c98fdaad973d,988fded2-c41e-9174-0bfc-354921fd48df,1
911d811f-56ed-41c6-020e-7b8fd1973ab6,8def1db4-12b1-2cb1-e776-2d573939a569,1
7d9e65bb-e9dd-1a39-e086-cefaf913d232,c378c178-781a-aaa9-30c8-2d3a95c26bd5,2
124ea740-c3b7-458f-b511-aa5ec4639a4b,8def1db4-12b1-2cb1-e776-2d573939a569,1
0a3ccaf3-2654-de27-15b4-f6e43f81a2b6,30122a26-c5a9-5b9e-cf6f-5a6679d63d5b,1
0b3cce1f-0733-5e7c-5159-d40b67b9458b,75eee7e7-8824-4217-911c-a540aeee8022,1
13488a99-cc17-b013-0cac-ae3b9b0d6bf2,94e0f610-0a05-cc15-72d5-2e1f9228bba2,1
22dcec77-d82f-75d6-c90c-57becd43d42a,1574ecfa-8a79-b1ab-7d0c-a12b37b3495e,1
261f4cae-04a6-6e85-c96f-ddfaa70a128d,dc00a0de-71f7-35c0-6803-1a4c68b32ffe,1
2b38cee1-20af-40a3-bca7-79f51230511b,00000000-1111-0000-0000-000000000000,1
31ffb202-7f5b-d332-4607-815496652585,001f7244-ef8b-f102-8932-1ab75c9c7260,1
327a7337-f7df-0075-e8f3-2afa4bc35c72,bbe9e101-7d44-6787-aa82-c83bf82032d8,1
3909f3ba-9789-7b32-3a32-5b514137d25f,aa318d66-8e0c-25aa-805e-791a2de74399,1
3ab57479-b83e-a484-6a8d-0aa93230a831,3c8ae809-a281-f5b7-5394-2a343aa1cb62,1
3bd670a7-d573-7429-0b57-feab0454fe1c,c4cb776d-35ae-34b4-47bd-7f68b94076d1,1
3d50a81d-107b-2b83-1c5c-4c92cebcdef3,fbfe4777-846f-42b7-58bf-61ae6ac5bcfd,1
42f649e9-c9a4-a0ae-5bd1-578fc1d49b2e,db9f3db8-df7b-c22d-e131-41f01e291ec4,1
4fc0ae52-e001-fd45-233f-bb840b2c91d0,0385759c-a707-1bba-6528-83810e5f65bb,1
54458d67-7d96-e61f-23ac-804553131b9f,ee59778b-d292-66f4-db2e-fd60a5ce22fa,1
6867fd36-35c0-b2c3-fe1e-2717bba54dc5,07add88f-3e1c-11ec-e444-01fab26311c1,1
6dc3520c-9676-527d-448b-0a6023956b2b,aa318d66-8e0c-25aa-805e-791a2de74399,1
6f4ebd23-72c6-0a23-0fd0-69ad50a3c75f,3aaf245b-dd70-5545-c021-de033264bb8d,1
75315289-376b-194a-aa9b-12b62fb38937,b03208ea-59f0-052e-b347-3ff779555ee6,1
77f277ab-9999-03ed-5c7d-4b1293f93b85,87980b05-2bfc-3906-7f24-0495d5097a51,1
7d84a041-e871-e7cc-550b-662322a5ba90,ef116a56-62af-d7f7-57b4-9327ac99cc3a,1
7deb9628-4483-84ec-92d8-1eed7ced83bf,b3d33c98-acfa-9194-4e6a-2d6dba0591f0,1
891bdaa5-5cdc-70ba-e38a-add3801b41d8,e3552c12-3f6a-297d-8232-314b694c620e,1
9ba59408-b7e1-e05c-d6df-39820d501482,e6fd3ba6-b636-8d3b-ad60-35d5f54de129,1
a028444a-f5f4-73f3-fab5-c4a06342892b,afe60188-7924-f776-40d1-24fbf9898344,1
aa032e7a-2786-cbb0-4179-37b9c7e8ae8a,6dbe3529-758f-e319-db0b-6ea332b1492e,1
aa08e91e-2187-f7ee-38bd-ba6446ced5ef,bbe3a772-64ba-8647-2a67-5445fb9e23a6,1
b030b26f-7b76-5b90-2627-301b46737e9d,4a496e98-41d7-305d-e115-a4f59d4ae403,1
ba0baaed-22dd-4020-378a-9b9e59a95996,74d76654-cceb-f6a8-747d-f12bb4c554e7,1
ba9c9a1e-18ab-b88d-d1c9-822e1b8b5115,612664aa-364d-3071-4cfd-27ccfb030783,1
bd5cb6ea-f7ad-d58d-2b12-7b6a0379e989,8a518293-98d6-3272-12f4-e93dcbeaa50f,1
bfa53de0-9c9b-39f1-68da-4f6ac2e3438b,8609d3db-782f-42ee-14f7-61bf7586b93c,1
c236553a-3828-183e-e76f-cdbb0589f140,eab7d9b0-f961-f489-4a67-e1281ce5ffae,1
cbebe0e9-9c20-0dd3-975c-5a41f370997c,16356801-3cc0-678d-2a97-ab74f4b7efcb,1
d6f570df-6b43-4ec0-688a-b218266bbc0d,fb6c0f43-f77c-014d-ddb3-bcb8026ef634,1
d8d1f1d3-574c-e84c-e705-1e894c84dc80,93b69bd7-54ad-861c-973c-6a055c94e7b7,1
e885e296-91ed-27f1-7ca1-33de5ef5f071,4b675c93-3390-1734-cc6b-53bd374e5745,1
e9dc3f1f-edc9-f566-d898-e18def738a62,5c2b4e0a-cf5d-bd53-a94d-c193ea39ec15,1
ec4aa04e-8894-056c-10a4-13409098e1a7,ff38c48d-77c1-85ec-6978-aa5ed466822b,1
ed9bf50f-3ea9-2dc3-6e0c-21a599720d75,c3a899d6-2734-d804-7be2-6591453e48a4,1
f2412db8-64f2-4c2d-ff42-2b300b7e2154,1f968d3e-1897-82ae-78e8-c0a94181b890,1
f7ac3c3a-199d-73ec-50b6-a4151c43a793,a88548de-6245-d423-d62b-77bde5cbd19d,2
7e6ae0cf-e575-8bcb-d6d0-6a9c8702a8e4,8a42d044-859b-35e4-a64f-5aa5980b399c,1
bc0b6b71-d164-a609-e22a-87e8b8a8014c,212f9674-65cb-ad8c-b24a-f90ee31b15bf,1
f9c9aaa0-0340-008b-4965-721656b68459,097efe7c-c4f4-c8fe-b0b1-17cfe9206f8c,1
a2cc0cfd-59ea-08a4-133b-f2ee1141afad,e0dfd265-8165-b7da-214e-05de4056401e,1
c5170673-aa26-f64f-46b4-1d159f8cbd52,5a9c7ba1-8c5d-bea7-c648-7acc046e6600,1
