pkid,name,dialplanwizardgenid,tkdistributealgorithm,tkqsig,islocalroutegroup,description
00000000-1111-0000-0000-000000000000,Standard Local Route Group,,2,4,t,System Local Route Group - This entry cannot be deleted
002605bc-833d-2162-9072-586643b9d88c,DI-SME-URI-Trunk-RG,,2,4,f,
a21d41e8-6c69-6cea-6588-7919376e2287,ATT-Canada-RG,,2,4,f,
3e67fad9-fbbf-5d63-33dc-c574ca3a8088,ATT-US-RG,,1,4,f,
bd23bd7b-57fe-8102-92ca-5c8f34419e27,DI-SME-Verizon-RG,,2,4,f,
26888555-8b22-4ce4-330a-d7b7823cb381,DI-Unity-Connection-RG,,2,4,f,
015507ef-853a-2a1d-adc2-ce91205ad367,FXLG-HNL-MGCP-rg    ,,1,4,f,
ab02e2b9-aadc-bee0-f37b-b90f930e03bb,FXF-SMN-rg          ,,2,4,f,
021d967e-4899-2e37-26f7-6c66c6609d12,FXF-LBB-rg          ,,2,4,f,
023b28ef-56b7-2aa3-cc4c-9cc6ace9cd3b,FXF-HUR-rg          ,,2,4,f,
033b566e-8702-8941-8bb6-5a48704caad4,FXF-MRO-rg          ,,2,4,f,
034c8cb0-0fce-2299-b280-ef81f8f8c114,FXFCMQ-E911-EGW_rg  ,,1,4,f,
04cce391-27c1-64ed-7ec0-a4ef17a710b4,FXF-BTR-rg          ,,2,4,f,
04d562a1-1001-969f-f5de-1f338b8783cd,FXF-CBR-rg          ,,1,0,f,
050e5b92-0371-870a-8e60-fe1151fce571,FXF-CPG-rg          ,,2,4,f,
05dd5165-b676-a680-e3b1-968897a13f73,FXF-WCV-rg          ,,2,4,f,
0e3b2d42-b07d-0aff-51b5-e4c6b392b0ab,FXE-FIELD-A-AVWA-rg,,1,0,f,
06bc710e-2175-f8ec-46ef-0a105439cab5,FXF-AKR-rg          ,,2,4,f,
07abf152-d839-1687-a158-2846469c8ebb,FXF-CHI-rg          ,,2,4,f,
08e075b5-8b84-8e74-e2ab-f01367f22810,FXF-FRO-rg          ,,2,4,f,
0a71e229-ca8d-353a-6b4f-9a8ee78fdfd6,FXF-LIN-rg          ,,2,4,f,
0a9c03bc-9960-602c-a28d-04e5a9bb621d,FXF-WOR-rg          ,,2,4,f,
0bb99a2d-43f6-e52c-815d-bb1543738c20,FXS-SME-ATT-S7-S8_rg,,2,0,f,
0d151496-fb17-1454-2efc-cbfdf820cec5,FXF-MIE-rg          ,,2,4,f,
0d8d240a-ff52-7abb-988c-c9e1d28a1df6,FXF-BOL-rg          ,,2,4,f,
0e8cf676-6f4d-6be6-6852-9a4c31de3a46,FXF-EAB-LocalGW-rg  ,,1,4,f,
0eb28705-e9b3-7ac3-f091-3026a6eefe79,FXF-WWV-rg          ,,2,4,f,
0fb73854-b0b8-43b2-d9d9-30eae4ce6a23,FXF-GJN-rg          ,,2,4,f,
0fbbaf5f-6873-797c-469c-4465ad40feb8,FXF-MON-rg          ,,1,4,f,
111e384f-0f54-9ab3-00a8-a43233f6c762,FXF-CDA-rg          ,,2,0,f,
125fc7d4-c671-5006-1210-44bc58550cd6,FXF-FMY-rg          ,,2,4,f,
1298bacd-a742-ee9d-eaf0-493f90d1dfc9,FXF-SAL-rg                  ,,2,4,f,
136b3b44-8896-cd6d-674c-688f832f8df9,FXF-CLX-rg                  ,,2,4,f,
14f56ddc-b393-3c53-64a8-50bf9ed7c76f,FXF-BKF-rg                  ,,2,4,f,
16c6f940-4411-5605-6a7d-b9352340bb9a,FXF-NPT-rg                  ,,2,0,f,
1799e418-0b4d-8e6c-83b8-4fa71b267128,FXCC Frieght Unity to ICM-rg,,2,0,f,
17fcb7a8-df98-e596-27a7-d10a2d86f648,FXF-ERI-rg                  ,,2,4,f,
18452aff-e760-a45a-a68c-839241ad60c9,FXF-LOW-rg                  ,,2,4,f,
18b3ecb9-a2e4-a091-610b-4fda5f07bbb7,FXF-WTL-rg                  ,,2,4,f,
18f3042d-c41e-4458-139d-4016d883e6e3,FXF-STE-rg                  ,,2,4,f,
1af26f39-fda6-b10b-0542-a62c55d905e8,FXF-WFT-rg                  ,,2,4,f,
1cd2e0ea-9a4c-f337-7b43-e9eef2b63ae4,FXF-DOT-rg                  ,,2,4,f,
1ce346e9-febd-9520-9c41-c4960f8fc8b4,FXF-VLD-rg                  ,,2,4,f,
1e0f4f97-2c4c-c2e9-47ce-b2bc3206a72a,FXF-ODS-rg                  ,,2,4,f,
1f5d88a3-cf5a-9444-2b3c-073754d8e4e8,FXF-FED-rg                  ,,2,4,f,
20586d41-2d3b-0eba-6bf5-6927661729ac,FXF-EUG-rg                  ,,2,4,f,
20d9667f-efc8-8859-14e7-48b38bfcb11d,FXF-KMZ-rg                  ,,2,4,f,
5a9c7ba1-8c5d-bea7-c648-7acc046e6600,CAN-YYTA-pagging,,1,4,f,
22a548d7-3772-eeba-7d6f-e1c6d77708c5,FXF-LFK-rg                  ,,2,4,f,
23420026-0262-b60e-a92d-4321ca94ffde,FXF-ALB-rg                  ,,2,4,f,
235d8346-d9d3-9ac2-d7d6-f555fb15538f,FXF-MDL-rg                  ,,2,4,f,
23e68970-3c55-b03e-be5f-927da6dfb662,FXF-VCT-rg                  ,,2,0,f,
2613b9c5-4fdd-6ef8-54ac-c1417d46bd55,FXF-PRU-rg                  ,,2,0,f,
27af9f49-088a-6287-8199-162b31ee3777,FXF-TUP-rg                  ,,2,4,f,
27ea6457-b99a-2722-3f69-afe23ff73136,FXF-BRL-rg                  ,,2,0,f,
284cf58f-9757-8043-bf65-bc1f51b7d176,FXF-SHV-rg    ,,2,4,f,
2a2bcd70-8b28-fde4-c49f-91e1e07b355e,FXF-WMN-rg    ,,2,4,f,
2aff860c-76cf-7833-6cb7-b53cf5f13e67,FXF-PIT-rg    ,,2,4,f,
2b4316b6-4a0e-70e1-ee42-1baf5c366466,FXF-SYR-rg    ,,2,4,f,
2b96afa8-0354-3462-3cc1-4371a4d4c80c,FXF-AVO-rg    ,,2,4,f,
2b9a9b66-7ffe-fab0-86d2-3bf09120770b,FXF-NEW-rg    ,,2,4,f,
2bfa41da-70e2-39b4-2004-6413d6cff526,FXF-SLV-rg    ,,2,4,f,
2d82c40b-5505-6d4b-6cbb-8f9628057b37,FXF-EAU-rg    ,,2,4,f,
2ecf333b-b1a3-add1-6d87-1ee22f8d4516,FXF-PLB-rg    ,,2,4,f,
2f4217c7-68a4-19dc-24c6-bde8c78d19fb,FXLG-CHA-rg,,1,4,f,
2fab7d40-85e8-00d4-ded9-c8fb700ce87d,FXF-LAF-rg    ,,2,4,f,
304ea232-811a-9bb5-e53f-eeef67e8e920,FXF-MOT-rg    ,,2,4,f,
307b41a7-7e9c-28ee-17fd-6a081304fe56,FXF-GWS-rg    ,,2,4,f,
30acf459-b02d-8b0b-e188-c24599775d25,FXF-FLG-rg    ,,2,4,f,
328b4e60-8c02-64c4-53c8-ec79a5be7fb9,FXF-NKY-rg    ,,2,4,f,
33282ea6-79fd-895e-3900-24f587413f7e,FXF-BRY-rg    ,,2,0,f,
338ac012-8895-e243-24de-a8c8998c850d,FXF-LVW-rg    ,,2,4,f,
34a0226c-e395-732f-b299-73dc68eb300c,FXF-RNJ-rg    ,,2,4,f,
34c1c803-3144-ecfb-b680-63c13732e3d3,FXF-KNX-rg    ,,2,4,f,
3674a651-9fcc-4be6-7837-1caa427f9a03,FXF-STR-rg    ,,2,4,f,
36ec2c13-6188-712e-613a-485a30350e3d,FXF-SBM-rg    ,,2,4,f,
3ad7e021-dde4-15c8-f042-f5ab312c25ca,FXF-TUL-rg    ,,2,4,f,
3c3f85b3-884e-ea0c-23e1-030880525a7a,FXF-MAU-911-rg,,1,0,f,
3c80dc19-d4ce-48b8-4958-47ab916bc22b,FXF-HOB-rg    ,,2,4,f,
3d24e9a5-75a6-4c4e-c586-b3733fcaaaa3,FXF-LBL-rg       ,,2,0,f,
3dce55ac-2d21-5d68-b2f8-1c4a56d889da,FXF-ATO-rg       ,,2,4,f,
3e931cd2-4142-f460-5973-5488e1bad819,FXF-HTS-rg       ,,2,0,f,
3ea89b55-04c8-51ff-5a93-a7437f4d025c,FXF-NOG-rg       ,,2,4,f,
3f995305-cfd3-4ba5-bc42-7a8cff4284d4,FXF-SFL-rg       ,,2,4,f,
40a7a6f4-99b1-bee6-241c-8807805826ae,FXF-FAY-rg       ,,2,4,f,
41152d19-fdc6-6451-745e-b8a2e77b2b51,FXF-IMT-rg       ,,2,0,f,
411eb008-3bc7-d9f1-1ce2-fbd68491b7e4,FXF-HMT-rg       ,,1,0,f,
412dd53a-ea1e-8c97-116f-71e03f8b8524,FXF-MCW-rg       ,,2,4,f,
42342aca-2950-1786-66c8-246fa611f43f,FXF-CGY-rg       ,,1,4,f,
43c2bfd2-0e54-bab6-9ba8-a021481786f8,FXF-NHC-rg       ,,2,4,f,
45e1d1d5-fa83-fd62-6e67-7d45e0e973b9,FXF-EPH-rg       ,,2,4,f,
46868c00-92d6-3257-fb7a-23c356dd0c36,FXF-LVS-rg       ,,2,4,f,
1f2bdfc8-b9b5-8c10-1d0e-87065dbd591c,FXE-FIELD-A-GCCA-rg,,1,0,f,
47c90f66-9a25-706e-4567-b3109d521e31,FXF-WLI-rg       ,,2,4,f,
4817b2df-8140-f769-7790-ba4c24db2521,FXF-EAB-ATTSME-rg,,1,4,f,
4825aea5-7117-c560-689f-736501d78d54,FXF-LCH-rg       ,,2,4,f,
4a957769-c793-e582-f67e-ab1a5073ead6,FXF-MNT-rg       ,,2,4,f,
4b80c365-d7b1-7026-796e-a8fad77f12b7,FXF-TER-rg       ,,2,4,f,
4bd42845-c93f-26de-d1f5-719801c29d8d,FXF-COU-rg       ,,2,4,f,
4c247bd7-55cd-64df-6beb-8723d4d099f5,FXF-EBO-rg       ,,2,4,f,
4eb31722-e48c-106f-3446-c872770f3359,FXF-RSG-rg       ,,2,4,f,
50a8f401-ab32-11ba-870b-3a7f63be2194,FXF-SFV-rg       ,,2,4,f,
5192a2b1-b13a-81c0-7021-1ce360a554db,FXF-WNY-rg       ,,2,4,f,
53513c56-78ad-fa80-0bb1-e762e5b96c75,FXF-STC-rg       ,,2,4,f,
54bda592-7f9b-9f50-3030-5cf0bb0f36d1,FXF-NPX-rg,,2,0,f,
561e8404-59ca-e05b-e0e7-8c152c8ce6e7,FXF-KPT-rg,,2,4,f,
57562e23-8bac-afff-575c-4e28f67d41f1,FXF-PKB-rg,,2,4,f,
57e1ba7d-47e1-9a5e-f42a-de3f9a334017,FXF-BOS-rg,,2,4,f,
57f617c9-70dc-3f31-5b52-96a679834145,FXF-JAX-rg,,2,4,f,
586e5ade-a8ee-2e7e-cbe1-ff44d7155df8,FXF-CHV-rg,,2,0,f,
5a35bc9f-b3da-33d1-4fed-df616cfe2ad2,FXF-ENI-rg,,2,0,f,
5d026eb0-780a-35df-d22b-84992d02c8a8,FXF-WCO-rg,,2,4,f,
5db81383-8957-b03b-8e19-de51f4e24f91,FXF-SLN-rg,,2,0,f,
5e3b3eea-700f-d0cd-adf8-7e55eb90a112,FXF-WTO-rg,,1,4,f,
5ed56a79-3227-0867-ad19-95ccefbd1a16,FXF-CJE-rg,,2,4,f,
60176b5f-d2af-af0b-4386-1ee20b649b45,FXF-MVN-rg,,2,0,f,
6050be75-c96f-777e-4fca-a17fb233fa73,FXF-GVN-rg,,2,4,f,
60c616fc-2eb1-3256-559a-6ed3ba6d7508,Voicemail,,1,4,f,
6210da98-bc34-3d1d-21ee-4ea748063da8,FXF-MSN-rg,,2,4,f,
637a1618-a989-0e56-9114-df44e66fdbe8,FXF-SUX-rg,,2,4,f,
6427dc02-8dc6-98e4-1210-0e7572cdfa69,FXF-NEA-rg,,2,4,f,
69c92a65-122c-fdc0-8081-81de478b3720,FXF-ZON-rg,,2,4,f,
6cba56d8-a43a-1165-da74-7a80b7c6c46c,FXF-ONG-rg,,2,4,f,
6fd29519-8ebd-b1f1-7669-704c8118ecf2,FXF-YUM-rg,,2,4,f,
7058337f-5ccf-4e80-cc47-79ce882f7c45,FXF-CSR-rg,,2,4,f,
73f41d9b-b0e2-21ee-1bff-640768b582ab,FXF-LAW-rg,,2,0,f,
747d5a11-15b1-77d4-1c4b-b71987f59467,FXF-EKA-rg,,2,4,f,
74f1fe22-728e-3144-7dce-5f8a09b2c4d7,FXF-MSL-rg,,2,4,f,
75f764c1-df3e-b5d5-912b-96583e6ad328,FXF-SNO-rg,,2,4,f,
761a41a9-24ba-ef6c-5c7c-9150d46d8e5e,FXF-FLO-rg,,2,4,f,
76aec935-8128-230a-695c-d931144eeed8,FXF-HRL-rg,,2,4,f,
7b99f142-1e57-721b-4b30-b9a976b0f503,FXF-PST-rg,,2,0,f,
7bd882b9-f0f7-e3c2-2141-5bf8bc282d83,FXF-CTH-rg,,2,4,f,
7c3c5e73-f007-fa4e-4cb6-796a797c9fa4,FXF-VBE-rg,,2,4,f,
7e96090c-ba22-b8b2-a978-e4fb04d27efe,FXF-MGM-rg,,2,4,f,
7eca19b0-5074-92f0-deeb-8ee3f29a76bf,FXF-WNJ-rg,,2,4,f,
7ef821c3-5d98-7938-db43-59bb3cc5c013,FXF-ALX-rg,,2,0,f,
80f41ade-b709-0074-fa93-82866de8032b,FXF-ELK-rg,,1,4,f,
814330e4-555b-33e9-4e9c-7b6f0689815a,FXF-ARN-rg,,1,4,f,
8246d793-fa62-5be7-3b4c-ba949d9e375b,FXF-DSM-rg,,2,4,f,
82710b89-cc85-335d-dce4-fad642ca20f6,FXF-ABI-rg,,2,4,f,
830e7ac1-4a27-cfa5-10cb-77f127baa20c,FXF-TUC-rg,,2,4,f,
84bcdc25-c57e-58fb-6a28-854dd7d9faf1,FXF-RSP-rg,,1,0,f,
8544aa89-5e87-97e0-e02e-f5df9823a756,FXF-POC-rg,,2,4,f,
85607282-1166-087f-0a4c-6912ab61b732,FXF-HOT-rg,,2,0,f,
86588747-60d5-85d9-44f0-aca532e59a9e,FXF-BND-rg,,2,4,f,
86f4af40-8720-23c5-964e-386fc9e0f897,FXF-NSP-rg,,2,4,f,
889179ce-59de-8141-6b7f-555c341b6c63,FXF-GNA-rg,,2,0,f,
89ac7bd6-aac2-1e4e-192e-77eb142aa7ac,FXF-BSE-rg,,2,4,f,
89edec73-23fe-b8a2-469a-c2632ea0697b,FXF-LEX-rg,,2,4,f,
8c44a591-ca1e-8ace-d0ec-ca7534d3995f,FXF-PLD-rg,,2,4,f,
8d181617-1328-3c0e-8d09-b2410d98a677,FXF-ZZV-rg,,2,4,f,
8fd007ee-3406-f235-3332-8ae4a13eb47b,FXF-PCA-rg         ,,2,4,f,
9143a4a1-bf3b-ae05-79c9-3657cdb6473d,FXF-DTR-rg         ,,2,4,f,
924bcc50-2cfc-a811-92eb-7d727a01e8ba,FXF-PHN-rg         ,,2,4,f,
934a2cf7-af8c-9d79-ebcd-65a4ae247831,FXF-ANH-rg         ,,2,4,f,
93b2e405-acaf-4d53-a8a7-0d4f02e85cc5,FXLG-RVW-MGCP-rg   ,,2,0,f,
94ff9e90-7f37-42a3-0a63-a655341d9de7,FXF-FWA-rg         ,,2,4,f,
954739e5-c4e2-c476-eaa3-614848dea503,FXF-TWF-rg         ,,2,0,f,
97903b54-176c-2d70-d69b-76cbe562cf7b,FXF-GLR-rg         ,,2,4,f,
97d801dd-0d40-2a36-5d2b-4be03a046267,FXF-OTW-rg         ,,1,4,f,
97fbe8b2-c35b-841e-896e-1577812b4804,FXLG-Voicemail,,1,4,f,
98b96ee5-b302-b422-e669-4ed2f3b471e5,FXF-HBG-rg         ,,2,4,f,
99075371-8e87-1e59-d148-eaa3461d26d9,FXF-IVN-rg         ,,2,4,f,
99e51c19-8c0c-6813-00d4-4923f9507dbf,FXF-WBA-rg         ,,2,4,f,
9af4f857-2430-3c89-913c-6c4db949f227,FXF-TAC-rg         ,,2,4,f,
9af758ab-5eef-e7e7-b831-1ac33b13ad13,FXF-RAP-rg         ,,2,4,f,
9d5f8c0c-2d5c-2069-2596-53dc63bec42f,FXF-PHL-rg         ,,2,4,f,
9ddbd540-5b39-7f9f-29e4-b40ed88a581a,FXF-MFD-rg         ,,2,4,f,
9f170f63-90b3-e9c6-5ae5-0f1cc8399a77,FXF-AUR-rg         ,,2,4,f,
9f443315-dba3-e123-5193-dff63dc91630,FXF-STK-rg         ,,2,0,f,
a040672e-fbd3-f487-fa86-fa83a3412b89,FSC-FTWS-rg        ,,2,0,f,
a07b5639-a446-eb45-d0aa-17b92f4e4a17,FXF-SAV-rg         ,,2,4,f,
a0cd86e9-9036-2ead-236a-69fa00a3fdf7,FXF-SJM-rg         ,,2,4,f,
a110e822-2512-295e-4002-48d9be632997,FXF-GLD-rg         ,,2,0,f,
a13a0bc5-c15c-88f0-1688-b21deb019ad9,FXS-EGW-ECRC-SIP-rg,,2,4,f,
a203f127-45b6-2cd1-d133-028a82beee20,FXF-EVT-rg          ,,2,4,f,
a26db8d4-f6f3-137f-4a55-984cf2442414,FXF-OXN-rg          ,,2,4,f,
a2b9541d-fad3-1afe-aaf1-0e31e772f4e4,FXF-CHA-rg          ,,2,4,f,
a33c8cf7-50b0-4743-a20b-bad204789ec9,FXF-HWO-rg          ,,2,4,f,
a44a8bdd-914b-08c8-afcb-6cba1133ccd3,FXF-MAU-MGCP-rg     ,,2,0,f,
a4b20757-3a17-0d08-40e1-73d4b6480df1,FXF-GRI-rg          ,,2,4,f,
a5336a27-3442-1602-45cb-968df4c508fe,FXF-MOD-rg          ,,2,4,f,
a62c6a7a-e926-77b8-8315-05b167c5e5e4,FXF-DPL-rg          ,,2,4,f,
a639079b-8056-547f-df6d-11addd6f78f2,FXF-WPB-rg          ,,2,4,f,
a78aa864-6432-3dbc-5e45-74d9acaf83a1,FXF-JOP-rg          ,,2,4,f,
a87594f8-9198-26da-c0aa-a69200733da5,FXF-KKE-rg          ,,2,4,f,
a8dde92c-2be6-aabb-9c97-6a9af61001ba,FXLG-WIN-MGCP-rg    ,,1,0,f,
a8e0d385-2c34-1367-753b-f3c558c8afe8,FXLG-VAN-MGCP-rg,,1,0,f,
aa041541-f9fb-fa5d-7ce6-920f98180bdf,FXF-SED-rg          ,,2,4,f,
aa3c28da-2ccc-3012-f264-533eca161b0f,FXLG-MMP-MGCP-rg    ,,1,0,f,
aa908b76-ccff-449c-fbaa-79040be2d991,FXF-MEM-rg          ,,2,0,f,
aada146d-987f-2565-ee95-9c65590d2dd9,FXF-CNG-rg          ,,2,0,f,
ab0e6faf-4c8e-0ff9-a35e-08633325038f,FXF-GAR-rg          ,,2,4,f,
ac6d395e-0fdf-b6b6-3c88-629dca25ead3,FXF-RFD-rg          ,,2,4,f,
acaa53ac-ee84-cc96-44d2-3df31adda07a,FXF-AGS-rg          ,,2,4,f,
acfe5bc2-224f-b7a2-e659-dbdda12e14c5,FXF-FXCC-ATTLOCAL_rg,,1,0,f,
ad52f82d-94e6-26cc-2fe2-d75604cf9f33,FXF-CLR-rg          ,,2,4,f,
ad73137c-f9fe-efea-eef6-6073ae8d5138,FXF-CHS-rg          ,,2,4,f,
af6b13cc-1cf6-5fa5-c380-5be0868a95ee,FXLG-OSG-MGCP-rg    ,,1,0,f,
b17c3301-fe33-f6fa-08f9-79afbaaac920,FXLG-DAL-MGCP-rg    ,,1,0,f,
b1f1e996-e3eb-266e-9d30-780c8f201607,FXF-NHS-rg,,2,4,f,
b2e01200-abcf-eb66-9435-1aff0f7ab71f,FXF-SGO-rg   ,,2,4,f,
b58a0a01-0315-b43b-835d-ce4264b4126a,FXF-STN-rg   ,,2,4,f,
b60aac53-3828-5398-b669-678982555031,FXF-SLO-rg   ,,2,4,f,
b6219acd-1a5c-e4bb-4265-8bce7ba24f21,FXF-RED-rg   ,,2,4,f,
b67c123b-8d08-0214-98dd-107669ad102e,FXF-CKB-rg   ,,2,4,f,
b7727727-4a4a-f3a4-b2af-37086784319c,FXF-KTL-rg   ,,2,4,f,
b77fd5bb-1fb3-b415-b8b4-45ec8e7300a5,FXF-DLH-rg   ,,2,4,f,
bb6fb9a1-ee09-e325-1919-6d1dbf9d1145,FXF-MPV-rg   ,,2,4,f,
bd396754-199b-97b8-92b7-9e8e23a33c5e,FXF-NSD-rg   ,,2,4,f,
bdb92007-5f68-77e5-4aa4-21c6e9fbac31,FXF-NOL-rg   ,,2,4,f,
be1d9b1f-525f-90de-3930-7dd6d03cddf7,FXF-LON-rg   ,,2,4,f,
bed2d7de-132b-4308-dfa7-5b8e26764e11,FXF-MCN-rg   ,,2,4,f,
bf6dcfd7-63e1-8ffd-938e-b4e65ed412ed,FXF-DRS-rg   ,,2,4,f,
c164f664-3be2-efbc-1032-0662abf3a12c,FXF-FNT-rg   ,,2,4,f,
c186a669-17cb-5ffc-0758-360918cd87b1,FXF-WSP-rg   ,,2,0,f,
c22df0c5-6e0f-d62a-6d08-b72f148691e1,FXF-MAN-rg   ,,2,4,f,
c2305c91-3829-055b-8836-24e9c8fa85b5,FXF-CRB-rg   ,,2,4,f,
c56c4bfe-f7cd-abb4-29e9-01e7ff11380b,FXF-BNH-rg   ,,2,4,f,
c57345d0-eee1-ffda-56d0-53ff461140d5,FXF-VNL-rg   ,,2,4,f,
c5799dd8-5139-af3a-5b21-f581938f4d71,FXF-FAR-rg   ,,2,4,f,
c6ef4bd1-b572-812b-9f0d-2003d2a1a907,FXF-LNK-rg   ,,2,4,f,
c71a4252-8dce-8d66-fe39-612f26357c09,FXF-SLM-rg   ,,2,4,f,
c7bb6e1d-a9af-a11f-8efd-07572de6f014,FXF-NHU-rg   ,,2,4,f,
c996fe86-895d-ae76-f43e-cc6966575bba,FXF-ABY-rg       ,,2,0,f,
cb42cfb1-5b6d-e524-7404-1528bf3bda77,FXF-CIN-rg       ,,2,4,f,
cceb3991-dbe4-a307-c357-96b187646607,FXF-NAT-rg       ,,2,4,f,
cd1511fe-7e00-68ca-31a5-a17e4ac90218,FXF-SBR-rg       ,,2,4,f,
cd660716-c7c9-9a93-c0ad-9117ac03e4cb,FXF-JXN-rg       ,,2,4,f,
cf8d5a9b-65ce-6e81-fbb2-6480cb1565bb,FXF-BIS-rg       ,,2,4,f,
cf999403-96e5-18c0-937a-be03df50b3d6,FXF-KNG-rg       ,,2,4,f,
d0efbe2c-d361-e949-376b-3b9b0de588cd,FXF-BMT-rg       ,,2,4,f,
d117ac4f-edd9-1a15-a13e-4390349e6c69,FXF-FCY-rg       ,,2,0,f,
d144dc39-f1fd-8439-811e-3b48fec96e54,FXF-ROA-rg       ,,2,4,f,
d1b7684c-290e-aa9d-3c90-3ee2c3bf0f77,FXF-DRT-rg       ,,2,4,f,
d1e82d4c-32df-3e9d-241a-4ccdd615334a,FXF-FXCC-ATTLD_rg,,1,0,f,
d449a41a-b3cb-3fe5-1d64-63c45de9d79c,FXF-LUG-rg       ,,2,0,f,
d7bda344-54f8-b718-63aa-6fb6034f080d,FXF-RNO-rg       ,,2,4,f,
d7d1cec3-93ee-d3c0-c530-0c913741a434,FXF-TOP-rg       ,,2,4,f,
d87e77c9-283a-0e23-e43a-27a79a70f058,FXF-SJU-ATTSME-rg,,1,4,f,
d9f05c1e-223f-fe5f-2af1-d4ea4e1f2d07,FXF-BLY-rg       ,,2,0,f,
db0ca71c-eb49-9641-6938-e8f5d2eff8de,FXF-MED-rg       ,,2,4,f,
db9ba412-cf7d-b934-57b2-074849543286,FXF-JKT-rg       ,,2,4,f,
df13e0ca-bfd4-8210-55ad-2d7cf194719b,FXF-OWA-rg       ,,2,4,f,
df3423cb-e3dd-554f-1491-a05c38102746,FXF-DBQ-rg       ,,2,4,f,
dff7298e-d1ef-8506-b2bd-753501fde875,FXF-WMR-rg       ,,2,4,f,
e19107b4-0a64-b435-db3b-21411faf78b1,FXF-EAB-rg       ,,1,4,f,
e1bfbaa8-407f-6751-222d-73d07c489373,FXF-CRP-rg             ,,2,4,f,
e21be786-2824-d949-85ca-9067eb4afdd0,FXF-GBD-rg             ,,2,0,f,
e3f15781-ff3c-8362-3b77-5e0c8fea1787,FXF-QCY-rg             ,,2,4,f,
e4620a85-96bf-45e7-a260-d62ca9856fda,FXF-SJU-LocalGW-rg,,1,4,f,
e4d3100d-4021-b411-5292-d520ae6ee171,FXF-HRO-WSTREAMLOCAL-rg,,1,0,f,
e4ffa1c7-d838-fef5-3c74-26387934a3b6,FXF-WNP-rg             ,,2,4,f,
e66c8744-53a7-7753-7eff-f0765f0e484d,FXF-WPT-rg             ,,2,4,f,
e93cc9b8-c143-1aba-360b-a47a146fa09e,FXF-PAS-rg             ,,2,4,f,
e9a91beb-9e96-8d23-c069-9ecba2eec7c0,FXF-WNZ-rg             ,,2,4,f,
ea159368-097e-4914-3c90-7d05ca5e7ab1,FXF-TYR-rg             ,,2,4,f,
ebf22ea9-1675-2510-83ef-0a136a15b747,FXF-ETO-rg             ,,1,4,f,
ecacf02c-e24b-aa71-6526-3eadeac177d1,FXF-LFT-rg             ,,2,4,f,
ed099f0e-9660-6b8e-7c26-a7a116892428,FXF-SPO-rg             ,,2,4,f,
ed911580-9b69-8eab-01c8-607eb45bd547,FXF-HMS-rg             ,,2,4,f,
ee1c70b9-7c47-bb3f-8eaf-c3c11a2d2c0d,FXF-MOB-rg             ,,2,4,f,
ef2a4d0f-294a-9a59-b5d5-a1335e05a55e,FXF-CAD-rg             ,,2,4,f,
ef6dd515-20bb-f706-69cf-6ae306d3272e,FXF-BWG-rg             ,,2,4,f,
ef81672c-0c6d-496c-2af2-4a161ea56d5e,FXF-SDO-rg             ,,2,4,f,
f02026a1-2fe3-95b4-c572-7fa0346736ae,FXF-PBF-rg             ,,2,4,f,
f3199c6b-ec75-3245-cce7-ec37a8d0173e,FXF-HKY-rg             ,,2,4,f,
f4559288-2edb-5a78-b200-1d531eeb1f3e,FXF-DCU-rg             ,,2,4,f,
f5f96a81-5ce0-1485-77f7-f4f096c9a86a,FXF-ALT-rg             ,,2,4,f,
f724affb-1e42-69b8-52ae-1849632ee841,FXF-ANB-rg             ,,2,4,f,
f81fdaab-bb6d-671e-b1a8-29a4600fc2cc,FXF-BHM-rg             ,,2,4,f,
f93948e0-4d14-ad13-53e6-ef740deeb936,FXF-OCF-rg             ,,2,4,f,
f9414bd6-e477-42dd-f00c-adfe458da3f2,FXF-OTM-rg      ,,2,4,f,
f9971620-0731-3f82-e693-4845bf08b591,FXF-CRW-rg      ,,2,4,f,
f9f5a4a2-7e72-735d-4744-9c0ad10fcdad,FXF-PVD-rg      ,,2,4,f,
fd161b2e-1db3-45bd-56f2-9a6777f71ecf,FXF-BLS-rg      ,,2,4,f,
fd4a161d-0b4c-72f8-5d0d-cd619a5b95ad,FXF-BTE-rg      ,,2,4,f,
fd8eb107-5c25-df98-cef7-9263a1ced70f,FXF-NPL-rg      ,,2,4,f,
fe048cb0-b950-16bd-f342-921ff7a726ca,FXLG-TYN-MGCP-rg,,1,0,f,
feb0b45a-c308-dd80-de83-cee43f74e7f5,FXF-BUF-rg      ,,2,4,f,
fedb1b1f-d5b0-7153-3544-1b5ea907ed3b,FXF-NDA-rg      ,,1,4,f,
0f7ad288-6028-911b-8fcb-c7fe6e50e71a,FXE-FIELD-A-BHMRT-rg,,1,0,f,
0032373d-c1d3-2f16-0379-8c6c805d5f3b,FXE-FIELD-A-GTVA-rg,,1,0,f,
3326c9db-73bb-8176-9ee0-40f6e68928f9,FXE-FIELD-A-BAFA-rg,,1,0,f,
60cda62c-acd3-21a0-7280-611ac67da4cd,FXE-FIELD-A-BCBVM-rg,,2,0,f,
3170a3ff-d084-2297-21a6-8255ed7f624d,FXE-FIELD-A-BLVA-rg,,2,0,f,
6b9b1600-5088-a222-a331-dc4f6230b463,PSPA_Local-T1_rg,,2,0,f,
a566bca4-8a63-33ee-210f-877d3848e070,FXE-FIELD-A-FAYA-rg,,1,0,f,
ce8d23d8-86be-de97-9f17-fdf9b155200d,FXE-FIELD-A-LUFA-rg,,1,0,f,
bebe3fcf-2d6b-4144-6549-aa7bae86c204,FXE-FIELD-A-CICA-rg,,1,0,f,
bf28cb3b-cb8d-cf77-33ab-7d07d3a92078,FXE-FIELD-A-MKLA-MShephard-rg,,1,0,f,
6c87f261-a375-a2b8-3119-fefb65aad8f6,FXE-FIELD-A-PLHR-rg,,2,0,f,
b5b8ba59-c131-266d-eeff-5dc2ecffd1b7,FTYE_FXO_rg,,2,0,f,
ea306cf6-f7e9-8dca-ca5b-ad5df9773d0c,FXE-FIELD-A-ABQR-rg,,1,0,f,
bf02cd81-1d5f-758e-22cd-9010c8d1020f,FXE-SGUA_rg,,1,0,f,
7cf5abf9-7bf7-76e6-0e7c-1123db9709ec,FXE-FIELD-A-CDCA-rg,,1,0,f,
5fefd07b-ef73-d73a-a042-333457bd6f4b,FXE-FIELD-A-CGIA-rg,,1,0,f,
ccdc9100-19d0-86c0-642e-6b25b262301a,FXE-FIELD-A-STJSC-rg,,1,0,f,
abbf222f-4422-c807-c475-92015128d0de,FXE-FIELD-A-BFDA-rg,,1,0,f,
e29cb667-3da9-8316-8f29-a17de9838712,LASA2_Local-T1_rg,,1,0,f,
ce311584-894b-cb05-c035-f42230d12ca5,FXE-FIELD-A-ICTR-rg,,1,0,f,
03aa248c-eaec-2ecc-5020-a934c9e8e50d,FXE-FIELD-A-PVDR-GSE-Maint-rg,,1,0,f,
0216a20b-57c3-e65c-f772-3f5f3e304f74,FXE-FIELD-A-ACTA-rg,,1,0,f,
2e49a3f3-39f0-dc7e-1568-2c042a2fcc3b,FXE-FIELD-A-GCYA-rg,,1,0,f,
ec0f0ef6-16ad-88cf-1646-03eb4f192576,FXE-FIELD-A-HYAA-Paging-rg,,1,0,f,
b7b9b5e1-779f-e093-5ae5-ca3a25d6572a,FXE-FIELD-A-GEGA-rg,,1,0,f,
4d33be49-4e69-f81b-4795-c3fceabedc25,FXE-FIELD-A-APFA-rg,,2,0,f,
17f39518-dfd8-66f9-d0ee-445b336932d3,FXE-FIELD-A-ONP-rg,,1,0,f,
4435513d-4434-7dc6-004b-1a76d5ece472,FXE-FIELD-A-CKVA-rg,,1,0,f,
0f2b825f-05c3-f0ea-6fff-f17941dd4476,FXE-FIELD-A-BVUA-BSTSIP_rg,,2,0,f,
5472eb7c-4f19-82c4-6e14-55875ee71a0b,FXE-FIELD-A-ERIA-rg,,1,0,f,
d460d459-7727-d592-ef07-044f47f7f38a,FXE-FIELD-A-GRRR-Paging-rg,,1,0,f,
68d83dca-2ecb-db43-7a9b-83d339890cf4,FXE-FIELD-A-LJCA-rg,,1,0,f,
0f4770d6-0139-c9da-75d1-e64744b327c9,MRIA_Paging_rg,,1,0,f,
45df4680-b2df-a958-9c89-ec16637803ca,FXE-FIELD-A-CLUA-rg,,1,0,f,
98a6a024-afac-c364-df1e-e6b6425dc060,FXE-FIELD-A-MRNA-rg,,1,0,f,
690e8d4b-fcbb-3fd6-13b1-e39ff3b76a54,FXE-FIELD-A-OKCR-rg,,2,0,f,
c56606fe-79cd-ab91-66df-953d7707260b,FXE-FIELD-A-IXDA-MGR-Phones-0242-rg,,2,0,f,
c1219c1f-8f40-10bd-2539-ac0977568cdc,FXE-FIELD-A-SYRRT-rg,,2,0,f,
f25b62fa-d1aa-c909-edfe-3c44da7f4ec6,FXE-FIELD-A-IXDA-MGR-Phones-0533-rg,,1,0,f,
6d2313f0-ceb7-df07-1b35-1c600c86c56b,FXE-FIELD-A-JSDA-rg,,1,0,f,
bdb47083-60d2-d886-1dac-318908aade67,FXE-FIELD-A-FTCA-SHOP-rg,,1,0,f,
14ccc685-917b-4d1d-bfdd-0cfd8dbbb64e,FXS-SME-GLOBAL_rg,,2,4,f,
a01bfeb2-f9b9-2b2d-0194-331ba2374756,FXE-FIELD-A-BISA-rg,,1,0,f,
e9c309fe-eeb6-1929-8956-defbf4eace8d,FXE-FIELD-A-DIKA-rg,,1,0,f,
f9cbaa18-10f8-df50-4c30-9265483e706b,FXE-FIELD-A-GRBA-rg,,1,0,f,
1bfab178-2fce-d794-80de-c2631a8ac698,FXE-FIELD-A-GXYA-rg,,1,0,f,
e08503a3-e498-3c12-9971-bcc0edc85c47,FXE-FIELD-A-PUB-rg,,1,0,f,
dce462d6-5e86-18cd-606b-7363d2193415,FXE-FIELD-A-BJCA-rg,,1,0,f,
a0d04c1d-3f20-f9ac-77da-a1c77cd54e36,FXE-FIELD-A-LGUA-rg,,1,0,f,
5a8283d2-d795-9483-3687-7599f6d3d8f4,FXE-FIELD-A-BKWA-rg,,1,0,f,
35360ee6-9543-0cfc-912a-843fc9880126,FXE-FIELD-A-LNAA-paging-rg,,1,0,f,
c56dcbb3-aa8d-523d-af8a-6df4bd79da9d,FXE-FIELD-A-GIFA-rg,,1,0,f,
bbab4462-2da6-717a-f19a-44c4e84241e2,FXE-PIRA_rg,,2,0,f,
f2eec73e-2343-5443-9665-93461f77a346,FXE-FIELD-A-LAXIP-rg,,1,0,f,
89632b0e-af95-eabb-f341-8dd19f529a8a,FXS-FIELD-SME-LEGACY-86-ICT-rg,,1,4,f,
ac7e0ff6-78a4-c230-ce0b-93b8c52c5e0e,FXE-FIELD-A-BMGA-rg,,1,0,f,
101e04c8-d40f-aa9e-44d3-38e85cd5bb31,FXE-FIELD-A-DNNA-rg,,1,0,f,
d4d6c8b3-5673-197e-01b7-833fb1b82784,FXE-FIELD-A-AMWA-rg,,1,0,f,
f129e336-8d8b-1a4c-9992-638735688072,NXXA_Paging_rg,,1,0,f,
429d1303-3d98-3a22-4989-930c0786340c,FXE-FIELD-A-BLMA-Paging-rg,,1,0,f,
96ff7931-946d-9f16-4587-608bcef114aa,FXE-FIELD-A-BOIA-rg,,1,0,f,
4e8cc2bf-46ec-116f-103c-474500f38c5f,FXE-FIELD-A-FSMA-rg,,1,0,f,
36018d44-a171-468e-83d3-3457c37741d7,FXE-FIELD-A-MGEA-Paging-rg,,1,0,f,
862b1dc3-631a-853a-0ecc-5b6465b8186c,FXE-FIELD-A-CLEDD-rg,,2,0,f,
6a40fc1f-230c-c5b6-f1da-3dee0201166b,FXE-FIELD-A-AUGA-rg,,1,0,f,
e20d5be1-f9d2-fd6c-d64b-c294801c1ef1,FXE-FIELD-A-LNAA-rg,,1,0,f,
cbec244f-f222-2f9b-2690-33be87a53065,FXE-FIELD-A-ELDA-rg,,1,0,f,
316d4247-662c-eed7-608c-8aba86aec3a3,FXE-FIELD-A-CAER-rg,,1,0,f,
3f01eea9-1959-1df6-c460-d7158dbd714b,FXE-FIELD-A-WTCA-B-rg,,1,0,f,
7b72bf5a-0b1e-0940-cb98-fa72dcc922b0,FXE-FIELD-A-AYEA-rg,,1,0,f,
c6322d26-0aba-e132-5fe5-961f3d6b97b1,FXE-FIELD-A-LEEA-rg,,1,0,f,
de0ce08f-c440-71b6-ff35-84f734f1df71,FXE-FIELD-A-LNKA -rg,,1,0,f,
465a2806-f44b-dbef-31c2-4afe3ac663e4,FXE-JGLRC_rg,,1,0,f,
46048950-1706-c6ea-64ef-96dc1ae0fecd,FXE-FIELD-A-MEJA-rg,,1,0,f,
7e675f3e-678b-b0d2-8b2e-08bdc32ab845,FXE-FIELD-A-LYHA-rg,,1,0,f,
993f6cf7-b2df-1a51-22a9-31a18cb17511,FXE-FIELD-A-AOHA-rg,,1,0,f,
67890df7-448d-a8e4-6fdc-f7a0b95641f3,FXE-FIELD-A-PVDR-Air-Maint-rg,,1,0,f,
5de4ee92-0942-7084-ed89-0faf81489119,FWAR2_Local_1_rg,,1,0,f,
4cccf411-2d34-b657-57b3-d196c9434c30,FXE-FIELD-A-GNVA-rg,,1,0,f,
9b2f77ef-da28-b037-4baa-1225e23af51c,FXE-FIELD-A-FFTA-rg,,1,0,f,
0b5bcadf-ae34-c84c-f5bb-547bff9e371c,FXE-FIELD-A-LRDA-rg,,1,0,f,
8cc65823-cdf9-c899-45d4-4d0954271cf4,MRIA_Local-T1_rg,,2,0,f,
c43307e1-3c73-4e4b-5a0b-6eb72faf634a,FXE-FIELD-A-MMUA-rg,,1,0,f,
01f137ae-8031-7a5c-22ed-c3f62203d242,FXE-BMIR_rg,,2,0,f,
2ec64bf2-58b6-25fe-8bb5-2139df4224fe,FXE-FIELD-A-GRRR-rg,,1,0,f,
26df4cd4-1c39-c5e9-d6e5-f4d3d788e12f,FXE-FIELD-A-LRUA-rg,,1,0,f,
f87d22b4-cdfb-fa1e-70e8-b9daed40fd1d,FXE-FIELD-A-LCKRT-rg,,1,0,f,
7b113ebe-cb4b-ea97-c869-ea4af393b99a,FXE-FIELD-A-JDYA-rg,,1,4,f,
80e740aa-2922-a233-f31c-b7c68bab6c5c,FXE-FIELD-A-DVA-rg,,1,0,f,
e1166342-6f5f-f31a-0fe4-4c10af795ae3,FXE-FIELD-A-BTVA-rg,,2,0,f,
c551b8f8-9e5a-302e-7fb2-6d5a09fe36e5,FXE-FIELD-A-MCIR-rg,,1,4,f,
12243497-fb5a-0779-33e7-e2a89c52b018,FXE-FIELD-A-HUFA-rg,,1,0,f,
1d6ff903-9890-6d72-42a7-a01a0d92ac23,do FXE-FIELD-A-ABYA-rg,,1,0,f,
62f6dc41-5516-6105-393e-c056b2c0f7c7,FXE-FIELD-A-BJJA-rg,,1,0,f,
4ab8e61d-a6d8-8dec-b28e-4513f704cfdb,FXE-FIELD-A-OLVA-rg,,1,0,f,
db75010a-b0d6-ca7a-50e3-e0712a260c60,FXE-FIELD-A-MMIA-rg,,1,0,f,
aaab9f41-072f-1431-ce93-e0c305ae8fa0,FXE-FIELD-A-PLBA-Paging-rg,,1,0,f,
cde0c328-8425-251d-f9d6-76c2f72d1538,SNAR_Local-T1_rg,,2,0,f,
5468ba9e-9ed0-f7d3-cc6d-72cef47470b4,FXE-FIELD-A-DVTA-rg,,1,0,f,
0edc3c20-83ba-b189-952d-9682608ebdfb,FXE-FIELD-A-DTKRT-rg,,1,0,f,
9550cc46-51cf-3105-a1fd-c032de96181a,ORDR_Local-T1_rg,,1,0,f,
2b4cdb43-d76f-05c3-0634-77bae258003d,ROCA-TESTING,,1,0,f,
7c69c737-6244-6dd4-d3b6-076f876e6152,FXE-FIELD-A-SCFA-rg,,1,0,f,
a7e61dce-cb96-e97b-84d1-525816f649f8,FXE-FIELD-A-SLNA-rg,,1,0,f,
dd1ab37f-796e-71ef-075e-10035781646f,FXE-FIELD-A-EGEA-rg,,1,0,f,
18e25f04-2e0b-7202-151c-a02ae8454ff6,FXE-FIELD-A-LGCA-rg,,1,0,f,
78f484e3-f9b9-39ce-707e-098a2889c050,FXE-FIELD-A-BLIA-rg,,1,0,f,
f758e0a0-a307-5deb-c863-222c87fe2309,FXE-FIELD-A-DABA-Paging-rg,,1,0,f,
08dbb8f5-fb84-e299-ccc4-9ec701514c2b,FXE-FIELD-A-ORDRT-rg,,1,0,f,
cfbc85b0-865f-b15b-2634-aba2357aded3,FXE-FIELD-A-CVNA-rg,,1,0,f,
ec3f7077-0b6b-26bf-176e-8b482aed6f59,FXE-FIELD-A-DEOA-rg,,1,0,f,
f0910b30-99fb-1951-9a1f-9f5669a3017e,FXE-PDXRT_rg,,2,0,f,
caf7d198-4816-b3f9-eeee-0bc297fd1c08,FXE-FIELD-A-NELA-rg,,2,0,f,
a7d12feb-5cf4-3f2a-2238-fb76b243efad,FXE-FIELD-A-ANDA-rg,,1,0,f,
4673f08f-1a5c-fb62-61e2-cf9835d3e929,FXE-FIELD-A-ITOA-rg,,1,0,f,
4e87879b-3392-a4b4-93b6-0de1a4d4f68b,FXE-FIELD-A-PWMR-rg,,1,0,f,
8ba4ce1a-4f8d-bf25-9f4e-ca1e36137cdd,LKSA2_Local-T1_rg,,2,0,f,
c0ccc9b0-4cb1-1b2c-ab9c-9c71c972a8d9,FXE-FIELD-A-CBEA-rg,,1,0,f,
28b886d8-fdb3-3e84-2fa7-c3c501bf8071,FXE-FIELD-A-EYWA-rg,,1,0,f,
bc15382c-9b2e-019f-b90f-56b978ef7096,FXE-FIELD-A-MYVA-rg,,1,0,f,
0253b30e-a314-b086-1283-60c7ee033a4c,FXE-FIELD-A-PVDR-Paging-rg,,1,0,f,
6f3ba9cc-295d-4836-b418-ae0c6cc039e7,FXE-FIELD-A-FLOA-rg,,1,0,f,
afa131b1-2dc8-8139-9424-5ac1f33fc8af,FXE-FIELD-A-CECA-rg,,1,0,f,
0802bdaa-a6c1-2a04-d175-eefadc268d0a,FXE-FIELD-A-CCRA-rg,,1,0,f,
08b48853-c677-b818-0001-2d00da91eb84,FXE-FIELD-A-BDLR-Paging-rg,,1,0,f,
bbd2e459-2706-e144-15f1-6e5355104088,LBEA_Local-T1_rg,,1,0,f,
9e50048a-e34a-e3d0-490d-3add2ba82497,FXE-FIELD-A-LOGA-rg,,1,0,f,
2a881105-d3fb-fafe-f867-08ee4ed5622e,JRAA_Local-T1_rg,,1,0,f,
8adc741c-90e2-49a2-b721-7da9d9e7284a,FXS-FIELD-SME-LEGACY-87-ICT-rg,,1,4,f,
e1dc46f8-9ce3-3244-0589-b3e34ee49b5f,FXE-FIELD-A-LMTA-rg,,1,0,f,
c3836a1f-036a-3890-f7fd-25b3415b8ac4,FXE-FIELD-A-DCAA-911-rg,,1,0,f,
10b37ec7-e1c4-e2f2-dc6d-af3f432de422,FXE-FIELD-A-CRXA-rg,,1,0,f,
51982f8d-99fd-9c84-0080-c4b63f043fce,FXE-FIELD-A-RIDA-rg,,1,0,f,
f7d8c2ca-1170-0afa-3805-fc002e40e37f,FXE-FIELD-A-BHMA-rg,,1,0,f,
cf1c58e3-8e8f-e61f-3285-a2a215122b29,FXE-FIELD-A-FHR-rg,,1,0,f,
6f148849-7edd-8dab-3d1b-d10e2ce136d3,FXE-FIELD-A-DAYR-rg,,1,0,f,
c8eb651d-223d-4bb9-d2dd-a3f988d1b099,FXE-FIELD-A-AIKA-rg,,1,0,f,
33e78efa-26c3-b0dc-e364-c2b0c127dc10,FXE-FIELD-A-BOIR-rg,,2,0,f,
a7c696aa-223d-669b-0c52-055bf1e91a18,NQAA_Paging_rg,,1,0,f,
3c5a549a-c843-a670-829d-33b5e1bebfc4,FXE-FIELD-A-MVNA-rg,,1,0,f,
96c5553c-8f4a-1515-3bc2-91b2093549b8,NYCSL_Local-T1_rg,,2,0,f,
93732167-3832-a2d6-707a-fb4b786fc87e,FXE-FIELD-A-ELPA-rg,,1,0,f,
b26688e3-30be-4417-40b4-1893b18be6f1,FXE-FIELD-A-BWGA-rg,,1,0,f,
893aef12-163e-0643-db17-e2c66589318b,FXE-FIELD-A-ABER-rg,,1,0,f,
5011645e-d1e5-f8a8-cfa4-096db01a432b,FXE-FIELD-A-CRWA-rg,,1,0,f,
b63425e5-5416-5555-3dac-8d7b5185533c,FXE-FIELD-A-MFRA-Paging-rg,,1,0,f,
0468b3f8-c54b-cb3e-835b-c83158280994,FXE-FIELD-A-AUSA-rg,,1,0,f,
0f42eca5-a24e-3453-f128-d7b808bd4657,FXE-FIELD-A-SVCA-rg,,2,0,f,
ac2ec6e0-7ce6-a659-d6ed-952b5a67d454,FXE-FIELD-A-CLTRT-rg,,1,0,f,
3fec2933-d504-2168-87cd-87f56cac0f1c,FXE-FIELD-A-ABIA-rg,,1,0,f,
042cbfa4-c182-d117-e83d-e87f2fb22426,FXE-FIELD-A-CLTR-rg,,1,0,f,
8fbf8ffa-f663-dce9-6096-c7c5486fb812,FXE-FIELD-A-PVDR-rg,,1,0,f,
d7ee2cb3-3f0b-abde-c73d-6c448fe361ce,FXE-FIELD-A-DECA-rg,,1,0,f,
11e4c8a7-4af6-b56c-249e-98f2dd19c1c0,FXE-FIELD-A-HRLB-rg,,1,0,f,
d58e61e2-5248-ece0-3db2-5895c2026f69,MQYA_Local-T1_rg,,2,0,f,
a2750468-5bd7-f56a-4836-90e5fbd4ee4b,FXE-FIELD-A-LAXFT-rg,,1,0,f,
659d48a9-6030-cc09-cafc-bd8a10e2b139,FXE-FIELD-A-JAXR-rg,,1,0,f,
17b328dd-f25e-d429-4bb3-28f201a28785,FXE-FIELD-A-JLNA-rg,,1,0,f,
89d9ad25-b048-5ae7-1ccc-e315932c71ad,FXE-FIELD-A-CPSA-rg,,1,0,f,
0df44039-eaa8-81fa-0744-e402994ad4ec,FXE-FIELD-A-EATA-rg,,1,0,f,
9fe57bd1-1f97-1588-96e7-3ad7f6c05334,FXE-FIELD-A-AVPA-rg,,2,0,f,
a79cfcfe-b8dc-e972-91a8-0e6c44b520e8,FXE-FIELD-A-FSDA-rg,,1,0,f,
728ec617-7996-1f2f-a421-16090ad7e7a1,FXE-FIELD-A-LNSA-rg,,1,0,f,
6ec93060-977a-9e2c-c5c5-aa5d3d67b402,FXE-FIELD-A-CMIA-rg,,1,0,f,
5e0a9a26-ad03-a311-8eed-989c4937408b,FXE-FIELD-A-BPTA-rg,,1,0,f,
59e04ac6-f121-9273-5e72-721ca3b283fd,FXE-FIELD-A-PRIA-rg,,1,0,f,
d1fb56ad-4990-997a-db34-d4e7bdceae8d,FXE-FIELD-A-NZJA-rg,,1,0,f,
11c2a2c6-952f-e0e1-ffbc-d94502cd4565,FXE-FIELD-A-FEPA-rg,,2,0,f,
ccef631a-54ab-3d14-8816-9977e8aaf464,FXE-FIELD-A-BMIA-rg,,1,0,f,
a4e60fcc-37c6-72cd-8b83-bb8811d0cd2d,FXE-FIELD-A-GNVA-Paging-rg,,1,0,f,
61394b53-101f-5038-22e8-ee640736a03c,FXE-FIELD-A-BTMA-rg,,1,0,f,
0ce3a704-5d57-04e8-f5e2-64b7920ed67e,FXE-FIELD-A-MEJSC-rg,,1,0,f,
44c1d766-d98e-77e9-c862-1c31215922d7,FXE-FIELD-A-ANBA-rg,,1,0,f,
975ec883-193a-ee69-babc-003a9a719fa3,FXE-FIELD-A-PWMR-Vehicle-Mx-rg,,1,0,f,
d16774e8-26fc-d7e5-7634-791adba40066,FXE-FIELD-A-CLMA-rg,,1,0,f,
6a87274c-d74a-9708-3400-4fe1abbaf2e1,FXE-FIELD-A-BZNA-rg,,1,0,f,
12e7daa8-9c67-815f-a26e-2605bb2b28e8,NQAA_Local-T1_rg,,1,0,f,
f0e305b7-2673-2017-bcdc-a93e7270b959,OMAR_Local-T1_rg,,2,0,f,
1333fb80-ab87-a844-0034-9d902271c74f,FXE-FIELD-A-GTRA-rg,,1,0,f,
13d4d70a-3f9f-39ee-a6cb-28ba4e669ee4,FXE-FIELD-A-FNLA-rg,,1,0,f,
a1095fbc-b9af-99ad-b2b2-d2a3bc5fa293,FXE-FIELD-A-BXAA-rg,,1,0,f,
91ee2dd0-a8bd-7ef7-25dd-fc8d178d84b2,FXE-FIELD-A-MSOA-rg,,1,0,f,
b7605cb2-cc35-4bfa-1c1f-62754cc5282f,FXE-FIELD-A-SDFA-rg,,1,0,f,
200f9e8f-6eab-fc28-4ae5-9570ca819633,FXE-FIELD-A-DETA-rg,,1,0,f,
8beaf405-3c77-a4bf-ca6f-06c923ad3d6d,FXE-FIELD-A-CVAA-rg,,1,0,f,
44954362-cffc-d9e9-7e39-d98020fc217e,FXE-FIELD-A-FYVA-rg,,1,0,f,
a330cb90-78ac-0c4c-4547-fb599378ed1f,FXE-FIELD-A-CLTR1-rg,,1,0,f,
a3e090ef-a183-f7d3-78a0-1a40e860b4f7,FXE-FIELD-A-PVDA-rg,,1,0,f,
89a69414-5f07-1adb-d3bb-e733950c10f1,FXE-FIELD-A-ITHA-rg,,1,0,f,
341586cf-1b77-5b24-3191-e3d750dd93f2,FXE-FIELD-A-ELPR-rg,,1,0,f,
a096ba00-90f4-c64c-808f-b45890864543,FXE-FIELD-A-SUAA-rg,,1,0,f,
cc04d82b-16ae-6cf6-077c-8d2bc50103c4,FXE-IAHS_rg,,1,0,f,
96ebd802-9ac7-5a90-e705-4720a79b8768,FXE-FIELD-A-BWIA-rg,,1,0,f,
faeb48a9-ee73-4cc1-0238-56baf5d7602a,FXE-FIELD-A-LFTA-rg,,2,0,f,
af8fe568-62d0-c195-5855-a892db3ffabe,FXE-FIELD-A-ABQA-rg,,1,0,f,
c6451484-549c-e6a8-442d-ace48ba101c9,FXE-FIELD-A-MGWA-rg,,1,0,f,
87beb98f-0e35-07dc-1a6c-651adf249d77,SBAA_Paging_rg,,2,0,f,
3220fc9f-3c9e-24ed-96f9-74d7e05da57e,FXE-FIELD-A-PKBA-rg,,2,0,f,
74d342b5-c15e-e1af-87dc-6f4b2ba849ef,FXE-FIELD-A-MMUA-Paging-rg,,1,0,f,
35b38ef5-91c9-54b7-af5f-d00fe4984b90,FXE-FIELD-A-EKAA-rg,,1,0,f,
a0b37a9e-7f25-9927-666f-9f4fea4c78aa,FWAR2_Local_2_rg,,1,0,f,
f770e5f2-3ade-75b6-30f9-76c5dc12f522,FXE-SJCRT_rg,,2,0,f,
850473fd-e39d-7c44-2fd6-e2ae037e5691,FXE-FIELD-A-PNVA-rg,,1,0,f,
8bac53b0-492c-6b70-964c-1520551dabe8,FXE-FIELD-A-LALA-Paging-rg,,1,0,f,
db77828c-80ae-24ab-f3ce-55b7cff22f00,FXS-SME-VZB_rg,,2,4,f,
5a7e229b-b287-ac20-4585-a6de47c8fa69,FXE-FIELD-A-IXDA-MGR-Phones-0521-rg,,1,0,f,
07fc27d2-498d-0144-05ca-08fb4bb9b636,FXE-FIELD-A-TSSA-rg,,1,0,f,
86291811-23c3-d070-5635-b2ab55c3650c,DCLEG_Local-T1_rg,,1,0,f,
0b7f3aae-2831-fb60-d465-db03015ab702,FXE-FIELD-A-BFIA-rg,,1,0,f,
b8ba050c-c6f9-9f14-e0a5-e04cc35860e3,FXE-FIELD-A-NYCS-rg,,1,0,f,
a6edb2a9-56b6-60a3-4d20-84612b417ff1,FXE-FIELD-A-KLSA-rg,,1,0,f,
6b7c5785-89d7-dda6-0b42-b27508aeb9ba,FXE-FIELD-A-DAGA-rg,,1,0,f,
40e7568e-b9da-ff07-38ff-569e011a260a,FXE-FIELD-A-BVUA-rg,,1,0,f,
4a5e8de2-257f-a3b2-9b92-63a13ea0cb4a,FXE-FIELD-A-OAKR-rg,,2,0,f,
a27966ac-ebed-25ab-332c-6b20dbf22140,FXE-FIELD-A-SFOR-rg,,1,0,f,
56eb2c2f-d4d1-9cbb-4b2d-a6e13ee9dc68,FXE-FIELD-A-MKER-rg,,1,0,f,
73e9f0f5-84e7-553a-6c00-100c1aa9bbef,FXE-FIELD-A-AGSA-rg,,1,0,f,
87924613-9b26-9187-dd9d-06794aeb0b42,FXE-FIELD-A-SMFVK-rg,,2,0,f,
cb9f119b-cc2b-8743-025d-0102da91d28a,LASR_Local-T1_rg,,1,0,f,
0e5238f3-5445-1473-24eb-cc8b18fab5f6,BHMR_Local-T1_rg,,2,0,f,
c8dda712-8771-0c43-9cfc-46caedcba93a,FXE-FIELD-A-BILA-rg,,1,0,f,
5ba0dd77-fa82-0f50-37fc-b7a353bcd7fb,DALA_rg,,2,0,f,
c6ff089e-305f-1440-a17e-c727fe71e094,FXE-FIELD-A-ABRA-rg,,1,0,f,
a3f9a21f-c3f4-b3ba-5102-226ed358d62c,SBAA_Local-T1_rg,,2,0,f,
4e92746e-97e9-dfa0-575b-2d126f52bc3f,FXE-FIELD-A-MDTA-rg,,1,0,f,
7cce4a65-2ccd-22a5-2b52-8718d086a72f,FXE-FIELD-A-ELMA-rg,,1,0,f,
ef3959bd-caf4-fe9a-d4fc-f8a8e7296a2a,FXE-FIELD-A-BILR-rg,,1,0,f,
f78fc051-767d-f223-d8b1-82fadd75be0c,FXE-FIELD-A-CHAA-rg,,2,0,f,
d5bf68db-561d-ae1c-ba1c-2e8a9e715d01,FXE-FIELD-A-SWE-rg,,1,0,f,
0da8250b-bdbb-b02d-a4ee-7f9041c1f88c,WTCA_Local-T1_rg,,2,0,f,
71f06637-d8a6-c506-a0bc-c57dcd455db6,FXE-FIELD-A-FBGA-rg,,1,0,f,
1c807d0b-cefb-ac12-c486-0d530061d892,BNAA_Local-T1_rg,,1,0,f,
045715fc-2c32-07ee-b0a9-56476ae44f57,FXE-FIELD-A-LALA-rg,,1,0,f,
ea74b8c5-d8c6-0204-2325-1e0e1b64f3d8,FXE-FIELD-A-MDTRT-rg,,1,0,f,
8a0cc0c2-9e0f-aa87-262d-86cf5e3488e6,FXE-FIELD-A-DETA-VehMain-rg,,1,0,f,
58b188b4-18f3-a803-6657-869390091c1d,FXE-FIELD-A-BDRWK-rg,,1,0,f,
bf15710a-b0d1-bc09-3530-21b6221f4617,FXE-FIELD-A-PSMA-rg,,1,0,f,
eaa4de77-7061-28b5-b06b-48009eadfb3d,FXE-FIELD-A-ATYA-rg,,1,0,f,
23fcc022-4bc6-6adc-f07b-e0bb7c629ac4,GEGR_Local-T1_rg,,1,0,f,
3a5e6ad3-8b24-beda-dae0-e6b356682161,FXE-FIELD-A-IGM-rg,,1,0,f,
f2e464ba-5eec-02a2-ece3-3c263984b621,FXE-FIELD-A-PWMR-Aircraft-Mx-rg,,1,0,f,
04eb34d3-572f-faf3-011f-e2c4844a003a,FXE-FIELD-A-ONTR-rg,,1,0,f,
597e10e5-7dd5-3863-8f01-72385e8d502c,FXE-FIELD-A-LAXRT-rg,,1,0,f,
2e0f768b-9585-4afe-a9d1-96a643d37c66,FXE-FIELD-A-MKLA-MLaxton-rg,,1,0,f,
fa76220e-b91d-4acf-29d0-04b57f30a9b2,FXE-FIELD-A-DROA-rg,,1,0,f,
af4ced97-4424-a1a3-d1a8-86c4a0c825e1,FXE-FIELD-A-GUPA-rg,,1,0,f,
76cea275-5b3d-794c-55d2-a370b77d1d8b,FXE-FIELD-A-DENR-rg,,1,0,f,
f7bef360-b902-28f1-4f8e-ba40f60bb0e0,SHVR_Local-T1_rg,,2,0,f,
87061f44-a004-a5c8-cc0f-33dbcf40f2ca,FXE-FIELD-A-EGSWK-rg,,1,0,f,
76299bc4-b124-b7eb-f351-e23b6aeb4477,FXE-FIELD-A-JACA-rg,,1,0,f,
81eeb52d-7cb2-d8ee-bb9c-90a10f43c173,FXE-FIELD-A-FTYA-rg,,1,0,f,
32b2c2e7-c55b-1a9c-3f8c-2d4b247057c2,FXE-FIELD-A-BOFA-rg,,2,0,f,
998e6add-8a73-a8f0-e0da-a3eb162cf0f8,FXE-FIELD-A-HKYA-rg,,1,0,f,
79a405a4-8879-b768-04b9-bf2932ce67e6,FXE-FIELD-A-MGEA-rg,,1,0,f,
2df7c178-da18-ea33-c9f4-e2f8485fcaaf,FXE-FIELD-A-LOZA-rg,,1,0,f,
964478af-fc8b-255c-611b-0eab308f82f8,FXE-FIELD-A-HLNA-rg,,1,0,f,
d773513c-9c9a-ba0b-fac8-e090cef66fd3,FXE-FIELD-A-WRIA-8569332166_rg,,2,0,f,
5db37d23-7d28-0fc8-5bbe-6c8e7cd44ee5,FXE-FIELD-A-CVOA-rg,,1,0,f,
4bb2fc6f-eaed-c9b0-a476-9d189f0d25e9,FXE-FIELD-A-CPRA-rg,,1,0,f,
b660956d-380d-a1a6-92c3-874a52db6d09,FXEF-EGW-ECRC-SIP-rg,,2,4,f,
f13b3de7-7834-36cb-8b5b-ea6545e940b5,FXE-FIELD-A-MCEA-rg,,1,0,f,
42914320-b9b8-b3dc-3b61-170e5dd6ecb9,FXE-FIELD-A-AOOA-rg,,1,0,f,
c3a220c4-7287-8a98-73b8-ed2997d52d07,FXE-FIELD-A-AHNA-rg,,1,0,f,
41747f6d-5830-5304-5414-59b9f20cb225,FXE-FIELD-A-MKLA-rg,,1,0,f,
f94e0af7-3eff-8732-bddd-534e16504e27,FXE-FIELD-A-MKEA-rg,,2,0,f,
56482fa3-b6c5-ac15-f2cb-55b23e032644,FXE-FIELD-A-BFLA-rg,,1,0,f,
32689467-4722-201d-f64c-0fa4c2267336,FXE-FIELD-A-FTCA-rg,,1,0,f,
edfcc581-255e-2855-1302-55e6ad681965,FXE-FIELD-A-SEA-rg,,1,0,f,
231be444-170f-dc20-4ffc-91ab02a72ccd,SANA_Local-T1_rg,,1,0,f,
f8fec4dc-fb66-2e60-759c-08a8fb234a13,FXE-DENA_Local-T1_rg,,2,0,f,
42ee6961-7638-7073-53e3-0b2a4ad38dc2,IADVK_Local-T1_rg,,2,0,f,
9fd53329-341f-0647-7df8-95128033c1d7,JREA_Local-T1_rg,,1,0,f,
a6a2b087-51d1-8142-7a5a-c09d4688b326,FXE-FIELD-A-JSTA-rg,,1,0,f,
60f377ff-8bbd-c1f1-3068-b40c7dc6fab1,LBEA_Paging_rg,,2,0,f,
f20d5569-8a72-ca15-1f41-bfb14bc55b84,FXE-FIELD-A-IYKA-rg,,1,0,f,
b85451bd-aa3e-3ff3-94de-1b681ce41cd0,FXE-FIELD-A-GSPR-rg,,1,0,f,
c2f04de4-5e48-cfd1-e1bf-64c2b1e04399,FXE-FIELD-A-MFRA-rg,,1,0,f,
6aba25a8-7f3e-bcdc-8137-d54633d3e8c2,FXE-FIELD-A-AVOA-rg,,1,0,f,
ad5b1bf9-6076-6dc1-3d94-f28011ca1e47,FXE-FIELD-A-EWNA-rg,,1,0,f,
69d30327-1f02-e2da-7f7e-6a89844e8fb0,BNAA_Paging_rg,,1,0,f,
a969d600-973f-2307-36af-dce4fd879fc5,FXE-FIELD-A-GCKA-rg,,1,0,f,
c05aaf44-3cee-25ab-ad26-5b4806f9d09c,JVIS3_Local-T1_rg,,2,0,f,
e9a04e4f-a73b-ccc3-8c55-a9f9763f600b,FXE-FIELD-A-YKMA-rg,,2,4,f,
c4073ee0-bb55-d87b-b50a-870d554b1b36,FXE-FIELD-A-LIHA-rg,,1,0,f,
5d14027e-8466-9ea4-3b3d-7ed8c0223668,FXE-MSPWK_rg,,2,0,f,
0e502e8d-0ccc-3dca-9906-20f33e067237,FXE-FIELD-A-TTDA-rg,,1,0,f,
a5aacf86-4244-879e-cfdb-b718d13fcee8,FXE-FIELD-A-RKWA-rg,,1,4,f,
2501b2d5-98a6-ad49-348c-637ecd64e3b3,FXE-FIELD-A-SLEA-rg,,1,4,f,
1d355f53-d696-49d3-bd03-cda671c953b2,FXE-FIELD-A-DETK-rg,,2,0,f,
e31295cc-7b6e-ab9c-b691-9f4306cc7ddb,FXE-FIELD-A-BGMA-rg,,1,4,f,
289dc52a-2204-332c-c27d-0dacbd8f361e,FXE-FIELD-A-PNVA-BSTSIP_rg,,2,4,f,
948968d4-6659-8a84-aaa0-5137d200286e,BEDWK_rg,,2,0,f,
fa328108-7c7a-8b39-bc1e-76427fae1952,FXE-FIELD-A-JANRT-rg,,1,4,f,
040b8296-8828-3fc8-65e0-21fa14d4c5f2,FXE-FIELD-A-PSFA-rg,,2,4,f,
83fd730a-08d3-0f84-7cc9-d5e420646571,FXE-FIELD-A-LSEA-rg,,1,4,f,
42ed4d13-325d-1ea6-8d3e-77bb53cc403e,FXE-FIELD-A-BWIR-rg,,2,4,f,
a78daabd-745f-c973-8d40-e9349c585268,JDTA_Local-T1_rg,,1,0,f,
4c702e4d-79a5-6898-8803-31b42e011777,FXE-FIELD-A-PDXB-rg,,2,4,f,
32290c46-336b-cece-5c55-141ed33798d8,FXE-FIELD-A-ATUA-rg,,1,4,f,
82080295-6445-f501-965e-1f408669e392,FTRE_Paging_rg,,2,4,f,
f5879d8e-c2c3-63bd-d369-f54b329d9a3d,FXE-FIELD-A-IPLA-rg,,1,0,f,
75383629-a8b5-b8d5-2752-0561b49eaaba,FXE-FIELD-A-JSLA-rg,,2,4,f,
270369e9-f054-a7fa-7f1a-9c3302025666,FXE-FIELD-A-MEIA-rg,,1,4,f,
884aece3-930e-493e-f822-036752044c2c,FXE-FIELD-A-CTXA-rg,,2,4,f,
5396028c-f59b-6be4-2278-2538907d44fa,FXE-FIELD-A-PGDA-rg,,2,4,f,
951c155f-173d-7f10-e0b7-a234926e7b42,FXE-FIELD-A-SATS-rg,,1,0,f,
3744ef1c-fafa-1fd1-46a1-0926c75569f9,FXE-FIELD-A-COUA-rg,,1,4,f,
7b5a7e4e-e9b5-81cb-7dcf-bb18bd0db1ee,FXE-LAC-Columbus_rg,,2,4,f,
0f93034a-aca7-5cab-584b-ff7cd99df5c8,FXE-FIELD-A-RAPA-rg,,1,4,f,
39b00426-3e4f-3753-1a1a-43618dc85ba5,FXE-FIELD-A-SFMA-Paging-rg,,1,4,f,
e5d08b32-6a49-cf4a-1b95-9e4439b97f78,FXE-FIELD-A-ICTMX-rg,,2,4,f,
401be202-eaae-974c-d982-56c4282e63f8,FXE-FIELD-A-TLHA-rg,,2,4,f,
b2b3f519-a0bc-64d5-f526-6547ec29e8df,FXE-FIELD-A-MPBA-rg,,2,4,f,
0d64076a-c387-eaa6-7e3b-c62dc29fb5a3,FXE-FIELD-A-KNTA-rg,,1,0,f,
83721667-ffd9-7ef3-d33a-736da769fc08,FXE-FIELD-A-TWFA-rg,,2,4,f,
6be60d6d-6c5f-bfe7-7527-e3dac50cb68c,FXE-FIELD-A-CIDR-rg,,1,4,f,
07583677-178e-31e9-3b68-8359937bdcb1,FXE-FIELD-A-NMZA-rg,,2,4,f,
cf41567b-c9c9-0436-ff92-6d2c567913bb,FXE-FIELD-A-ATWA-rg,,1,0,f,
1b15a879-9cd6-d4cf-56b2-804147760219,FXE-FIELD-A-SYRA-rg,,1,4,f,
161c85ef-7e97-8f66-8d09-795ee4aeebc3,FXE-FIELD-A-PHDA-rg,,2,4,f,
207dcd5e-dcb5-8f7c-d92d-7a08790d7dc1,FXE-FIELD-A-MCWA-rg,,1,4,f,
3fd4da10-aa7e-a97d-1423-2e4e51a41e9b,FXE-FIELD-A-GADA-rg,,1,4,f,
1e1da0a6-a629-ec27-fe90-d8d42374fbff,FXE-FIELD-A-ACYA-rg,,1,4,f,
58579e7c-3dea-c50a-92b4-5774fddc57fd,FXE-FIELD-A-CLWA-rg,,1,4,f,
25474963-996c-8e0c-c148-7f3877211168,FXE-FIELD-A-LCKR-rg,,1,0,f,
93caf954-6193-84ad-62c8-c2035a2ba927,FXE-FIELD-A-HYLA-rg,,1,4,f,
bf9e6d20-4385-ba55-ed23-8f5522bc34ad,FXE-FIELD-A-ROCA-rg,,2,4,f,
2397d767-34d4-c601-d3c6-1b892f700fa0,FTRE_Local-T1_rg,,2,4,f,
c864918e-021c-80f9-cfd5-449a6b369371,FXE-FIELD-A-SPSA-rg,,2,4,f,
bd17a9ad-c7e5-211d-016f-9f834d83455a,FXE-FIELD-A-CCRWK-rg,,1,0,f,
5dabd6db-61c1-a953-cf7f-310d1b9ba7b1,FXE-FIELD-A-MWAA-rg,,1,4,f,
8862e58b-6838-0c9d-1b3c-1ba7020be002,FXE-FIELD-A-UINA-rg,,2,4,f,
c7efc7d6-9a7f-c08a-5db3-42af237c2338,CHAR_FXO_rg,,1,0,f,
8281d6d6-96dd-7edb-ec43-f3fd9b277f9f,FXE-FIELD-A-FPRA-rg,,1,4,f,
5b179941-ace3-bd3a-44e0-bdc0febeadd9,FXE-FIELD-A-MQYA-rg,,2,4,f,
fe577629-cad9-cfdd-1d00-d1727b257719,FXE-FIELD-A-ALBR-rg,,1,4,f,
baac723c-62dd-af92-2871-0026a61ddb01,FXE-FIELD-A-TVCA-rg,,2,4,f,
c1f8c9f0-c175-2d5e-02f6-e8fda406b774,FXE-FIELD-A-THAA-rg,,2,4,f,
ee90ed34-7ac3-a407-e8d9-6bc70e1b6dd5,FXE-FIELD-A-MSCA-rg,,2,4,f,
f515caf3-fc0b-6ea9-d7ca-144f10ca426e,FXE-FIELD-A-SHVA-rg,,1,4,f,
48571b53-e11a-72d0-3f3f-73d4ea0696aa,FXE-FIELD-A-LEBA-rg,,1,0,f,
7f36876f-7384-e5b0-778b-8de36c5984e3,FXE-FIELD-A-ACKA-rg,,2,4,f,
91a8c709-f8e5-e358-3784-04e1d60a5b4f,FXE-FIELD-A-RICRT-rg,,2,4,f,
3fe60852-f10c-b227-5922-39df630bc631,FXE-FIELD-A-GTFR-rg,,2,4,f,
6864e01d-e1b8-cb6d-7efb-34f10b65a7e7,FXE-FIELD-A-ISPA-rg,,2,4,f,
14029bf6-7fa4-dd2d-c428-4cf70ea5bdd8,FXE-FIELD-A-HYAA-rg,,1,4,f,
2f42e429-4ab8-67d3-e2f5-2851899f7de2,FNTR_Local-T1_rg,,1,0,f,
b20b1b0a-f3b0-83ed-56ba-56d92ea2c015,FXE-FIELD-A-FMNA-rg,,1,4,f,
274574e3-adf0-c061-64e6-8ad00475f899,FXE-FIELD-A-JOTA-rg,,1,4,f,
61b3fdba-2dc4-ee95-a878-ecf0eb61cba3,FXE-FIELD-A-BCTA-rg,,2,4,f,
c77d2a11-cd8e-b19b-b968-508cc511ecc4,FXE-FIELD-A-ADSA-rg,,1,4,f,
ea89a042-c69f-6def-9c34-2748b5c72db3,FXE-FIELD-A-ATLR-rg,,1,0,f,
87f9a2f6-dc80-097e-75ea-7a86934a3dfc,FXE-FIELD-A-BCBA-rg,,2,4,f,
5802c15b-f475-e97e-2add-11ba79312aba,FXE-FIELD-A-ASHA-rg,,1,4,f,
4d7b8b46-817c-45bd-b649-2d4d22517c51,FXE-FIELD-A-SSIA-rg,,2,4,f,
4835a562-cdbb-6b02-f1ce-ef3e2a0cd62f,FXE-FIELD-A-FMEA-rg,,1,0,f,
61d0cb3f-582c-521f-78aa-4264570adf46,FXE-FIELD-A-COSDC-Paging-rg,,2,0,f,
9841da30-62d3-2ac2-a5ac-fba7fae83c8a,FXE-FIELD-A-ILMA-rg,,1,4,f,
c96ab019-5fbe-a26a-cfe8-5410fad16194,FXE-FIELD-A-SHDA-rg,,2,4,f,
0cdf05dc-6fda-79f5-33f6-0c1e52897314,FXE-Customer-Service-DS_rg,,2,4,f,
c3b3e078-7312-c528-b3d0-6c44fa764d95,FXE-FIELD-A-JANA-rg,,1,4,f,
d2415e12-3c4e-4ce1-a6ee-7408a616467e,FXE-FIELD-A-PQIA-rg,,2,4,f,
32249753-9c4b-ff56-e0c4-4296202147e5,CKBSC2_Local-1FBs_rg,,2,4,f,
4525096e-caa6-f08b-e1fb-94e509610b84,FXE-FIELD-A-RDVRT-rg,,2,4,f,
d88c03f9-1a25-f534-b72f-5c1964aa17ac,ORDVK_Local-T1_rg,,2,0,f,
d159ae2e-6429-ded8-8a25-98521e9522d6,FXE-FIELD-A-SUXA-rg,,2,4,f,
0e4b29fb-237c-14e6-c6ac-79f0d62e4850,FXE-FIELD-A-BNHA-rg,,1,0,f,
1ebf49f6-c557-81e5-1715-ee55f7d98236,FXE-FIELD-A-CHOA-rg,,1,4,f,
3fc9d5e7-e90e-1119-8751-bed140a13597,FXE-FIELD-A-LGAA-rg,,1,0,f,
2a979e93-7ad2-b41b-900a-8066ba0f2825,FXE-FIELD-A-IPTA-rg,,2,4,f,
cf0b90b0-d0d2-74f1-dd15-536066b6572d,FXE-FIELD-A-INDRT-rg,,1,0,f,
3b61a4ff-a4e3-2ac5-9c6a-b348623b9719,FXE-FIELD-A-MKGA-rg,,1,4,f,
d0c21822-b8dd-33e4-0418-5dec9fc8c5cf,FXE-FIELD-A-MLIA-rg,,1,4,f,
c8b93ddb-cd16-557a-f4ae-e754bed249c0,FXE-BFIWK_rg,,2,0,f,
71f3817e-863e-65b0-e564-f453ebf9dc22,FXE-FIELD-A-COSDC-LD-rg,,2,0,f,
4c73fb7a-ab81-ab9c-bc4c-484129aed9c2,FXE-FIELD-A-RLIA-rg,,2,4,f,
7b044a2c-8b83-efbe-c968-ac886fc93111,FXE-FIELD-A-CCDA-rg,,1,4,f,
1bab5861-7eda-27b5-c518-604abe20e71f,FXE-FIELD-A-LCHA-rg,,1,0,f,
037acc0c-dc46-67e1-0d10-c9ab17354aba,FXE-FIELD-A-ROAR-rg,,1,0,f,
ff42a7ac-ca44-3304-d3cb-825ec5302416,FXE-FIELD-A-LLXA-rg,,2,4,f,
315db9cf-61ca-9f1c-eca5-0f2b0e753d73,SGRA2_Local-T1_rg,,2,0,f,
0de0041e-0be2-9921-9756-aea28fb2ff0c,FXE-FIELD-A-PLNA-rg,,1,4,f,
994c4927-624a-e67d-4d5b-26a25662f500,FXS-MEM-Corp-A-ICT_rg,,2,0,f,
2333df33-f342-8164-dfb1-fa3f2b934e93,FXE-FIELD-A-BFMR-rg,,2,4,f,
123fc655-540e-6dae-6c86-d37af28f116a,FXE-FIELD-A-SWFR_rg,,2,4,f,
5d43c9b8-952b-7230-661b-f1c51c3dd804,FXE-FIELD-A-CHSA-rg,,2,4,f,
184e0de0-fc4f-eb7d-092c-b9096fed3933,FXE-FIELD-A-GMVA-rg,,1,0,f,
ec7c47d9-969b-2b76-0910-364c258c372e,NXXA_Local-T1_rg,,1,0,f,
264adfd9-d002-da11-6b9e-d44187ff196d,FXE-FIELD-A-MIAR-rg,,2,4,f,
d92ad89d-73f6-8c8a-e6bc-cfa0e4b1e2a2,FXE-FIELD-A-HIOA-rg,,2,4,f,
588cc670-fc26-f470-8ecc-3a14138dfa4f,FXE-FIELD-A-COIA-rg,,1,4,f,
ecc044c5-b70f-da22-97e5-a9053b12ca9f,NXXCS_Local-T1_rg,,2,0,f,
cbefa011-eb75-2188-6b34-cab3130ab5e0,FXE-FIELD-A-CAKA-rg,,1,4,f,
9a8687ec-f35b-9a0a-c19c-f4411c8ffc15,OAKRO_Paging_rg,,2,4,f,
aa0c96e3-bedc-1d86-488a-63826348e13f,FXE-FIELD-A-BRDA-rg,,1,0,f,
ba021988-73e6-4b5d-00b5-7edb4e505351,FXE-FIELD-A-SRUA-rg,,2,4,f,
cea64902-d182-36f2-fd17-1db231f70d47,FXE-FIELD-A-SBNA-rg,,2,4,f,
ed3c95f2-8ec1-e12a-167e-2c42686b4941,FXE-FIELD-A-MAFA-rg,,1,4,f,
b5a29320-4b34-5505-1a04-53ae34c1aedb,FXE-FIELD-A-TIKA-rg,,1,4,f,
b020a41f-68bb-9b50-20ec-dab597899cf5,FXE-FIELD-A-LEXA-rg,,1,4,f,
f64cd3bd-996f-31b8-7346-28e496eb1c7d,FXE-FIELD-A-KOAA-rg,,1,4,f,
ce2045e7-1d8a-8f7a-6142-f1f1fb5397cd,OAKRO_FXO_rg,,2,0,f,
6262184c-2c23-f1e0-7fcf-63f24b881a8e,FXE-FIELD-A-CMHA-rg,,2,4,f,
27c16a10-c610-4e45-51cb-6a7625f4809b,FXE-FIELD-A-ZSYA-rg,,2,4,f,
79e0ea45-fdc0-1787-4a95-ae182374799e,FXE-FIELD-A-LAX200S-rg,,2,4,f,
0899bd13-f505-a7aa-d590-06317c9df331,FXE-FIELD-A-IFPA-RG,,1,4,f,
c04126a6-ca5f-aa0d-b1f2-bd476fba1630,FXE-FIELD-A-JEFA-rg,,1,4,f,
58f45586-5e75-f7c4-9d15-429ff8779ba1,FXE-FIELD-A-OGGA-rg,,1,4,f,
6fae9de3-c0c3-0c11-cfaf-d6d8e1ede673,FXE-FIELD-A-TULR-Paging-rg,,1,0,f,
abbcbbd4-e4a5-082d-d2ed-5a0ee5bb8636,FXE-FIELD-A-RIVA-rg,,2,4,f,
2e99fb23-95cc-02ff-48b5-c425e7df6b5c,FXE-FIELD-A-MODA-rg,,1,4,f,
6916ed1b-994a-f920-c38d-68d5306a028e,FXE-FIELD-A-HSTA-rg,,2,4,f,
69257496-415d-ec73-7182-f8e7d3cceda0,FXE-FIELD-A-MSYR-rg,,2,4,f,
9b387a7d-3d6c-8bab-c46b-3326f0f77287,FXE-FIELD-A-DMOA-rg,,1,4,f,
ff5f3918-82e7-6127-a325-3cf9ac1d1e77,FXE-FIELD-A-NIRA-rg,,2,4,f,
7cdba307-a0d4-1d7c-83df-b1ccb0484d98,FXE-FIELD-A-LHUA-RG,,1,4,f,
2727fd2d-28c8-9f92-ea6f-e7635404ee5f,FXE-FIELD-A-EAUA-rg,,1,4,f,
8221d466-9982-42e4-d76b-c422c045e391,FXE-FIELD-A-COSDC-Local-rg,,1,0,f,
bd3e7809-1174-617e-c0dd-427346cf6d91,FXE-FIELD-A-FCAA-rg,,1,0,f,
2097481f-0418-df77-2ede-4fa663022e53,FXE-FIELD-A-HHRB-rg,,1,0,f,
9e3f5d72-d7a4-53f5-02d2-835a7614e101,FXE-FIELD-A-DENA-rg,,2,4,f,
0d917368-9552-aa4f-8b83-00735deab374,FXE-FIELD-A-HVNA-rg,,1,4,f,
0e86e0ce-e8f9-1632-69d7-167d5dbbbbc0,FXE-FIELD-A-VISA-rg,,2,4,f,
8bac0bcf-a725-f3c4-35ae-d27665fead1a,FXS-SIP-MEM-VOICEMAIL-1-rg,,1,4,f,
53273bb5-b9c8-39ea-cfc4-c8817ee5fc1d,JGLRC-CUCM_rg,,2,4,f,
7c95ebe4-7d21-f060-7d34-e84d811d26b2,FXE-FIELD-A-SBSA-rg,,2,4,f,
06ff18ca-92af-fd3f-e0a4-24be3cb84ae5,FXE-FIELD-A-DAYA-rg,,1,4,f,
95d6ff06-112c-a37e-3ab9-a33b9ab3ead1,FXE-FIELD-A-STQA-rg,,2,4,f,
970a7fb0-29af-5724-6c25-e3af20092d88,FXE-FIELD-A-BIL-rg,,1,4,f,
8c5b5dbe-e516-2aff-ce13-82bba75938ed,FXE-FIELD-A-MTOA-rg,,1,4,f,
1f04c8e8-0a68-1d5c-51dd-0f11fd500dfe,FXE-FIELD-A-SEAA-rg,,2,4,f,
cd969732-06f7-10d2-e01a-d0a925908265,FXE-FIELD-A-LGBA-rg,,1,4,f,
86ba82c1-172e-ad63-1005-af46d6cbba1e,FXE-FIELD-A-DCLEG2-rg,,2,4,f,
5ade7579-25ab-faf7-624a-e6331db30c35,FXE-FIELD-A-MPRA-rg,,1,4,f,
9f33a9b5-8dc3-91d4-4196-61db57752b28,FXE-FIELD-A-SGFA-rg,,2,4,f,
0a863f4c-16de-0385-40a6-1b33cdd48334,FXE-FIELD-A-COAA-rg,,1,4,f,
d6f9962a-680e-51f1-c7e4-b984e17632b6,FXE-FIELD-A-OKKA-rg,,2,4,f,
30c3fa42-6658-54d7-6bd2-9c83cee8b0dc,FXE-FIELD-A-ORFR-rg,,2,4,f,
a8b9f00c-9b43-1a1a-26b9-ddf999e3260e,FXE-FIELD-A-DLHA-rg,,1,4,f,
aa45e17c-c2fb-cc5e-29fe-c1853995713b,DFWVK_Local-T1_rg,,2,0,f,
f645f6fb-4c01-cd60-989f-b4fb44d40e3c,FXE-FIELD-A-FTYWK-rg,,2,4,f,
3001c873-7865-fd6f-e1f0-675efcdb1001,FXE-FIELD-A-MCNA-rg,,1,4,f,
ce4e53ee-9251-f6f6-7efb-41e88af52732,FXE-FIELD-A-SBYA-rg,,2,4,f,
b86ca65e-f308-1856-401c-a2c69cc01217,FXE-FIELD-A-HMTA-rg,,1,4,f,
acc49bd3-0d68-2188-0253-8cfef267f8c6,FXE-FIELD-A-ESCA-rg,,1,4,f,
e1555601-7d65-057a-9435-234dc0eea7de,FXE-FIELD-A-IDAA-rg,,1,0,f,
94b1b199-b011-58f8-bfeb-1513a66e499e,FXE-FIELD-A-BQKA-rg,,1,0,f,
377c12e9-14b2-e0fc-067b-2d6bcac21a24,FXE-FIELD-A-MCCVM-rg,,2,4,f,
9301e19d-5c93-28fe-501c-3ff9802b14f9,FXE-FIELD-A-HTSR-rg,,1,4,f,
4c574231-5d8b-2ada-687f-f8f7aa64100e,FXE-FIELD-A-FLLRT-rg,,2,4,f,
b20b4bef-62f3-7bab-4f64-58558390e0cf,FXE-FIELD-A-NOHA-rg,,2,4,f,
e3463208-b18d-558a-7641-609263b61553,FXE-FIELD-A-SJCR-rg,,2,4,f,
601ef748-bbda-d1fd-a565-2eca84d09e92,MKEWK_Local-T1_rg,,1,0,f,
08f1f4d2-e757-f485-0ae3-16875bb62c43,FXE-FIELD-A-ARBA-rg,,1,4,f,
14b0678e-6ae5-5a1d-ec0a-81ffdae1584b,FXE-FIELD-A-CLEB-rg,,2,0,f,
06323392-5d15-6791-d339-267e9af8bd56,FXE-FIELD-A-SANRT-rg,,2,4,f,
9c6717f1-6621-f3fc-de65-7af19419a5cd,FXE-FIELD-A-EVVA-rg,,2,4,f,
1e3f8845-79a2-65fb-86d5-cc8c2600eb7c,FXE-FIELD-A-LOUA-rg,,2,4,f,
752e137d-47ff-37e4-0159-326686daae12,FXE-LAX200S_rg,,2,0,f,
d3048f79-1cbb-54f6-c1f5-d7026f0ffd51,FXE-FIELD-A-GJTA-rg,,2,4,f,
acc4b2a4-e37a-6674-61f4-4c536318ac35,FXE-FIELD-A-VPSA-rg,,1,4,f,
0b08ec57-6480-6232-3a36-4f61748f6999,FXE-FIELD-A-AUSA1-rg,,2,4,f,
9c5e2dc2-0b57-05c4-7064-3e83a6956223,FXE-FIELD-A-AUGA-Paging-rg,,1,4,f,
5038efef-f1b4-aa2e-707a-5e4d0e8f18bf,FXE-FIELD-A-MSNR1-rg,,2,4,f,
4bc09a49-5dee-f319-b0cd-22e5cc5585d1,FXE-FIELD-A-ROAA-rg,,1,4,f,
13d1fbc0-544f-9e12-5dd5-dad2b618145e,FXE-FIELD-A-TOPA-rg,,2,4,f,
2dd30cb3-8acd-a42f-f8b1-73e92b1dfc15,FXE-FIELD-A-VGTA-rg,,1,4,f,
09532152-44de-8e3f-5187-c430e2d3bae2,FXE-FIELD-A-BJIA-rg,,1,4,f,
4b9cb1bc-cfce-0c15-ee8b-763a79842597,FXE-FIELD-A-BWIR1-rg,,2,4,f,
6abd80c3-4c0e-0c3a-8b19-defc60a18af1,FXE-FIELD-A-PAER1-rg,,2,4,f,
f2c651e1-c0df-dd56-3679-7d8340023cc7,FXE-FIELD-A-NIPA-rg,,1,4,f,
cefc83bf-30e6-3547-67b9-595762059d5b,FXE-FIELD-A-LITRT-rg,,2,4,f,
be368950-5b2c-2f5b-67e2-c87806835288,FXE-FIELD-A-RHIA-rg,,1,4,f,
2e6373cd-e91a-da78-db6b-6b72a83cf075,FXE-FIELD-A-GVTA-rg,,1,4,f,
f7107244-8b55-9bd5-623c-cdd770c3f1b5,FXE-FIELD-A-FLGA-rg,,1,0,f,
58d1fc95-29c3-1525-a810-7afffa4b752a,FXE-FIELD-A-CVGR2-rg,,2,4,f,
e51bc028-5975-f17d-946b-ce5184d87e89,FXE-FIELD-A-MIA-rg,,1,0,f,
3a7d04a8-2842-00db-fb12-b54fa6eb1bcb,ODWA2_Local-T1_rg,,2,4,f,
af6dceb3-9f79-c06d-80fd-79807316831c,FXE-FIELD-A-SFBA-rg,,2,4,f,
9c811a6f-e3c9-ef23-4f96-b8a1504146c3,FXE-FIELD-A-FSDR-rg,,1,4,f,
1c4a4e58-c2c4-1667-fb01-4aadb4484dcf,FXE-FIELD-A-MFEA-rg,,2,4,f,
c17a12c3-6d14-bd14-75b5-053e16065dc5,FXE-FIELD-A-HVNA-VehMaint-rg,,1,4,f,
74f9b7a8-ac67-226f-cd02-49de8aa25826,FXE-FIELD-A-HSVA-rg,,2,4,f,
ca51f22f-8611-72f8-a86e-1b73b6b41fed,FXE-FIELD-A-CLLA-rg,,1,0,f,
e0c31fe7-33ee-23d7-815a-2353f894e45b,FXE-FIELD-A-SATR-rg,,2,4,f,
72c9e090-8727-7c9e-6c69-9b3bc596f4cd,FXE-FIELD-A-ICTA-rg,,1,4,f,
6b687c9f-835f-736b-51b4-0f96b5407888,FXE-FIELD-A-PIMA-rg,,1,4,f,
df2b82d0-0d3a-6b55-c85c-380cda8ad3ea,FXE-FIELD-A-COSR-rg,,2,4,f,
117dfd92-21fc-3a4f-2ae9-eb8f7604bf46,FXE-FIELD-A-JREA-rg,,2,4,f,
7bab2376-f6ad-a802-e229-85a4513e5e63,FXE-FIELD-A-GNVA1-rg,,2,4,f,
4ef06e53-c162-aa05-2b93-9126be2ecfa8,FXE-FIELD-A-OAKRT-rg,,1,0,f,
527b9e58-ea44-a248-1e1c-07f9cfbb386e,FXE-FIELD-A-JSDA-Paging-rg,,1,4,f,
6256815d-1c2f-7c1b-1133-1f5a1b4855b6,FXE-FIELD-A-MCODC-PAGING-1900-rg,,2,0,f,
9b3e241a-8b81-3c6d-1a64-af2684f35078,FXE-FIELD-A-COSA-rg,,2,4,f,
e263a342-7593-18b4-141d-9e6f6d1a544a,FXE-FIELD-A-AGCA-rg,,2,4,f,
a5b2641e-bd2b-33a5-9920-a9842b3547cb,FXE-FIELD-A-GVLA-rg,,1,4,f,
ead4561d-1477-9aad-71e8-74343b572a08,FXG-FIELD-1627-rg,,1,4,f,
2af8a9bb-dd96-6138-6fab-b6bebbd0db5a,FXE-FIELD-A-CPRR-rg,,2,4,f,
1e5468c6-c776-eb84-4164-f9ba2939ab17,FXE-FIELD-A-XSDA-rg,,1,4,f,
5e5bb8a2-e390-ccfa-8036-c7a430c035dc,FXE-SLCR_rg,,2,0,f,
988f89b5-d306-8a6f-678a-6d564e326fd0,FXE-FIELD-A-IKKA-rg,,2,4,f,
0c954ce7-340e-18bf-4f05-d66c0018dce7,FXE-FIELD-A-PIEA-rg,,2,4,f,
f47c0b87-b346-62b6-d312-0f586287c159,FXE-FIELD-A-IAHRT-rg,,1,4,f,
93a14e2d-e463-9671-8966-0293c09f2fc5,FXE-FIELD-A-MZZA-rg,,2,4,f,
6134e9e2-41cd-60f7-cf92-bc9672106c6e,FXE-FIELD-A-COEA-rg,,1,4,f,
470ac199-6598-cd92-40c2-38d744d2f9eb,FXE-FIELD-A-SEGA-rg,,2,4,f,
f6719712-d39d-7394-a6f0-c066234a745c,FXE-FIELD-A-HSVRT_rg,,2,4,f,
78b051d8-a8fd-1ac6-d4c3-0837d5e4f7b1,FXE-FIELD-A-OFK-rg,,1,4,f,
67c0b982-ba16-e727-a2a6-26c21089fbe6,FXE-FIELD-A-PAHA-rg,,2,4,f,
c713e02d-d812-2a45-cb52-64784027d1dd,FXE-FIELD-A-JFKR-Paging-rg,,2,4,f,
26631764-f23a-2ea3-df0c-cb58faa559f3,FXE-FIELD-A-FCELK-rg,,2,4,f,
763f3dd3-c2b8-11f4-6b70-a70e7d2090a6,FXE-FIELD-A-GYYA-rg,,1,4,f,
13b5a017-1415-fea2-432b-7a5032c67154,FXE-FIELD-A-HRLA-rg,,2,4,f,
e1de9690-3377-dc88-b757-041869bbf542,FXE-FIELD-A-BFRA-rg,,1,4,f,
5fd23dda-c189-7666-91a4-271031ed0931,FXE-FIELD-A-OGDVM-rg,,1,4,f,
bf05aa5f-20e4-cac8-23c4-688f959e2c41,FXE-FIELD-A-TYRA-rg,,2,4,f,
1b388ad9-dd06-e2b3-d7e2-8aefcce6fba1,FXE-FIELD-A-DFWD-rg,,1,0,f,
560e2650-9424-f862-48c2-4df74d5bb662,EWRRT_Local-T1_rg,,1,0,f,
3cd65d2f-414b-d71e-d5ec-44bfd95d5e0c,FXE-FIELD-A-OXDA-rg,,2,4,f,
ff2f9bc9-7ce4-19c0-c12b-1022ad9025f9,FXE-FIELD-A-WALA-rg,,2,4,f,
3d2b83c6-0a8d-9c84-2b79-3070101a75ad,FXE-FIELD-A-SATA-rg,,1,4,f,
7a05eb99-0993-daf2-ca16-1c5870ab5723,FXE-FIELD-A-BFFA-rg,,1,4,f,
c0a27c71-8357-8e42-2807-1741b5e83940,FXE-FIELD-A-SFOA-rg,,2,4,f,
85b9abc5-3d5a-fe97-a145-dd962af8ceda,FXE-FIELD-A-DTWS-rg,,1,0,f,
f455e4bf-035d-08ba-8aa5-427e1029c6da,FXE-FIELD-A-HIKA-rg,,2,4,f,
b8d7deac-ee04-2c92-2778-eef4fb9031fe,FXE-FIELD-A-LVKA-rg,,1,4,f,
6fef7dc7-4e60-8017-d05c-3bc97be18a44,FXE-FIELD-A-PDXA-rg,,2,4,f,
5f3f40e8-c1f6-8f5e-5bee-352c13c1692e,FXE-FIELD-A-EWRGS-rg,,2,4,f,
7059fff7-fb42-45db-a7e4-90114e574483,FXE-FIELD-A-MCODC-rg,,2,0,f,
29b0ba80-07ff-71b1-94b2-ba53226f9b2a,FXE-FIELD-A-MHKA-rg,,1,4,f,
d0e76d44-dbb3-8cb9-80d8-d305f8eb85a5,FXE-FIELD-A-TOLA-rg,,2,4,f,
ba624cdc-59ea-1a22-3860-786690abfba8,FXE-FIELD-A-FWAA-rg,,2,4,f,
b8040e8a-8657-5670-0d7b-d732beb04953,YUMA_Local-T1_rg,,1,4,f,
a031c943-9fd7-e2a3-eeba-38249b4c050a,FXE-FIELD-A-QWGA-rg,,2,4,f,
40e1e667-a403-c389-858b-e9b169542e7b,FXE-FIELD-A-DANA-rg,,1,4,f,
ae70c76d-8619-5192-33a1-a18431fd3e81,FXE-FIELD-A-MKCA-rg,,1,4,f,
8c7bf698-862d-e672-03a1-3dd883948fa6,FXE-FIELD-A-JVIA-rg,,1,4,f,
1f5344a4-0dda-0ba2-1541-8af1edde63d9,FXE-FIELD-A-BDLR-rg,,1,4,f,
0dfed86f-e261-29f3-6284-557dee51c7f7,FXE-FIELD-A-DBQA-rg,,1,4,f,
cb8737ac-c51d-03d0-794a-473538dc5a6d,FXE-FIELD-A-MRYA-rg,,1,4,f,
5d57153f-6548-9729-7c50-93d1aaa98bc0,FXE-FIELD-A-MCFA-rg,,2,4,f,
a39eb510-0c2f-a61b-4204-e191898f806b,BURA_rg,,2,0,f,
2ed8819e-f2ec-070f-905a-1e91d0906829,FXE-FIELD-A-AELA-rg,,2,4,f,
68a4f873-d5d4-938c-88ae-15c5b652852f,FXE-FIELD-A-DTWRT-rg,,1,4,f,
ca935cac-0ace-ee31-f483-09ad8225867a,FXE-FIELD-A-YUMA-rg,,2,4,f,
bc3042f5-585b-5a6d-ed79-f6a84c47ae50,LAXH_Local-T1_rg,,1,0,f,
908a5657-b3ca-2bad-33d0-bd2210a18299,FXE-FIELD-A-UCAA-rg,,2,4,f,
9c8c3ba8-eac1-256f-34bd-d1dd07590841,FXE-FIELD-A-MTCA-rg,,1,4,f,
2c17b274-c791-ac25-0063-c6293bc42c5a,FXE-FIELD-A-DPAA-rg,,1,4,f,
a0a1e7bf-b2c4-a8e7-6370-e63aeef4c6c6,FXE-FIELD-A-SYRR-Paging-rg,,2,4,f,
3c481b4b-63bc-4d2b-1a9d-ce40fddf2bfa,FXE-FIELD-A-MOTA-rg,,2,4,f,
90ea2133-221f-c098-7130-aa006d9e9d50,FXE-FIELD-A-HGRA-rg2,,1,0,f,
5212f1da-b0f6-1ea6-0f7a-7ff4967812d1,FXE-MSYWK_rg,,2,0,f,
6003fc16-2df6-c157-5227-fc06f964b456,FXE-FIELD-A-ASEA-rg,,1,0,f,
8ce2e4ff-a632-daa2-f457-1309c499546b,FXE-FIELD-A-ISNA2-rg,,2,4,f,
4966acf5-9d1b-78a7-7cc8-7de0c2042fce,FXE-FIELD-A-GRRA-rg,,1,4,f,
9a0c9f6f-ee78-3b7a-18bf-35beda48ea8b,FXE-FIELD-A-SHRA-rg,,1,0,f,
76677f78-1c6f-92a7-eb12-7c9e98e90483,FXE-FIELD-A-GJTR-rg,,1,4,f,
165a351f-a27b-a2e0-58ec-eccb293c2298,FXE-FIELD-A-OWDA-rg,,2,4,f,
2e03228a-5e55-b4b9-2e6e-46b42cc43a6e,FXE-FIELD-A-LFKA-rg,,1,4,f,
c890581e-2da3-38b9-e1c0-5b35a1fb9972,FXE-FIELD-A-PITR-rg,,2,4,f,
fb95dd1e-26b1-09ec-85a8-c6e9b98c5557,FXE-FIELD-A-LWSA-rg,,1,0,f,
5782e4a1-eac4-0fd5-43d6-d0c82cd52ddd,FXE-FIELD-A-CVGA-rg,,1,4,f,
6d2586a6-14d1-d3cd-4580-6bf389ecf123,FXS-SIP-EDCW-VOICEMAIL-2-rg,,1,4,f,
bfa064ae-f171-bea0-80c2-01d30893609e,FXE-FIELD-A-WTCA-A-rg,,1,0,f,
f7fb5fae-00bf-a916-0aea-551c67f82929,FXE-FIELD-A-RKWA-LD-rg,,2,0,f,
65dc872e-aa03-bf9f-984a-9c8da9356cc7,FXE-FIELD-A-TULR-Paging-2-rg,,1,4,f,
759ae363-145e-aa50-c04e-3216759b122d,FXE-FIELD-A-DXRA-rg,,1,4,f,
ecc06ea6-5bd8-142a-1361-b93c88258a5b,FXE-FIELD-A-PSCA-rg,,1,4,f,
55d10854-c66a-c9e7-b6a5-92d0e0c62a94,FOKA_Local-T1_rg,,1,0,f,
5ce22abe-8f88-7068-dcb0-e249dadec1b2,FXE-FIELD-A-RSTR-rg,,2,4,f,
2a97b21f-ddab-e723-2e03-b2609705f5cd,FXE-FIELD-A-LITA-rg,,1,4,f,
3665811a-f04b-da43-f827-c778fd0186a1,FXE-FIELD-A-BDLRT-rg,,1,4,f,
cd40be8f-2c2e-3c34-6e6e-61ed32103f8d,FXE-FIELD-A-PDTA-rg,,1,0,f,
f196b92d-969f-476b-4a67-1542a3e9fdc2,FXE-FIELD-A-ONTRT-rg,,2,4,f,
a6d599cc-1c34-b0b2-1b0c-9978b2f3d1e5,FXE-FIELD-A-CSVA-rg,,1,4,f,
dae11e85-854d-08ff-d5fc-07207d164936,FXE-FIELD-A-EVAA-rg,,1,4,f,
89edc096-1258-cd23-6438-97ce14378665,FXE-FIELD-A-FARA-rg,,1,4,f,
5631c021-9a69-e9d8-5b6b-2ec561e5bfd6,APVA-11 Digit Local via Corp A Temp JY,,2,0,f,
182b02d7-185d-df00-ead8-d41f3f97b7df,FXE-FIELD-A-RUTA-rg,,1,4,f,
a1263842-b4bf-f4b6-bd36-1c5f2c5c1423,FXE-FIELD-A-BURR-rg,,1,4,f,
9a70bb1a-f06c-07b9-5c1b-23049dd7f41c,FXE-FIELD-A-FMYA-rg,,1,4,f,
e7ef4946-5d27-9b8b-5836-c4dfb0a85581,FXE-FIELD-A-OXRA-rg,,2,4,f,
78e07945-a174-16a0-b0ed-3747c39b2b12,FXE-FIELD-A-MIEA-rg,,1,4,f,
c0a7cc6f-eb55-3f2e-5b4b-8baf24d20e4f,FXE-FIELD-A-CWAA-rg,,1,4,f,
f3591ab2-29b2-f56a-9161-bb2050c3f89f,FXE-FIELD-A-MFDA-rg,,1,4,f,
07b957c2-82c1-9dbf-2ed2-5fd2135d23fe,FXG-FIELD-A-0502-rg,,1,0,f,
47d3b061-a3cb-29be-536e-0bb46e823ed7,FXE-FIELD-A-MPZA-rg,,2,4,f,
4d72f921-2143-fd77-3a6e-f0d721cfb538,FXE-FIELD-A-TYSRT-rg,,1,4,f,
731a4ec6-5691-d7bd-adfe-a8717a192e61,FXE-FIELD-A-MKTA-rg,,1,4,f,
153d95b8-47c5-2d69-187b-f9a1788dbc5a,FXE-FIELD-A-MODA-Paging-rg,,1,4,f,
6acfcf5b-0f09-b2d7-d9be-469ad646e9b3,FXE-FIELD-A-PLBA-rg,,1,4,f,
e58493de-0d3d-6924-5ac5-062ba2911229,FXE-FIELD-A-PYMA-rg,,2,4,f,
d2f74e23-3923-3bb3-bb5c-680b0212f8c5,FXE-FIELD-A-RKSA-rg,,2,4,f,
f10d2e05-e0e3-82cd-ea0a-45c26131ab58,FXE-FIELD-A-VLDA-rg,,2,4,f,
fb88238a-e8d4-0483-410d-a16ac35dca02,FXE-FIELD-A-CYSA-rg,,1,4,f,
95d7281e-c4a0-0747-3a8d-9d40c7b50fe5,FXE-FIELD-A-JEMA-rg,,1,4,f,
dcd9a847-6bb8-abb4-adbb-188df70e987a,FXE-FIELD-A-RDUA-rg,,2,4,f,
27831ee0-b50c-7df7-c8fa-2304f0ac64d0,FXE-FIELD-A-DNEA-rg,,1,4,f,
a05498f7-22e0-8e7c-3ecc-bafe2dcfd1ff,FXE-FIELD-A-PITRT-rg,,2,4,f,
db075bd5-c8c2-091c-f04e-c0606657c129,FXE-FIELD-A-UIZA-rg,,2,4,f,
4bf85dad-855c-5b69-f124-51359ee40cb8,FXE-FIELD-A-NDVA-rg,,2,4,f,
b8e8c3bd-e80b-bba8-6744-259372259c01,FXE-FIELD-A-UKIA-rg,,2,4,f,
68c1bf5d-0aa3-109c-6858-f27027120b90,FXE-FIELD-A-BOWA-rg,,1,4,f,
792cfb2f-241b-9727-e770-fe989de0604d,FXE-FIELD-A-RFDA-rg,,2,4,f,
e20af913-79f7-533f-a15c-3963e69361ef,FXE-FIELD-A-TOAA-rg,,2,4,f,
9dc5c9b5-8c15-2cc8-d9aa-efaaaf539381,FXE-FIELD-A-TDJX-rg,,2,4,f,
2a3b5e03-1823-c526-38dd-6556e98c0ce3,FXE-FIELD-A-AUNA-rg,,1,4,f,
23f74cec-ed52-dc3d-5290-001d1b5db2a9,FXE-FIELD-A-BEDA-rg,,2,4,f,
9fb944c8-a191-2dd8-408f-fb855e9ec6e4,FXE-FIELD-A-SMXA-rg,,2,4,f,
0a898e6f-07c9-ac2c-3c09-9d0e54a7717b,FXE-FIELD-A-WYGA-rg,,1,0,f,
c197eee7-514b-c71c-ba29-d8a148024455,PBIR_Local-T1_rg,,2,0,f,
87bf6f6a-8586-2299-46cb-7bb7cef370d5,FXE-FIELD-A-BPAA-rg,,1,4,f,
8e322983-207a-3c12-c692-2d6b3a19f4e1,FXE-FIELD-A-CSNA-rg,,1,4,f,
da5e40dc-e42f-5a79-6ec1-b1e749ec91e1,FXE-FIELD-A-EHTA-rg,,2,4,f,
d35214dd-da3a-3ff9-424f-180b2b50d872,FXE-FIELD-A-PHLR-rg,,2,4,f,
ce491a11-c1af-5cdf-8616-749eafc345e8,FXE-FIELD-A-MSNA-rg,,2,4,f,
b946917f-97d3-4416-d33d-ec9b4c8ab3cb,FXE-FIELD-A-SGFR-rg,,2,4,f,
f3c41993-57f6-9b23-9b58-b63c191b89b3,FXE-FIELD-A-GDMA-rg,,1,4,f,
0817a3e1-257c-6d3b-7794-a71093cf6ea7,FXE-FIELD-A-LAXR-911-rg,,2,0,f,
f51e3ae5-7bd0-aec2-7503-51880162922e,FXE-FIELD-A-DHNA-rg,,1,4,f,
f8f8be39-6a02-8c10-8ec6-cbbc3e780f0d,RKSA_Local-T1_rg,,1,4,f,
30db6aa9-2e5e-e512-f2ce-dc07ccf28cc3,FXE-FIELD-A-RKWA-Paging-rg,,1,4,f,
0085c48a-fdb1-e301-4cb8-a722235b5b5b,FXE-FIELD-A-LDJA-rg,,1,0,f,
34f678e4-f8c0-d64a-e893-28f9830046d2,FXE-FIELD-A-BIOA1-rg,,2,4,f,
fd4e8300-8f68-53d3-7622-2436b33cbc07,FXE-FIELD-A-PHLRT-rg,,2,4,f,
03fa0bc3-47ac-bae7-7972-7e3938a90b9b,DFWVK_LD-T1_rg,,2,0,f,
523bc1c1-7b89-e961-f100-868bec7fd1a8,FXE-FIELD-A-FCAA1-rg,,2,4,f,
8be7f909-c9b0-ed88-7387-811ab48163a2,FXE-FIELD-A-PIAA-rg,,2,4,f,
918df0ed-ff97-9626-71d3-bbb2a3b3bbf1,FXE-FIELD-A-FLLR-rg,,2,4,f,
a72121b2-e981-6c08-e0fb-0f94565b8529,FXE-FIELD-A-STKA-rg,,2,4,f,
b7cafb1e-f0a4-81b0-0cea-cfc41f7fbcf8,FXE-FIELD-A-JXNA-rg,,1,4,f,
a65434ec-3d2f-7242-f5e9-8aa92c190ad5,FXE-FIELD-A-GAO-rg,,2,0,f,
4e98bdc9-32b2-7f24-d501-73608be260ae,FXE-FIELD-A-ADWA-rg,,2,4,f,
d6b1a00a-037d-fdff-bcb5-ace23fb473ad,FXE-FIELD-A-LBBA-rg,,2,4,f,
54382e7e-3bf4-a7b4-bbdc-13c0f3132817,FXE-FIELD-A-ALBA-rg,,1,0,f,
dbf36175-56e6-85d0-3487-438d12a6888e,FXE-FIELD-A-SMOA-rg,,2,4,f,
930dc6f1-a24d-d356-8cd4-feff3b2e836a,FXE-FIELD-A-CSGA-rg,,1,4,f,
13bc644d-ed27-33ea-d48e-7c4042fa73ac,FXE-FIELD-A-JBKA-rg,,2,4,f,
0a3befa1-2b42-a5a2-bdd0-d51bb0c34e15,FXE-FIELD-A-IAHR-rg,,2,4,f,
2af805be-a688-5608-0c23-1236ee01054f,GEGR_Paging_rg,,2,4,f,
2f51641f-736d-4dfa-4ea5-9f3716bacffd,FXE-FIELD-A-NOTA-rg,,1,4,f,
b1665552-37f6-c5aa-35f3-fc7dc5c9b74d,FXS-COS-EDCW-SME-rg,,2,4,f,
c4387254-6280-8ed0-7f72-8b4a2961fd5e,FXE-FIELD-A-CLERT-rg,,2,4,f,
2d831169-826e-6b6f-e7f6-d102ddee3bab,FXEF-E911-EGW_rg,,1,4,f,
da850ff3-d4d3-1d4d-b457-9eb35f5c03bf,FXE-FIELD-A-HBYA-rg,,1,4,f,
76e5c52d-5ef3-a097-888c-bfc3b0ae65b9,FXE-FIELD-A-THVA-rg,,2,4,f,
2081741f-fd29-a774-073d-103c8117cbb9,FXE-FIELD-A-AVLA-rg,,1,4,f,
3d09a41d-3028-0388-99a6-24ca05796569,FXE-FIELD-A-JVLA-rg,,1,4,f,
b01f7c1f-7b7f-2ce0-266b-bbe6a2c07c48,FXE-LYHA-Paging_rg,,1,4,f,
965490f4-3602-4d03-7584-832a0451c21d,FXE-FIELD-A-NZWA-rg,,1,4,f,
039968a5-6cf1-d485-7aa7-3289a86d8937,APVA_Local-T1_rg,,1,0,f,
7e96dc03-f66c-936e-3356-253ecb2a356d,FXE-FIELD-A-BTVA-Paging-rg,,1,4,f,
e1e2dadf-58e2-a5d6-763c-335dff2b0071,FXE-FIELD-A-GWSA-rg,,1,4,f,
1b0476cc-6786-b260-bac7-a93e6ed2e6a6,FXE-FIELD-A-TRIA-rg,,2,4,f,
219bbc29-7f31-3637-4667-8e155895b7e2,FXE-FIELD-A-RWIA-rg,,2,4,f,
0fd6c5bd-ca19-f9e6-1855-d14a0ef8dc9c,FXE-FIELD-A-ZMLA-rg,,2,4,f,
b1d56f31-f9e1-37a5-baf4-c0c1a953cceb,FXE-FIELD-A-CLEA-rg,,1,4,f,
7cc60891-835a-6e37-df68-b5afc02fbeff,FXE-FIELD-A-FNTA-rg,,1,0,f,
36cbfa28-e23d-06a7-0cb5-af225f982b3e,FXE-FIELD-A-ABEA-rg,,1,4,f,
134869bb-6f67-9259-aebf-293651efb0d6,FXE-FIELD-A-TUSR-rg,,2,4,f,
f9eedc9a-6153-c6f3-30ea-e1fd3b01bdad,FXE-FIELD-A-CLTR2-rg,,2,4,f,
9c339df1-325d-dd81-14a5-8298009f18e2,FXE-FIELD-A-SGUA-rg,,2,4,f,
3bcb2af2-d5e5-a46e-63b9-5e741ecff0bd,FXE-FIELD-A-SDFR-rg,,1,4,f,
c6ed00f6-e416-7696-ab0d-1fb2818fdd96,FXE-FIELD-A-FBLA-rg,,2,4,f,
9c70dc28-8db1-e172-816f-ce2f84f410a9,FXS-MEM-WTC-SME-rg,,2,4,f,
fb03a201-d518-707a-f634-922fdddd78a3,FXE-FIELD-A-LAFA-rg,,2,4,f,
31535614-d674-a6f0-b010-360b7bdf80a1,FXE-FIELD-A-BFMRT-rg,,2,4,f,
3db4d743-c59d-a588-9d3f-3fba0cef3728,FXE-FIELD-A-MSYA-rg,,2,4,f,
9ceab247-b35e-5bbf-aaff-0dbf02ce6787,FXE-FIELD-A-MHRA-rg,,1,4,f,
fdef0e51-8d43-9e8e-45b4-399256a079bb,FXE-FIELD-A-FNLA2-rg,,2,4,f,
52e786f3-8948-7de7-9da0-e4a6a9957efe,FXE-FIELD-A-LWSSC-rg,,1,4,f,
edde6b6a-ca7a-c8df-7dca-dc3d6991e613,FXE-FIELD-A-WJFA-rg,,2,4,f,
bea9bb3e-2e7b-127b-c7e4-47f9f75b1480,FXE-FIELD-A-MTHA-rg,,1,4,f,
49512b41-62d3-34d0-c29f-bfd8889b0e54,FXE-FIELD-A-ILGA-rg,,2,4,f,
f52be797-eeff-73ec-15d2-aa4150ed9b45,FXE-FIELD-A-ORHA-rg,,2,4,f,
327d0cb1-2fc5-46f0-4c7a-5adf9ec6d87b,FXE-FIELD-A-EKOA-rg,,1,4,f,
1c6c29a1-dcf6-4477-0d6f-2171ccd45f95,BNAR-Local-T1_rg,,2,0,f,
93a4cf3e-2b63-c59d-2d27-d880504b1628,FXE-FIELD-A-SCKA-rg,,1,0,f,
b8fdb12d-a827-d756-3560-46bb087ba1dc,shutFXE-FIELD-A-HBGA-rg,,1,0,f,
2f66a85c-4222-0c37-75e8-3999416c920d,FXE-FIELD-A-OBKS-rg,,2,4,f,
3411a373-b23e-78a4-9e54-3bdc64b4fc82,FXE-FIELD-A-BUFA-rg,,2,4,f,
4626c4f9-2781-aab5-fef6-1da0dd8df8a0,FXE-FIELD-A-LJNA-rg,,1,4,f,
4c19967a-8968-66b4-e3b0-d7e608ab5861,FXE-FIELD-A-BSTSIP-rg,,1,4,f,
0cea16b7-e844-14b7-8eb0-7a3ab2333644,FXE-FIELD-A-LAXT7-rg,,2,4,f,
7227ee2a-975d-526f-4fc9-775b75ff7303,FXE-FIELD-A-LAXR-rg,,1,4,f,
de316f11-4e45-1020-3cc4-aa40ba807c80,FXE-FIELD-A-DETRT-rg,,2,4,f,
1f6c7b1e-b2b3-ffbd-561d-c4191687f4de,FXE-FIELD-A-BMLA-rg,,1,0,f,
08ad6c6b-9673-c92e-c58b-f5c73c9c31a8,FXE-FIELD-A-RDUR-rg,,1,0,f,
85fa851e-9678-7ec3-2b69-180178884344,FXE-FIELD-A-DABA-rg,,1,4,f,
a3c0306a-a085-18f2-108e-162217c710c5,FXE-FIELD-A-LEBA-paging-rg,,1,4,f,
ebb13350-45d1-401e-64a6-c74d8b679a49,FXE-FIELD-A-FILA-rg,,1,4,f,
62883d53-2ffe-91e0-9ac0-35801c9778a9,FXE-FIELD-A-ABEA-BSTSIP_rg,,2,4,f,
1b573ee2-fcf0-a300-6637-5a4ba1c158a1,FXE-FIELD-A-OCFA-rg,,2,4,f,
4fadeac8-3f91-d028-6975-2bcb5e5d634c,FXE-FIELD-A-NBUA-rg,,2,4,f,
20c63811-0909-9bbb-1526-cfc81755e905,FXE-FIELD-A-LAXRC-rg,,2,4,f,
c54e6a73-5094-fbfa-bfe8-17f22e15ccaf,FXE-FIELD-A-APAA-rg,,1,0,f,
abb691d8-7e0c-0d1a-7ac6-4fc2577373e0,FXE-FIELD-A-BXAA-MGCP-rg,,2,4,f,
33bc634b-382b-9610-a25b-52ed34121107,FXE-FIELD-A-HHHA-rg,,1,4,f,
49c4114b-fe5b-dc51-a034-7fb8c16f4d4f,FXE-FIELD-A-ALNA-rg,,2,4,f,
29c5c91f-c175-8db5-5a3f-d57bbd469103,FXE-FIELD-A-UGNA-rg,,2,4,f,
8ac7aade-8428-2219-9b55-47007a51c327,FXE-FIELD-A-TOCA-rg,,1,4,f,
bf97eb5a-eba1-5032-2f25-0eb3c000b6f4,FXE-FIELD-A-BIXA-rg,,1,0,f,
6cf269dc-1182-d77a-883f-8d5f2bdc1c5e,FXE-FIELD-A-MCOS-rg,,1,4,f,
7b6d4387-11e2-d108-67db-72451e4716d6,FXE-FIELD-A-SMFR-rg,,2,4,f,
a1c4c204-e854-f14b-4d22-e93025a6b9fa,FXE-FIELD-A-HTSA-rg,,2,4,f,
59da02d8-94fe-b807-372c-ce1c605b87e4,FXE-FIELD-A-RHVA-rg,,2,4,f,
3458ee8b-5df2-dfe7-c2fe-f4700bc3dce0,FXE-FIELD-A-STLR-rg,,2,4,f,
a81be264-c57e-459d-cf50-1357a328102d,FXE-FIELD-A-ITOA2-rg,,2,4,f,
124b048b-20a4-ec59-bb9d-558d0f6254d3,FXE-FIELD-A-FXEA-rg,,1,4,f,
9ba9d46a-5cfa-2a0a-ac98-dde59d765fec,FXE-FIELD-A-OFKA-rg,,1,4,f,
ced1851a-ba56-c153-acd9-186de1888a15,FXE-FIELD-A-HIBA-rg,,1,0,f,
bed645b2-051e-5a45-1b5f-d703a9613e9e,FXE-FIELD-A-HNLA-rg,,1,4,f,
b99ac549-ce03-60bb-fe6e-f02c338157b1,FXE-FIELD-A-TCLA-rg,,2,4,f,
4e627e84-3460-43aa-7080-f8a95344a5e1,FXE-FIELD-A-CLEWK-rg,,1,4,f,
d1e73665-4579-d3b9-c09b-1684c458cd8f,FXE-FIELD-A-Paging,,1,0,f,
f5404341-46ec-48ce-9384-ee8487c9c5f2,FXE-FIELD-A-BLMA-rg,,2,4,f,
0257ad28-2b83-f746-4269-fa870a3a3218,FXE-FIELD-A-SEART-rg,,2,4,f,
06dc899d-2581-7ace-bb79-b65cc2c413e3,FXE-FIELD-A-SBPA-rg,,2,4,f,
83725a45-b2d3-e81e-d4ff-bf107900917f,FXE-FIELD-A-WRIA-rg,,1,4,f,
f80a79da-d59a-dac6-9204-919fb54eb231,FXE-FIELD-A-FBTA-rg,,2,4,f,
b2265e4e-cd7a-b73f-9d4d-d04b6459c60c,FXE-FIELD-A-SYVA-rg,,2,4,f,
4bcb2e52-9b2e-4611-65bc-55af19464449,FXE-FIELD-A-CLER-BSTSIP_rg,,2,4,f,
a7dd7829-6935-04b6-6015-a941d9872748,FXE-FIELD-A-AMAA-rg,,1,4,f,
7e447a4a-e754-49e1-a763-1d100fe2a9ad,FXE-FIELD-A-MWHA-rg,,1,4,f,
1185bbc9-8f97-5204-5d69-2b16e077896e,FXE-FIELD-A-MGCA-rg,,1,4,f,
f36bdd85-6506-2945-ef95-432035049c32,FXE-FIELD-A-OXCA-rg,,2,4,f,
31bf2a2c-2d0a-b51a-da87-1ce36ba13e0d,FXE-FIELD-A-APGA-rg,,2,4,f,
00dfdc00-9a66-d9cc-4d44-1b8215c35b48,FXE-FIELD-A-INTA-rg,,1,4,f,
6a15ba01-ea2b-1d85-16b8-fe14e34e30c4,FXE-FIELD-A-BJCA-BSTSIP_rg,,2,4,f,
a35fd151-307c-30aa-d8da-61b7145327ba,FXE-FIELD-A-BJAVM-rg,,2,0,f,
bc778990-f2fb-d744-5719-2032c82736ce,FXE-FIELD-A-HAVSC-rg,,1,4,f,
8e6a8c56-8f88-6e92-4458-9635d21f7d01,FXE-FIELD-A-MLBA-rg,,2,4,f,
85c50d0e-4275-87b6-21dc-914ff7db7a11,FXE-FIELD-A-OAKA-rg,,1,0,f,
a10dc927-71df-8cb4-2642-1149574b142a,FXE-FIELD-A-PNEA-rg,,2,4,f,
48471d4c-60f0-fdc7-bcf8-e13abd43604e,FXE-FIELD-A-TLHR-Paging-rg,,1,4,f,
ce35ef73-758d-626c-2658-c2773695375d,FXE-FIELD-A-JHWA-rg,,1,4,f,
441ebd5b-f22a-7e57-fc5d-cd482b8db592,FXE-FIELD-A-MOBA-rg,,1,4,f,
5bc9e1ca-8d13-1f2b-8acf-dde7f81d9f18,FXE-FIELD-A-OLMA-rg,,2,4,f,
38580329-7417-2f6d-80c6-d4d9323daac9,FXE-FIELD-A-WMHA-rg,,1,4,f,
8d869ed3-beb0-5eb9-7dcf-d762039862a6,FXE-FIELD-A-SUSA-rg,,1,0,f,
388b0130-3b5f-feaf-863c-d39f852074cf,FXE-FIELD-A-ALOA-rg,,1,0,f,
79e8c68d-8ba8-815c-ab67-8a8c54b2629a,FNTA_Paging_RG,,1,0,f,
1c5a8885-dbc0-f410-8fc6-1d9d805269e5,FXE-FIELD-A-TMBA-rg,,2,4,f,
5c5e9276-f44d-423e-eb06-2d4282875998,FXE-FIELD-A-MHTR-rg,,1,4,f,
135a96c7-68f2-7e02-8c48-868bf5b324a1,FXE-FIELD-A-BTFA-rg,,1,0,f,
6db48a88-7b19-0e15-94cd-caa7feb3c240,FXE-FIELD-A-WRIA-8569332249_rg,,2,4,f,
78e89bd4-5739-47bf-9da1-edb90d8a5812,FXE-FIELD-A-GAIA-rg,,2,4,f,
aa2d80d8-a5c2-3f8a-1396-927d0711e551,FXE-FIELD-A-RNOR-rg,,2,4,f,
39ddac0a-f13f-8cd8-2061-bc495dcb0956,FXE-FIELD-A-LANA-rg,,1,4,f,
7b16e4b6-d528-8518-b00e-75319f362a83,FXE-FIELD-A-STLRT-rg,,2,4,f,
70ec5018-56f4-1a7b-06e0-3baba7a3f7e2,FXE-FIELD-A-RICR-rg,,2,4,f,
1d53b2eb-3356-ff75-ba2a-ea8efcfd2adf,FXE-FIELD-A-IXDA-MGR-Phones-0530-rg,,2,4,f,
72b36181-0e12-830d-db1a-b68a174dd556,FXE-FIELD-A-PBIA-rg,,2,4,f,
601452fe-496a-92a6-2c85-e3b162ead789,FXE-FIELD-A-USCA-rg,,2,4,f,
b7e9f014-27b5-256b-d791-483e63c1f4dc,FXE-FIELD-A-MBSA-rg,,1,4,f,
72567f80-5bc2-d3fa-1012-8435b22c0ee8,FXE-FIELD-A-SVZA-rg,,2,4,f,
606082c3-7497-da0d-318c-5335aa639b46,FXE-FIELD-A-ESPA-rg,,2,4,f,
40bcc067-c7b0-3852-6dcc-52d3911764ae,FXE-FIELD-A-DGNA-rg,,1,0,f,
cc3ee93a-0ea9-074e-ead5-979177a3c81d,FXE-FIELD-A-CHSR-rg,,2,4,f,
68e37dcb-05cd-26f2-7116-ffd7a717b9ff,FXE-FIELD-A-HNBA-rg,,1,4,f,
8fda8ac7-4447-7333-c4ca-94ee223e46a9,FXE-FIELD-A-CLLA1-rg,,2,4,f,
40926113-0398-26fc-68f6-a03580e7f05f,FXE-FIELD-A-FRGA-rg,,2,4,f,
153d3dd5-926e-d6fb-43ea-ffe94cfbb3e2,FXE-FIELD-A-TNTA-rg,,2,4,f,
a6073112-2382-bd2e-97ed-a19cb87c8020,FXE-FIELD-A-MYRA-rg,,1,4,f,
bfa38cfa-396b-5ff6-384a-60a602a2920d,FXE-FIELD-SMFWK_rg,,2,0,f,
f7c24bce-605e-af34-4b9f-9d5f18d46055,FXE-FIELD-A-MGMA-rg,,2,4,f,
72a72d5c-e254-70aa-6114-798644f3b753,FXE-FIELD-A-MWOA-rg,,2,4,f,
e6e976e6-59aa-b823-5de9-a9073ec213f0,FXE-FIELD-A-CPSSL-rg,,2,4,f,
38ea0cd0-e62b-51b8-b584-685b37a00373,FXE-FIELD-A-SOWA-rg,,1,4,f,
0dc5dc2b-d727-3b74-e564-902b13ce952d,FXE-FIELD-A-FATA-rg,,1,4,f,
43a0de48-d724-60f3-3b5b-955c930f4b35,FXE-FIELD-A-HGRA-rg,,1,0,f,
0de76a44-2101-4756-ee67-2e66690227f5,FXE-FIELD-A-RNOR-VMX-rg,,2,4,f,
e75de2fe-a481-7237-4956-128250d2c315,FXE-FIELD-A-MJXA-rg,,1,4,f,
8d91ea40-5643-b93c-294b-52ce69586329,FXE-FIELD-A-GONA-rg,,1,4,f,
cb0d5390-f8ec-a89e-8888-5cac3a9728cd,FXE-FIELD-A-RDUR-Paging-rg,,1,4,f,
157be889-1850-86eb-0ad3-6d21ae13ed58,FXE-FIELD-A-SRWA-rg,,2,4,f,
0da2a948-7e40-328b-15f6-114cf66c450c,FXE-FIELD-A-BDFA-rg,,2,4,f,
e42dd39a-4854-250e-79cb-19482d13113e,FXE-FIELD-A-ZZVA-rg,,2,4,f,
9d654804-3914-1d94-e28a-991a7b7ad566,FXE-FIELD-A-SHVR-rg,,1,4,f,
11758375-8ac1-1cc7-1db5-a5df6e081bdd,FXE-FIELD-A-FULA-rg,,1,4,f,
61c13417-75c7-98e3-8228-e592e7a1f6a9,FXE-FIELD-A-BFLA1-rg,,2,4,f,
5428430d-e42a-6704-278b-2cb6f75dc138,FXE-FIELD-A-SYIA-rg,,2,4,f,
ef117997-37b2-0993-8d52-1f6826a6f944,FXE-FIELD-A-BWIVM-rg,,1,4,f,
52cf8dbb-555a-5bfd-2896-45ece3d3dc78,FXE-FIELD-A-LCIA-rg,,2,4,f,
934c6020-2556-1edb-a03d-6b4d48d17c8c,FXE-FIELD-A-OKCA2-rg,,2,4,f,
a7e5361d-7d57-c04b-a3e1-ff4dc799b74d,FXE-FIELD-A-CAOA-rg,,1,4,f,
38b7c8fd-f720-fcff-c0db-5c7c86c66718,FXE-DRTA_rg,,2,4,f,
a8205d80-309a-a855-3196-cd042c3873ae,FXE-FIELD-A-OSUA-rg,,2,4,f,
ebd6a256-6536-7449-0360-1652b16a2b7a,FXE-FIELD-A-ARXA-rg,,2,4,f,
dce45080-8abc-29bd-55a1-39c460594cdf,FXE-FIELD-A-SANR-rg,,2,4,f,
9610cad8-636f-f92d-d11f-96279404e619,FXE-FIELD-A-APNA-rg,,1,4,f,
25cb095b-a247-c803-b426-16d9c9927728,FXE-FIELD-A-SAFA-rg,,2,4,f,
722222bf-9436-ddbb-f68b-77f0c8981653,FXE-FIELD-A-IMMA-rg,,1,0,f,
6589c7e9-6411-01d3-6d95-c2cf1a837a1f,FXE-FIELD-A-HPNA-rg,,1,4,f,
710efd1e-c6fb-921a-ef5a-f9d202d1fff5,FXE-FIELD-A-JBRA-rg,,1,4,f,
087e8302-c3e0-fed7-966e-ed56a448fecd,FXE-FIELD-A-BUFR-rg,,2,4,f,
c2e2c96c-002c-d1d2-3c56-84286caa8c90,FXE-FIELD-A-ONPA-rg,,1,4,f,
d3d75da3-4d1e-ed7c-2c5b-a2452836d0c7,CKBA_FXO_rg,,1,0,f,
22c350e5-1339-5d69-8df0-ee91271d5c95,FXE-MCORT_rg,,2,0,f,
673e671a-780e-7d6a-a5ce-c32543bf6988,FXE-FIELD-A-EILA-rg,,1,0,f,
5acca51e-848f-7511-0f5a-3d602b03ab44,FXE-FIELD-A-SMFGAO-rg,,2,4,f,
988fded2-c41e-9174-0bfc-354921fd48df,FXE-FIELD-A-APAHQ-rg,,2,4,f,
a3943839-4852-3718-dafd-9bfb5fd418c4,FXE-FIELD-A-DCASL-rg,,2,4,f,
e6ff69cd-383b-eb56-bbad-3f789b3f6f16,FXE-FIELD-A-DLDwk-rg,,2,4,f,
a9d74aa4-01ae-6dc4-d076-363e6b373e71,CUBE-Testing-RG,,2,4,f,
7b53fba6-4b18-97f1-b6df-1bf58bc6858f,ATT-CUBE-TEST-RG,,2,4,f,
8def1db4-12b1-2cb1-e776-2d573939a569,CO-LO-E911-EGW_rg,,1,4,f,
c378c178-781a-aaa9-30c8-2d3a95c26bd5,E911-EGW-ECRC-SIP-rg,,2,4,f,
4515bf3f-327d-b4ed-9f1b-853f0adb94e6,CAN-Cluster-Test-RG,,2,4,f,
001f7244-ef8b-f102-8932-1ab75c9c7260,FXE-YKZAPaging-rg                 ,,1,4,f,
0385759c-a707-1bba-6528-83810e5f65bb,FXE-YTZAEmergency-rg,,1,4,f,
07469ca6-fdeb-a31e-b446-d8d2ffa018f2,FXE-YKFA-rg                       ,,1,4,f,
07add88f-3e1c-11ec-e444-01fab26311c1,FXE-YBNAPaging-rg                 ,,1,4,f,
097efe7c-c4f4-c8fe-b0b1-17cfe9206f8c,FXE-YULRC-rg                      ,,1,4,f,
0a694231-df30-6592-710c-1d2d4f3de18f,FXE-YPQA-rg                       ,,1,4,f,
141965e1-2c00-409e-d382-177f226baa6b,FXE-YHZA-rg                       ,,1,0,f,
1574ecfa-8a79-b1ab-7d0c-a12b37b3495e,FXE-YULAPaging-rg                 ,,1,4,f,
16356801-3cc0-678d-2a97-ab74f4b7efcb,FXE-YULBEmergency-rg              ,,2,4,f,
19aed176-8b29-a6aa-9f20-8c98d60f3451,FXE-YVRRC-rg                      ,,1,0,f,
1b17eee7-a0b6-7bcb-8549-c388ac500c32,FXE-YSBA-rg,,1,4,f,
1f968d3e-1897-82ae-78e8-c0a94181b890,FXE-YXZAEmergency-rg              ,,2,4,f,
212f9674-65cb-ad8c-b24a-f90ee31b15bf,FXE-YYZR-rg,,1,4,f,
24a55fd9-552b-a76e-3654-5ff7049322bb,FXE-YEGA-rg                       ,,1,4,f,
25de02cf-25d7-418c-663b-cfe797533e83,FXE-YUXA-rg                       ,,1,4,f,
30122a26-c5a9-5b9e-cf6f-5a6679d63d5b,FXE-YMXPaging-rg                  ,,1,4,f,
2c10005b-3743-3fe8-9088-bc9299ea8c9f,FXE-YTSA-rg,,1,4,f,
3254ea70-81e6-4ddb-8ab6-5a33ba98efbd,FXE-YHMA-rg                       ,,1,4,f,
3915f874-6a9b-3223-ed23-7097a746fb4a,FXE-YFHA-rg                       ,,1,4,f,
3972dfa2-c3c1-eb80-3b69-9af6b75b1288,FXE-YBNA-rg                       ,,1,4,f,
3aaf245b-dd70-5545-c021-de033264bb8d,FXE-YQBAPaging-rg                 ,,1,4,f,
3b80b942-2945-2bec-bf5d-870a61c4dd5b,FXE-YQGA-rg                       ,,1,4,f,
3be885d6-777c-1fe3-e86e-ea319c8de539,FXE-YQBA-rg                       ,,1,4,f,
3c8ae809-a281-f5b7-5394-2a343aa1cb62,FXE-YTZAPaging-rg,,1,4,f,
44503834-3220-72bd-9534-a3d7ced4ffbc,FXE-YYGA-rg                       ,,1,4,f,
48448704-7ed0-e8d2-f9d6-736d99f83f66,FXE-YDGA-rg                       ,,1,4,f,
4a496e98-41d7-305d-e115-a4f59d4ae403,FXE-YXEAPaging-rg                 ,,1,4,f,
4b675c93-3390-1734-cc6b-53bd374e5745,FXE-YTOAPaging-rg                 ,,1,0,f,
4f90f814-1b62-5199-456b-bc6b47494026,FXE-YBYA-rg                       ,,1,4,f,
4fe0df27-e1ba-6f8a-f157-0fef258bb5e1,FXE-YYZHQ-rg,,1,4,f,
50c6db01-3b44-d630-e5bd-465b300e9b27,FXE-YDTA-rg                       ,,1,0,f,
538f09b6-a33c-5cae-3fe7-5d63875aadca,FXE-YCMA-rg                       ,,1,4,f,
5487ebf8-b759-0c07-2840-a779a654141d,FXE-YTRA-rg                       ,,1,0,f,
54d6bf90-61c7-e776-ee52-585a93d925d9,FXE-YFCA-rg,,1,4,f,
5672af38-861c-0d9b-fdc0-d2833b5f377f,FXE-YOWA-rg                       ,,1,4,f,
56f79412-1859-9ab7-f2aa-1c8b70938296,FXE-YIBA-rg                       ,,1,4,f,
5c2b4e0a-cf5d-bd53-a94d-c193ea39ec15,FXE-YWGAPaging-rg                 ,,1,4,f,
5fd20973-d3e4-b15d-bffd-26318a803b0b,FXE-YYJA-rg                       ,,1,4,f,
612664aa-364d-3071-4cfd-27ccfb030783,FXE-SME-ATT_rg                    ,,2,4,f,
6687a16c-2c84-93ed-1116-1ea8d4ff7d01,FXE-YYTA-rg,,1,4,f,
67d16390-e6ea-f800-0b23-27f5cfa8c359,FXE-YLWApaging-rg                 ,,1,4,f,
6a25ff67-bb03-10c1-5081-319b8446194b,FXE-YEGR-rg                       ,,1,4,f,
6aeb6ad0-8783-8c94-1322-399758262fea,FXE-YKZA-rg                       ,,1,4,f,
6dbe3529-758f-e319-db0b-6ea332b1492e,FXE-YSBAPaging-rg,,1,4,f,
7181e60f-6942-79e2-f615-a4c996aded77,FXE-YQTA-rg,,1,4,f,
a05f951e-d847-0f84-9f97-eb9b43eb0d50,FXE-YTSAEmergency-rg,,2,4,f,
7183068a-1b3b-bb1a-aafa-a28ac7aea980,FXE-YAZA-rg                       ,,1,4,f,
740bd90a-2094-5e46-bd8d-75c001fcfc71,FXE-YSWA-rg                       ,,1,4,f,
74d76654-cceb-f6a8-747d-f12bb4c554e7,FXE-YQGAPaging-rg                 ,,1,4,f,
75eee7e7-8824-4217-911c-a540aeee8022,FXE-YQMAPaging-rg                 ,,1,0,f,
778a7cd5-ecf4-b09e-c002-7ce56b46328a,FXE-YGKA-rg                       ,,1,4,f,
79f161c2-a354-3589-23c1-ffc2be1c15c3,FXE-YMX-rg                        ,,1,4,f,
7bce5d94-3bbe-7323-966f-938e7b462428,FXE-YBZA-rg                       ,,1,4,f,
7f4bc31c-2613-1eb9-b318-c06bd860cb40,FXE-YULB-rg                       ,,1,4,f,
81e7514f-6595-22e1-ce66-8695d3dee887,Standard Local Route Group backup1,,2,4,t,Standard Local Route Group backup1
8576cf9a-b449-b6d4-0436-8147efacdf6c,FXE-YXUA-rg                       ,,1,4,f,
8609d3db-782f-42ee-14f7-61bf7586b93c,FXE-YKFAPaging-rg                 ,,1,4,f,
87980b05-2bfc-3906-7f24-0495d5097a51,FXE-YYBAEmergency-rg              ,,1,4,f,
8897636d-213b-2286-d7c9-8e7ed5d6a58a,FXE-YXEA-rg                       ,,1,4,f,
8a42d044-859b-35e4-a64f-5aa5980b399c,FXE-YUTA-rg                       ,,1,4,f,
8a518293-98d6-3272-12f4-e93dcbeaa50f,FXE-YUTAPaging-rg                 ,,1,4,f,
8b8b1643-8410-90b3-8231-30eda77d4edd,FXE-YVRA-rg                       ,,1,4,f,
93b69bd7-54ad-861c-973c-6a055c94e7b7,FXE-YIBAPagfing-rg                ,,1,4,f,
94e0f610-0a05-cc15-72d5-2e1f9228bba2,FXE-YULA-rg                       ,,1,4,f,
98d322f5-3ebe-bb46-f3b8-73d9180c0764,FXE-YWGA-rg                       ,,1,4,f,
a2301310-0753-ade3-6f7a-82b45ff50b81,FXE-YSEC-rg                       ,,1,4,f,
a88548de-6245-d423-d62b-77bde5cbd19d,FXECA-EGW-ECRC-SIP-rg             ,,2,0,f,
aa318d66-8e0c-25aa-805e-791a2de74399,FXECA-E911-EGW_rg                 ,,1,4,f,
afe60188-7924-f776-40d1-24fbf9898344,FXE-YUXAPaging-rg                 ,,1,4,f,
b03208ea-59f0-052e-b347-3ff779555ee6,FXE-YSWAPaging-rg                 ,,1,4,f,
b3d33c98-acfa-9194-4e6a-2d6dba0591f0,FXE-YYCAPaging-rg                 ,,1,4,f,
ba3af4c4-84ae-7bd7-33c8-3db2451cfef7,FXE-YAMA-rg                       ,,1,0,f,
bbe3a772-64ba-8647-2a67-5445fb9e23a6,FXE-YBZAPaging-rg                 ,,1,4,f,
bbe9e101-7d44-6787-aa82-c83bf82032d8,FXE-YNDAEmergency-rg              ,,2,4,f,
c17a2c78-1cbf-215e-c878-225b1cc54144,FXE-YVVA-rg                       ,,1,4,f,
c3a899d6-2734-d804-7be2-6591453e48a4,FXE-YEGRPaging-rg                 ,,1,4,f,
c4cb776d-35ae-34b4-47bd-7f68b94076d1,FXE-YOWAPaging-rg,,2,4,f,
c4e4ed37-df97-8776-ab2d-d5c611a891ab,FXE-YSJA-rg                       ,,1,4,f,
cbf157ba-91c2-f8a2-ef74-069b83140d2f,FXE-YTOA-rg                       ,,1,0,f,
ce746f28-2d6c-88cd-b4b5-6f6a84f0e377,FXE-YYCA-rg                       ,,1,4,f,
d71cc390-f59f-e5a0-99ce-d5572a13763d,FXE-YXXEmergency-rg               ,,1,4,f,
d7ff8261-dbf8-ff40-077c-cb5017de439b,FXE-YHZR-rg                       ,,1,4,f,
fb6c0f43-f77c-014d-ddb3-bcb8026ef634,FXE-YXX-rg                        ,,1,4,f,
db9f3db8-df7b-c22d-e131-41f01e291ec4,FXE-Unity-rg                      ,,2,4,f,
dc00a0de-71f7-35c0-6803-1a4c68b32ffe,Test-RG                           ,,1,0,f,
dc702c1b-2ee6-7371-95f5-fd54982cd259,FXE-YLWA-rg                       ,,1,4,f,
dfb55caf-48c4-9861-847e-5bdfb89e63d5,FXE-YQMA-rg,,1,4,f,
e3552c12-3f6a-297d-8232-314b694c620e,FXE-YIBAEmergency-rg              ,,1,4,f,
e0dfd265-8165-b7da-214e-05de4056401e,DTWR-Hub-Paging-508_rg,,2,4,f,
e6fd3ba6-b636-8d3b-ad60-35d5f54de129,FXE-YFHAPaging-rg                 ,,1,4,f,
eab7d9b0-f961-f489-4a67-e1281ce5ffae,FXE-YSECEmergency-rg              ,,2,4,f,
ee59778b-d292-66f4-db2e-fd60a5ce22fa,FXE-YHMAPaging-rg                 ,,1,4,f,
ef116a56-62af-d7f7-57b4-9327ac99cc3a,FXE-YVRAPaging-rg                 ,,1,4,f,
f69ac46c-86ab-d2fb-3b05-36837b2252a9,FXE-YQRA-rg                       ,,1,4,f,
fbfe4777-846f-42b7-58bf-61ae6ac5bcfd,FXE-YCDAEmergency-rg              ,,2,0,f,
fef22d0e-706c-a63b-7ed4-5838185f0bed,FXE-YKAA-rg,,1,4,f,
ff38c48d-77c1-85ec-6978-aa5ed466822b,FXE-YEGAPaging-rg                 ,,1,4,f,
ff3ac18a-eb77-61dc-18b8-53cf99cb2cf7,FXE-YYBA-rg                       ,,1,4,f,
