pkid,name
730f5537-e987-a6b7-dd3a-17118ad31d90,DI-SME-URI-RL
93b088d7-de29-33ef-1ea7-5591ad747cbd,VZB-RL
65257996-16d1-3e1d-dac9-dc4caba88ba5,DI-Unity-Connection-RL
48625db7-9854-cd17-3b85-ca1241bc5182,ATT-US-RL
c9f16946-8f35-47ac-b250-90da6261e154,FXF-NPX-rl
3a6e5616-df9a-596d-e9d5-38654dc6532c,FXF-HRO-WSTREAMLOCAL-rl
3a9ab642-612c-035e-6a0f-f929a22f296d,FXF-CTH-rl
3bc8edf2-34a0-6caa-7ef8-43636f3afe46,FXF-KNX-rl
3e03d94f-a2a4-fa69-fea9-199d53d2ec30,FXF-MNT-rl
3ee6e501-6915-6c1b-d778-87b1371843d4,FXF-BUF-rl
3efb5e9a-90dd-7172-be26-33c20c1930fd,FXF-CNG-rl
3eff1730-5da0-681f-cb7b-734ea5bdf044,FXF-GJN-rl
40d76225-55f7-1ab7-f83c-fe140883010e,FXF-WTO-rl
422e0aa1-a53c-6d6b-db9b-519a87f3e54e,FXF-ALT-rl
4261955f-0c0d-f4ab-e2ac-b5cf56f564d7,FXF-CPG-rl
45588775-e9e5-6e42-1b8b-b2647823b46e,FXF-SLM-rl
4589b980-1555-f45e-d42e-6c8549f9714d,FXFCMQ-E911-EGW_rl
45903701-d6f6-4b4c-b0d0-eb7f92d36e65,FXF-LOW-rl
45e65813-a9ad-d5af-eecc-15c09be449d5,FXF-HUR-rl
462ad6e2-d6d9-a29b-e7b9-3e3ffac95e7f,FXF-DOT-rl
4874cf20-7210-9a85-99ce-37ac05b8b126,FXF-LFK-rl
48871c6c-e34a-39f4-0d86-dbc9485f971e,FXF-OCF-rl
4994bc38-ca58-e807-a5b2-ab00ad078f0d,FXF-MPV-rl
4aa6a574-c18f-4ba4-2696-d811296a628e,FXF-KTL-rl
4abd078f-86e8-c50c-a018-8dfeeacaff0d,FXF-CIN-rl
4c2160da-5ffe-0ab6-df46-a3d8ea892eb0,FXF-BOS-rl
4f982f4e-0b89-a386-500f-5fd8f96115c3,FXF-JXN-rl
50375fbd-8cf0-c7df-b953-c3c72675d32f,FXF-EPH-rl
51f45bf1-d2d3-c34f-dee1-39cee201cafc,FXF-IMT-rl
531a631d-b6e0-1bc3-0882-fb4e47f1367a,FXF-RSG-rl
536e7a68-753a-46da-3b2d-4600abaa06a7,FXF-PLD-rl
53cfcbc7-44aa-d8e4-61d5-78bafbf24c36,FXF-BND-rl
53d27a96-e940-0225-99e9-fb756ec6a930,FXF-SLN-rl
5442bfbc-68e8-c23e-710e-53b481e3fd2a,FXF-MAU-911-rl
54b5f382-354d-633c-f9b8-c8fff1eba905,FXF-VCT-rl
55380859-547f-e14f-798c-751b1490cfb1,FXF-KMZ-rl
b3a59b33-d62e-40dc-b69d-d7d8d8eabe78,FXF-ONG-rl
56c54acf-eb20-3168-1e14-e9aa923d7878,FXF-WPB-rl
57f27515-3317-61c5-f527-9fce636e35d7,FXF-TER-rl
583c2936-1d0f-44ae-f520-a5acd5e4f119,FXF-NHS-rl
59e6f25f-b526-d141-f992-c3e87e3a9d53,FXF-SLV-rl
5b740308-a7c8-074a-21a1-69f7047c9b30,FXF-MOB-rl
5d734948-4082-31c8-10d1-7a97574b06c1,FXF-LUG-rl
5d8e16f3-4944-a819-1384-7270706d68fa,FXF-STC-rl
5dbebce3-d787-4251-8a7a-3a56dd85904d,FXF-NAT-rl
5e30c0f4-4966-ada5-5ed1-43807c22a7e1,FXF-HRL-rl
5eaa9183-b829-9317-5658-edf7ee574aa1,FXF-RNJ-rl
5efc3c54-f1d2-31fd-ab8e-f9c1f760225b,FXF-OTW-rl
5fb90675-3fd6-dc50-c9f3-eecad5f32b1e,FXF-RAP-rl
5fd84ffd-4c8f-4dcb-b262-e3336c09b195,FXF-SJU-LocalGW-rl
601bea4c-da40-1884-d6b1-adb0a7ef6bed,FXF-MSL-rl
6042758f-160a-f991-ff69-87b77f8eb571,FXF-HTS-rl
6130af4c-4627-1406-a272-dab3a17c8285,FXF-NOL-rl
61dbd5b0-57dc-0412-5bcb-eceb36b1cd80,FXF-TUC-rl
660777da-7f15-fdb4-e097-ee0006fa324c,FXF-JAX-rl
673cebdd-9363-2d98-b513-45365cb4cb48,FXF-CSR-rl
1981f7fc-19e6-4951-b09c-330b1ea7e0c6,FXF-BMT-rl
685f6145-7655-a549-418b-fdc94394d108,FXF-SAL-rl
687d8347-2621-ebc6-3148-1058930a3365,FXF-VNL-rl
6a8f6c51-90aa-2933-d835-5206650d0fb6,FXF-EVT-rl
6b001503-afb3-cfd2-cf7b-58a0643f9cf7,FXF-TWF-rl
6be9cb00-afc3-c4c4-0365-0eda3f47667b,FXF-LFT-rl
6c444cbc-3a0b-a6e7-c216-ebcb9374d3f4,FXF-BLS-rl
6c454882-44a9-ba95-7d4f-99bd01fe0663,FXF-GWS-rl
7ad7f49f-33a5-8b0d-b343-6b9c2ecf76f0,FXF-FRO-rl
7b30c3f2-0d15-25f1-23c4-ce3abf9a8a81,FXF-RED-rl
7bc58970-6915-1ab7-cb02-35ed43572d14,FXF-LVS-rl
7cd2b7e0-ee21-ae29-a180-890e84f00fec,FXF-CDA-rl
7d7b7f12-a4ee-acb0-5986-71cde78b8889,FXF-HMS-rl
7e01b022-4c35-924a-56c2-e1789f8c4514,FXF-AUR-rl
7e392a56-778e-7106-966e-4b2251e83a2f,FXFtoCORPU
7f078b19-4e7b-28c0-8da5-5c4c3f972d7b,FXF-BIS-rl
80f4a0ea-97d1-33d5-06ff-aacba24d075c,FXF-STR-rl
810c42a3-b027-80c5-4a9c-6ebb6c98d464,FXF-WSP-rl
81355b4d-e7a5-e894-3be9-da19b352e2a9,FXF-NHU-rl
821c070d-cee1-1e8e-b7c6-bd0e958ab377,FXF-ETO-rl
8376f769-2408-8116-32ed-b20fdf8380eb,FXF-JKT-rl
84d21924-2c36-4463-3f5f-2bd3ead802b7,FXF-EAU-rl
858913f7-0647-042f-21e6-1691aed25eb3,FXF-PST-rl
8620d471-7f05-c900-6fc2-56dc24f4f398,FXF-NHC-rl
865a8e88-12f2-7c1f-c954-e5740bc40a37,FXF-NKY-rl
87acb2a2-c756-e30f-0f80-124ab9028976,FXF-WTL-rl
884cecdc-e4eb-85c9-2f48-519401407d8a,FXF-SFV-rl
89f021bb-b0c2-3167-af00-9d6fc3fa5983,FXF-AKR-rl
8b9c08b6-8532-2f7f-d825-b5773cae0e8d,FXF-ANB-rl
132d9440-86b0-48fa-9540-e0b366897c77,FXE-Customer-Service-DS_rl
cabd51cf-4a51-454e-936c-ed410b754336,FXF-LBB-rl
8ef4a237-4523-630c-2c49-a7e8066f5772,FXF-HWO-rl
8f29ce0b-47d0-d2be-a98c-b097fd341ae4,FXF-KNG-rl
90afff4c-b9e5-3d80-cdca-0aace6e6f398,FXF-WLI-rl
90c818ce-cf69-74b5-99b2-93c9f59fe90e,FXF-DSM-rl
910857a7-e607-d236-b604-90841c317706,FXF-EAB-ATTSME-rl
9222f303-e305-bb42-3459-eb46b79ff5f5,FXF-GAR-rl
9227bc44-a22d-5d51-2ce3-e976ff623037,FXF-FXCC-ATTLD_rl
93731e39-e6e5-082d-7cda-0ba8b8fee6b2,FXF-TAC-rl
937c7d06-72ae-f85d-2248-fce4b51aa2b3,FXF-ZZV-rl
96d1b95a-ba61-53df-4738-aa75bc4f5856,FXF-EAB-rl
96fa61fb-bf50-4073-edbb-666cff24b8a2,FXF-PLB-rl
97300b76-5203-8087-2b7e-f58442d8b834,FXS-E911-CALLBACK_rl
995e6cce-deca-8b07-4b41-ab46d9fe476b,FXF-CKB-rl
99eba067-f6fb-1f03-5bcc-f3aa41b41fcc,FXF-SAV-rl
9b9dede2-216f-7ac0-08aa-3f39800b875d,FXF-ENI-rl
9e9b1629-abaa-f98e-3f19-8bd377a127ff,FXF-BTE-rl
a063ceed-3b27-d551-de75-b9ee626047c5,FXF-WMR-rl
a11f136e-a346-0d9c-1747-dce6beecc256,FXF-WFT-rl
a17cf67b-ca13-216c-d83b-7030f5a71926,FXF-MSN-rl
a288d68f-ca9e-d065-cbe2-8ff2cb0c2ceb,FXF-TUL-rl
a532c681-9963-3ec2-421d-c83417babc38,FXF-WNJ-rl
a78ac3dd-2311-2ae6-a8cc-7b8668439d19,FXF-FCY-rl
a7afccda-6852-531c-5009-365968a02f6a,FXF-PVD-rl
a861d372-ffef-eecd-6554-198e6c944bf1,FXF-BOL-rl
f39d088a-0fee-8728-86c9-93959709535a,FXF-SJU-ATTSME-rl
a8eb4b7f-c549-04da-83e5-c445a60ea4ec,FXF-GNA-rl
a953f503-08c0-247c-505c-328793bd0d8a,FXF-CRW-rl
a976018f-84ba-ab28-581f-d9b94d256dd2,FXF-MIE-rl
aa138219-c5d4-59f9-a2e8-03ede891391a,FXF-ATO-rl
aa252a44-1560-cbe6-8f56-21e232dff211,FXF-EKA-rl
ac9ed66b-d75a-037c-9499-55ceed8f8ec2,FXF-ALX-rl
52981acf-5e58-4abe-96ab-7c28581e5e97,CKBSC2_local-1FBs_rl
af400855-f100-9d79-56c1-7f97562daaf7,FXF-TOP-rl
af643ea9-ba6d-4d99-42be-c3b59de812aa,FXF-EUG-rl
b11be349-2619-a2f8-51f6-3eae58005f52,FXF-AVO-rl
0fc71517-da8a-4daa-b506-02a133e7d4ae,FXF-GLR-rl
b1ca15f0-4c1b-825f-4c89-e9c254929c40,FXF-PAS-rl
b21f4956-6986-495c-ea62-673a4a92ebfe,FXF-MED-rl
696bb3fb-bf4a-4a49-a8c8-ef745f3b2d06,FXF-MDL-rl
b3d6e1da-855e-d1b0-0dce-f005083a0683,FXF-DBQ-rl
b45aa042-a9c2-0944-e413-d95be56735b9,FXF-BTR-rl
b7b2e50a-544b-fbc9-d049-35c5a32edd4d,FXF-RFD-rl
b7e083de-905a-3151-7f2d-ac5e5848d7f9,FXF-DTR-rl
b86c8560-cb8b-53ad-ed2c-1f44ee81ee85,FXF-WPT-rl
b88be262-92cb-6b7a-1818-c1a33ad64bb2,FXF-WCO-rl
bcfce623-a182-21b1-71e1-00df48e58cfa,FXF-GLD-rl
bd296791-acf3-9603-91c9-73311172b35d,FXF-COU-rl
bfe5e021-87bb-8b2c-352c-f4ef983e36b9,FXF-HBG-rl
c0197605-f532-9bbb-4455-69fc325cb742,FXF-PHL-rl
c33b1c05-4cb6-4b78-c0ad-90afdecc6393,FXF-GBD-rl
c45a4958-9377-e66e-b800-383f15287969,FXF-SBM-rl
c5a3df0a-860f-8901-ca28-450337152df7,FXLG-CHA-rl
c70610dc-4421-0f05-e56a-4e91d0f60a54,Voicemail-RL
c706228c-d51a-ab1e-7c33-6414b7725faf,FXF-ODS-rl
c809f956-dbc2-05ac-c487-f2783076aee1,FXF-CHS-rl
d4118476-3b1b-38dd-216c-f925472a3f0e,ATT-CANADA-RL
c84c2c37-776a-20cc-1d28-b3e7c155722d,FXF-WNY-rl
d024314e-5d4d-48c2-9255-8084c3e50ca0,FXF-CRB-rl
c92d27c5-f4e8-1a86-a224-9c5f1ef40a4a,FXF-FWA-rl
c9f471d2-8cc1-6cfb-55b3-7ac107fa4102,FXF-OTM-rl
ca27d850-9c83-701a-7ed7-3f803b9b06e5,FXF-LNK-rl
cb5ce3ac-bad5-9d6b-da54-202ae4664bd0,FXF-PHN-rl
ce78acda-0f6c-efd3-09d5-1e90d5ea7bf7,FXF-ELK-rl
d2bf5bf0-e5b9-5140-2f37-4b809754c2d4,FXF-WNP-rl
d46535fb-05e3-75e7-3ffe-f1d8c1e18da3,FXF-STE-rl
d5873a0a-7d70-0b28-16a2-7ab7ad01b54f,FXF-STN-rl
0cc2e15f-8e1d-4f18-9ee2-9daecb749247,FXF-SUX-rl
d68a0c2d-0077-4993-066e-405709eaaa0b,FXF-CLR-rl
d963b032-9544-fe7e-5090-74bae3f7f9d3,FXF-HMT-rl
da6b4f0f-9e24-cc8c-78a1-52f831319108,FXF-SJM-rl
da9df633-f3c8-22c2-736f-0b59547deba2,FXF-MEM-rl
de420d5c-f93b-4446-59bf-ea9323eec849,FXF-PCA-rl
de6172ef-4a94-b085-81ac-92dafaf78e3f,FXF-FLO-rl
df37fa2a-4b82-de6f-6f5f-e6523be7c2f1,FXF-VLD-rl
e1415e9b-89fa-8c11-7656-adeef2af37c6,FXF-BKF-rl
e1efc688-c12a-ff60-a268-fc891d75c514,FXF-NEW-rl
e24ef652-f7dd-b984-0656-6429c95be7f2,FXF-WBA-rl
e3559451-5ae2-4cf7-7a25-2574e7d94a97,FXF-SNO-rl
e45fb118-9bfc-79a5-e053-7efea2af5580,FXF-ROA-rl
e47081df-5f33-0991-cd91-909c2ddfe5ca,FXF-MVN-rl
e4ba61a5-14d1-ba4c-8896-345333921636,FXF-ABI-rl
e52dd894-a4eb-8d60-b887-6c1a4ec8dda8,FXF-HOB-rl
e53d4135-5c79-b12b-9366-0bc429ad8dcd,FXF-CGY-rl
e87e4db6-07b8-217c-a61a-918209456f80,FXF-WMN-rl
e880ae38-dcc1-dbb9-b8a0-d787651f9915,FXF-EBO-rl
e9162265-4ea1-03fc-e92f-20d988e0d430,FXF-SYR-rl
e92cf2cb-b9ce-2820-7366-f7c3e84d3ad0,FXF-SBR-rl
e9c81d1d-6818-160e-59cb-bee5f599ce83,FXF-PKB-rl
ea186491-402f-e4a4-99b5-415708ace322,FXF-ZON-rl
eac53e38-ed74-f286-ebbb-d81cc024d208,FXF-ALB-rl
4770a16e-1b69-45b8-9193-8a5db73f6680,FXF-BSE-rl
eb9eef54-4afb-f32d-95f5-63299ae6dcda,FXF-KKE-rl
ec1e2c8b-3e76-59bc-d9c2-39a1bbaf0292,FXF-POC-rl
ece1e792-ed44-12d8-49e1-f9e91beebdc1,FXF-MAN-rl
ed09d67d-f5ef-5e06-742e-f1416f3eb6bf,FXF-HOT-rl
ed0add44-bb52-cd2d-a456-8172a9148d64,FXF-DLH-rl
ed26ea94-6c03-9487-5cac-c6887e959118,FXF-DRT-rl
ed8a988a-0417-3eb1-2db4-df2b9eae98ee,FXF-TYR-rl
8260d8c2-5421-4dd2-ae36-6ca3af81da75,FXF-NEA-rl
eeb23896-f586-9f7e-e815-603c863be104,FXF-CHA-rl
eebbac9b-5b70-04a2-d581-c46633a7586b,FXF-FAR-rl
ef60b26d-cb9e-8f31-fd84-fa010ff07fc7,FXF-SDO-rl
ef70b3d9-594e-556d-f9e4-2128eaa596ee,FXF-VBE-rl
f10968d7-7bdd-a669-e6eb-304d26166d39,FXF-STK-rl
f24895fe-d684-f5c0-6035-d330bac5564b,FXCC Frieght Unity to ICM-rl
f327ef10-9c9f-7a86-799a-6ad6f9a15f19,FXF-BWG-rl
f40aa034-a742-c05b-0da6-0eb04660886a,FXF-LON-rl
f45abd81-ccd7-4aba-a553-b6575a432428,FXF-SMN-rl
f49a0482-6d10-fa28-7301-8a228143463d,FXF-EAB-LocalGW-rl
f53298eb-7228-dbdd-f589-3d52cef69862,FXF-LAF-rl
f5672c66-d006-ab9a-ee5f-a0088dcd8a33,FXF-LAW-rl
f640c77c-f55e-45c5-1e3f-6959a434aabd,FXF-SGO-rl
f80301e0-3a34-8571-b537-5c4d1d419584,FXF-TUP-rl
f8405647-af0f-1689-2eb3-0bd395a0e3e8,FXF-PIT-rl
f847bce3-c2a2-b590-5609-01af66ba4304,FXF-SED-rl
f92f7065-2ca6-2a66-3468-6b84f98732f5,FXF-ERI-rl
fcae7dfe-f3b5-1275-d5d3-d0ddc6c9e695,global_rl_plus_SME
fcbbfaf6-9670-8da3-80d5-2cc6f53a53e1,FXF-GVN-rl
fd318d9c-8981-46fd-7b07-1153936a9a37,FXF-MGM-rl
fe0efc0a-1b6b-e02a-7bb0-e3a2c620d909,FXF-NSD-rl
fe42ba5b-e5af-9f49-ffa1-601b1b8a515a,FXF-DPL-rl
fffcb55c-7ebc-5ab4-b731-30f3e6b135a4,FXF-MCN-rl
7687d8ad-02c7-9121-412e-079359f34ca8,FXS-SME-ATT_rl
bbe24319-d5f4-dc79-c5c3-bc684b1d6f88,global_rl
3cb3202f-d75b-c1b8-80fd-68b67b83a21c,FXLG-Voicemail-RL
270728de-dbf0-46c8-987a-857eb2adeb60,FXF-OWA-rl
2a7d2cab-7981-53bd-9907-9b86d550ab2a,FXFtoCORPU
442fbee6-fd9d-dbc0-9d89-8e284313486d,FXF-CAD-rl
dc4ec38b-59f3-5b15-54ea-607da61a7e6c,FXF-GRI-rl
3afffc6f-eae3-4375-981b-107373cc0538,FXF-MFD-rl
3e671712-228d-04da-9bfc-e141a1ce8a26,FXF-MRO-rl
bfb495f2-e730-a517-765c-7079254add84,FXF-LCH-rl
651adeab-4ae6-46eb-9e5c-c1237ef0f5bf,FXF-LIN-rl
c512cc02-ff66-4c32-ae5e-d9cb4d0f6129,FXF-JOP-rl
fbc76f8a-6206-4ad5-8b04-f7d14d1a3861,FSC-FTWS-rl
37a5da86-7aac-4ad9-8d90-3b536271ec77,FXF-AGS-rl
2e2f5c3a-7ec5-4459-8424-6cb91993a85b,FXF-ANH-rl
c872f2db-dff8-4d6c-838e-bce8f9420cc0,FXF-BHM-rl
77c1119f-3cc8-473d-a1cc-c51bde0fc908,FXF-DCU-rl
d7c1e135-9294-4239-bc79-6bc8b338eff6,FXF-RNO-rl
71943042-c0be-43d4-add1-149352a6185b,FXF-IVN-rl
4faebb62-ae44-42ff-9269-b06811a8fd66,FXF-OXN-rl
180980e0-04a5-4714-8dfd-c2039cdcfc53,FXF-FNT-rl
ea07d2e8-0d04-435b-971d-8d387ff3cd9a,FXF-DRS-rl
1626ddd2-162d-44e0-ab99-670dbed07977,FXF-NOG-rl
e9c8e873-fd62-4998-8f76-9e96c3973eb6,FXF-ABY-rl
6332193d-4380-4e58-98fa-5082b12d8720,FXF-CHV-rl
c46667bf-8787-44f4-9972-9f22286aae4c,FXF-PBF-rl
bf89eea0-8802-4aa5-8113-90265501915d,FXF-LEX-rl
b9241300-622a-4361-9aa4-0a9041b262b9,FXF-FED-rl
54cc1ed8-bf2a-4ed8-b822-c3bfe2175f12,FXF-QCY-rl
0678d428-b4a5-4dde-abad-d99900eabe3c,FXF-BLY-rl
eefe4751-376f-44bc-b09c-a059baab8a54,FXF-BRY-rl
6f4b9aec-d334-498f-9406-a620479ab12d,FXF-CRP-rl
0df49f3a-4ab9-4f58-8400-707915f97323,FXF-MCW-rl
c31a951f-3c58-41a8-a530-51c69448574c,FXF-WCV-rl
20dbb90d-5b7b-4a23-8e2d-9cf899a94835,FXF-NPT-rl
719cdd75-44c1-474a-a8d1-ef0189071a8a,FXF-HKY-rl
bf2c94aa-5171-403e-b900-7baf4fa79438,FXF-YUM-rl
2fe0f2dd-8621-45f0-be63-edf90f696460,FXF-MOD-rl
2bf70637-ec62-4f0a-a7b9-e93debe5d042,FXF-PRU-rl
927578b6-3b17-4356-ab1d-af3133b105ef,FXF-SFL-rl
5fd6deca-8a67-4bf4-8335-8d7414d07a1e,FXF-WOR-rl
66f553fa-7349-467f-a8dd-df368449b1a2,FXF-MON-rl
ac319cfc-d04b-48e5-b654-8b1401850086,FXF-NSP-rl
caa02c95-63d7-4966-9f4f-f71e31431b49,FXF-SPO-rl
b6b5e66b-ca90-4fab-a31c-38ee83030e43,FXF-BRL-rl
2f62301b-f375-4ef4-9434-f028e9a33c09,FXF-CHI-rl
1ce6217a-97a4-447f-9902-e52510d35078,FXF-WNZ-rl
8d7d5b8a-d583-4f31-9dc8-6ec21a8e0398,FXF-MOT-rl
6be0f27c-fe1a-41db-aa88-324aa93d0e4c,FXF-SLO-rl
3f08cd56-b6fc-451f-903b-216b2c9686c8,FXF-FAY-rl
a2e7237f-333f-444c-a105-3f0d50e9d686,FXF-FLG-rl
f09a7a6d-36ba-4c3e-837f-7f59297fb43b,FXF-KPT-rl
7db47f30-a0cc-4c60-8649-3f684b99f9a3,FXF-CJE-rl
48541647-3043-4c32-9bb7-45e01f9036db,FXF-BNH-rl
1dce9453-abf5-4ab2-9c7a-a7770eccbb13,FXF-NPL-rl
5ea8fb77-dc62-4644-a94c-ead2da399357,FXF-WWV-rl
27824f65-0b9f-4edf-9ddc-b6e49cd17a1e,FXF-LBL-rl
ffea41aa-15c8-43ce-b6a9-447b8c7cd056,FXF-SHV-rl
a9ead96d-167f-4d0c-82dd-929088d3d0ad,FXF-FXCC-ATTLOCAL_rl
968aa30f-0e5b-4f0f-994a-5dc9d9b769f4,FXF-FMY-rl
26c86644-19af-466b-a5a2-2b260989585f,FXF-CLX-rl
937107b3-07c4-491d-bbf6-bcc814c5ee0b,FXF-LVW-rl
bab33228-ed11-40b9-898c-1ab0757ec914,FXE-FIELD-A-NZJA-rl
98b1d8c0-6fa5-4a04-9cf3-71ecd345f9ac,LD_system_rl
ef0f21b0-8358-45fd-9efe-9dbe57d9ff40,FXS-FIELD-MCODC-LD-TEMP-rl
00c9f803-fc68-49f3-b756-915789472db3,LKSA2_local-T1_rl
12212f65-2aec-4457-bc12-5ad07140a7ff,SHVR_Local-T1_rl
2225650e-644c-4b06-9779-077ae1a4368a,IADVK_local-T1_rl
2e15357f-069b-45a3-955e-fec72ef1a6f8,FXE-FIELD-A-MFRA-Paging-rl
d44d7f7f-23a0-4dd3-bfdc-4c585b2aaf33,GUPA-Local-RL
ac512170-0b90-4723-9181-edf9745b5aaa,SLRG
44cfab4a-bdcd-4009-995a-b7b1b4dd5dfb,FXE-FIELD-A-PLBA-Paging-rl
c3915cd5-e018-46d1-be37-0928f7958d72,ROCA-TESTING
2c6de3ad-4291-4f9a-907a-8e4367e8a6ec,NQAA_Paging_rl
efdd8c79-24bb-4e27-ac06-d218bef272d5,SBAA_Paging_rl
d1c6f3ee-230e-4006-8270-4ed73a003992,FXE-FIELD-A-MGEA-Paging-rl
0287ac54-641d-42ba-a40a-8fed23ea5554,OMAR_local-T1_rl
cf31b886-de1e-4b76-8c08-5f91e05c5cf1,PSPA_local-T1_rl
6c3d4922-5b06-495b-8b08-651878f37e02,Local_system_rl
0aadec4b-0eb4-4a1e-85d2-bd1385cc1f53,LASA2_local-T1_rl
3176ba91-e6b8-45a6-9dc5-4a40681df347,NXXA_Paging_rl
cb9acb99-769a-4029-b3ee-c0358ae8bc87,mgea-test-LD-RL
c1736233-0dc6-46ef-bcd0-74973de6bdcc,FYVA Block Caller ID
d556e9c1-5441-46ae-990a-ba8530b90a3e,FXS-SME-VZB_rl
fbc0302b-cc67-4fbb-8b24-a787243ccca5,FXE-FIELD-A-LNAA-Paging-rl
eb489485-76c9-4dbe-8148-c27e4cebe49f,FTYE_FXO_rl
90010941-85fc-482a-a833-8dee3e8c0ff9,FXE-FIELD-A-WRIA-8569332166_rl
088326eb-cd4d-4ad2-82e8-f59ea8ccd14f,GEGR_local-T1_rl
18fd3065-e435-40d6-8c01-c73f16521d83,FXE-FIELD-A-DABA-Paging-rl
cc603c0c-746b-48eb-95fd-ff098319f935,MRIA_Paging_rl
4454d388-9c7b-4db5-b1bc-4402abd690c4,FXE-FIELD-A-HYAA-Paging-rl
945057af-6fab-4b57-859a-970b865d59fc,WTCA_local-T1_rl
6030dfb1-36c3-4785-8d56-2f3f5681253b,JREA_local-T1_rl
90f25e25-07ab-4b19-b988-aa6568171dbb,ORDR_local-T1_rl
29b76a27-916c-4524-acd3-99f0b5c1c394,CDCA_FXO_rl
7e8e65c4-9225-4677-80ef-236c4001bf4f,BNAA_local-T1_rl
9af7c824-4fe6-4ad9-a1c6-5eaeefd87ba0,International_system_rl
9393a79e-64a2-4398-9952-5a53b5915ff2,SANA_local-T1_rl
6ba914b2-919c-45fe-a967-d57a1eb33a9a,LASR_local-T1_rl
6713493d-ade7-4e74-b0b3-8880eb8a92cd,FXE-FIELD-A-MMUA-Paging-rl
620542a4-6b89-4f57-bad3-bf774d9b3afb,BNAA_Paging_rl
43be9ea0-94ad-4196-97f3-fee818896250,FXE-FIELD-A-GRRR-Paging-rl
1ef9ae82-6b99-4807-8dbc-fd784a5594cf,DCLEG_local-T1_rl
b1ccf532-dccc-4559-bfd6-b7e3740dcd2e,LBEA_Paging_rl
e867a8fd-80ff-47c6-bb99-8e46bfc8a71f,FXE-FIELD-A-BLMA-Paging-rl
c7fd0c10-caf7-4502-9ade-5cd748f23704,FXE-FIELD-A-LALA-Paging-rl
1ddc374c-b7c2-45ba-9c30-b711804b6945,FXE-FIELD-A-AGSA-rl
c38cf1ca-8f05-4af7-b097-5c08cab84749,GNVA_Paging_rl
5f478079-f9f3-427f-b403-2c9b55b29bc4,NYCSL_local-T1_rl
8ce6134b-c3ab-43cf-89d7-18119fa16396,FWAR2_Local_2_rl
77de7f54-d6cb-4625-9370-6c5a6f2d0fcd,FWAR2_Local_2_rl
53a5301c-0c72-4940-9534-916b185451f2,SBAA_local-T1_rl
753ac7bf-50cf-45aa-9fb7-525bb19b85bf,SNAR_local-T1_rl
7f15d4b6-301d-4c87-89f6-9fa77aae0c6b,FXE-FIELD-A-DCAA-911-rl
a88db435-9762-415f-ac10-7389e18f212c,FXE-FIELD-A-PVDR-Paging-rl
4637c72a-cdf2-43d8-bee0-72746b614d4c,LBEA_local-T1_rl
16f80fcb-1db8-44f4-b557-9a582a91bab1,MRIA_local-T1_rl
47afa719-8796-4957-9967-888032cadbe1,FWAR2_Local_1_rl
b61a9c04-0e68-4118-82a8-4278f2ae21e9,FXE-FIELD-A-PLHR-rl
93ea0497-d3dd-6f6e-ccce-5c69d552fcd1,FXE-FIELD-A-LAXRC-rl
9fead07d-be23-eafc-5cc0-81d51503fe30,FXE-FIELD-A-SMFGAO-rl
7bb9445f-7577-43f4-9cdc-ce021d3f3256,JVIS3_local-t1_rl
1fa76164-60d9-4a8b-a10e-3c0113523ea2,FXE-FIELD-A-BIL-rl
b4ffdd8b-eb3a-4811-974d-1348fc35c39d,FXE-FIELD-A-VLDA-rl
eb3fa029-601b-4d00-8fde-4e31f7b79d37,FXE-FIELD-A-BFMR-rl
b767ca10-caec-4fd7-8612-428318c3888a,FXE-FIELD-A-ILMA-rl
7acdd597-02f8-4013-acc3-d492e405e0d5,FXE-FIELD-A-SMFR-rl
7399d385-b2e4-43b4-a0dc-4e2329deb645,FXE-FIELD-A-RDMA-rl
5faf8e96-7f88-40a2-ab13-6e787c898f6f,FXE-FIELD-A-UKIA-rl
5c3eaebb-5423-4a75-8664-8e68a95e891d,FXE-FIELD-A-BCBA-rl
d4067df4-8078-4ff1-8e7d-a8673198c544,FXE-FIELD-A-CMHA-rl
1acc16ab-0709-4f6a-9fe2-20547b911fbf,FXE-FIELD-A-BOWA-rl
db535520-6329-4277-a5a8-11bbd652b8f8,FXE-FIELD-A-MSYA-rl
38e8b9e9-bfba-40f5-948e-33f2d8720da1,FXE-FIELD-A-WALA-rl
2be781a3-1b37-4d2c-93dc-dc1e0cd39e00,YUMA_Local-T1_rl
95b85c30-7e17-4f21-aa13-59b0dab700ef,FXE-FIELD-A-SDFR-rl
77488aa5-0a67-4ab2-9bec-679e48bd86d3,FXE-FIELD-A-SUXA-rl
deab9261-0612-4c95-b05d-af147a05f36a,FXE-FIELD-A-MSYR-rl
fb1c3805-f773-4532-9e01-31119b804f4f,FXE-FIELD-A-GYYA-rl
13dceec8-a5ef-491b-8868-581d7c8d1c2e,FXE-FIELD-A-BDLR-rl
e82b269d-a7b0-471e-9fb4-cca6a06c4fa1,FXE-FIELD-A-SPSA-rl
1ca4f68a-f1b0-4c50-8f89-381b5b235afd,FXE-FIELD-A-SSIA-rl
a5337429-a8de-481a-b8a4-793b251d9317,FXE-FIELD-A-SJCR-rl
1004a7a7-0e9b-4c13-8e91-8e0a5eca58a9,FXE-FIELD-A-LOUA-rl
77a7861c-6da3-4903-90dc-fb44f314ff63,FXE-FIELD-A-MWHA-rl
d44c7c73-80e9-4bd9-84a5-3b70d5ea9f3e,FXE-FIELD-A-SFBA-rl
d7f3b0e0-3adf-4d63-8c59-4fd2fc4f4ba0,FXE-FIELD-A-BXAA-rl
4e7e0ab2-18d7-4652-a89e-bc4637b19599,FXE-FIELD-A-HIKA-rl
265b0652-0b2a-4070-86c2-71409d98c675,FXE-FIELD-A-MGCA-rl
f7607e13-658e-43a8-831f-c66794e2dd29,FXE-FIELD-A-AGCA-rl
786b9b64-28ce-4084-b532-863454ca632e,FXE-FIELD-A-JREA-rl
d7215d61-ec94-412e-be2e-10cde6404554,FXE-FIELD-A-VPSA-rl
c9d1e2ac-8aa5-4395-8161-e1264567c2cd,FXE-FIELD-A-EVAA-rl
33c11341-e2d6-4df9-af4c-26d5d91eddd6,FXE-FIELD-A-OXCA-rl
4c7b7f2b-bebd-4d18-90b3-22e7d64d02f2,FXE-FIELD-A-TOAA-rl
357054d7-ff22-466d-a5b7-5bbe4ab4890b,FXE-FIELD-A-VGTA-rl
9065e97c-80de-42b9-b6f2-16c8478bcd3d,APAA_local-T1_rl
20256b8e-49c1-4a75-9cb4-b389e05860f3,FXS-FIELD-MCODC-PAGING-rl
ff122052-ced6-4103-b99e-5f526b90c073,FXE-FIELD-A-LBBA-rl
1f1ff1e1-366f-49e6-a94d-70202bb2c7d7,FXE-FIELD-A-MQYA-rl
a8ee36e3-01bb-423c-845c-2d30bd5c805b,FXE-FIELD-A-SHVA-rl
e333a11c-5227-4cbf-b12b-b061094912e6,FXE-FIELD-A-BGMA-rl
58dbc251-0889-477b-8c9a-2e23ac7863ed,FXE-FIELD-A-HMTA-rl
ae21b9e0-2731-4729-9859-9c1a50626ffc,FXE-FIELD-A-STLRT-rl
00783a00-3271-49e1-bc77-8c40141df2fe,FXE-FIELD-A-RICR-rl
b63d23ce-3eba-4493-8886-17b71d9e7d38,FXE-FIELD-A-SANRT-rl
53366b37-23a1-470d-b36d-fc6d11d79b86,FXE-FIELD-A-SWFR-rl
e72e25d5-ce07-40a1-83b6-a74df26550e8,FXE-FIELD-A-EAUA-rl
244cb259-a4de-424c-add2-3aea47bc8935,OAKRO_Paging_rl
737ec17b-6828-455a-9192-ce760b12064c,FXE-FIELD-A-SYRR-Paging-rl
fb779ffa-a24c-4567-9b35-8562e80fd983,FXE-FIELD-A-MHTR-rl
65f30701-2c26-45f3-8657-ff92ae562407,FXE-FIELD-A-NBUA-rl
12fbaf1c-8f57-479e-b6f2-f08a54a90b92,FXE-FIELD-A-ONTRT-rl
30be7e4b-819e-4055-9880-0e0bf2a7e322,FXE-FIELD-A-SEART-rl
beda3e3f-fac4-4a41-8f93-de107cf4cbe2,FXE-FIELD-A-RKWA-INT-rl
7bc7b867-7829-48f0-acfa-bee0a9885ed6,FXE-FIELD-A-RKWA-INT-rl
9a3b8271-be4a-479f-8bb5-10a65d0269d5,FXE-FIELD-A-FXEA-rl
be36590c-1516-4cd0-a70e-15ee9f950d9b,FXE-FIELD-A-PHLR-rl
84fde411-ae7a-49bb-abbd-c036251c6134,FXE-FIELD-A-AMAA-rl
37173829-9996-46f6-b504-63800a798963,FXE-FIELD-A-PHDA-rl
4ac2c2b2-bafc-459d-adb2-abc267b09ec9,FXE-FIELD-A-GVTA-rl
4fb7217d-abaa-4da0-894b-d344db7831d5,FXE-FIELD-A-GJTR-rl
088abb06-d50e-4ada-a450-8cb1dbf552ea,FXE-FIELD-A-GTFR-rl
bb667bc0-58e7-4a50-bc9c-c903be194b1c,FXE-FIELD-A-JSLA-rl
ec1f037b-27f2-462d-b08d-5eeba707a19e,FXE-FIELD-A-RWIA-rl
5ee49463-cb43-43a0-847d-3776898d96ec,FXE-FIELD-A-MGMA-rl
cecbb3af-52d2-477b-898c-c72d9b7428e0,FXE-FIELD-A-USCA-rl
79788f3f-c1e6-4f53-89fb-dfc66a4163e7,IFPA_Local_rl
c66ab22d-1a8e-4230-9550-e38760360d12,FXE-FIELD-A-MFDA-rl
8f4c2a18-4464-458e-841c-2460a99cb907,FXE-FIELD-A-UGNA-rl
dbddc5be-e615-44ee-99f5-e063f10e7edb,FXE-FIELD-A-ZMLA-rl
6ad39156-1d66-48c5-a943-8f4a233af6e6,FXE-FIELD-A-CLEWK-rl
692c664a-f8f1-435a-99ce-e03198f9367a,FXE-FIELD-A-ROCA-rl
45a7e759-5130-43ff-b6df-6f8f5c51d047,FXE-FIELD-A-SMOA-rl
85c96558-7056-4bf2-8bd3-0ccd897c6c1f,FXE-FIELD-A-SFOA-rl
d5a54ff4-df54-49ad-bad2-d28903f38c67,FXE-FIELD-A-RICRT-rl
ebf803ce-a2d6-4ec0-97b0-9d0dc6f01026,FXE-FIELD-A-PLBA-rl
c4d6765e-73d4-4092-acae-43c4c9305345,FXE-FIELD-A-RAPA-rl
bec6a5d8-0a34-4128-b12c-356d1212d76a,FXE-FIELD-A-LCIA-rl
d4fc43e8-368b-4467-af47-9c35d9591680,FXE-FIELD-A-TVCA-rl
aea1eb2e-a35b-4a45-9f9c-1df73e3916c1,FXE-FIELD-A-TMBA-rl
ff6d512c-0892-4572-97a1-80cb45ce1abe,FXE-FIELD-A-OGDVM-rl
7958bae1-5bf8-4318-a794-58fd4a0339fb,FXE-FIELD-A-PITRT-rl
9f4d32e2-06f9-4ea5-8e53-e845b71d7bcd,FXE-FIELD-A-SBYA-rl
26ade3d9-01e5-4571-943d-0b90a958d66c,FNTR_local-T1_rl
0372bd93-0d08-47f3-91e2-62b632e5d53b,FXE-FIELD-A-OXRA-rl
e2fd81e5-bfd1-46d9-8487-771cc36e1543,RKSA_local-T1_rl
3791e2e4-536e-46a8-a49f-34a9893b7d18,FXE-FIELD-A-PSFA-rl
d0186ccf-65ec-4da9-85d0-713d72eeb888,FXE-FIELD-A-BDLRT-rl
34c2304c-7436-4e2b-8af1-ef4e959bcc6d,FXE-FIELD-A-ZSYA-rl
447704d7-6db4-41ad-b06a-67d1c05bdaa6,FXE-FIELD-A-HAVSC-rl
d537118c-c3b4-470b-8e41-de851db897b5,ODWA2_local-T1_rl
c65f4268-9e1f-40fd-814f-a3399d5219ca,FXE-FIELD-A-OLMA-rl
2d00ffbe-62f8-47ca-82b0-97de63548886,FXE-FIELD-A-SYIA-rl
ffc59557-731a-4f3a-bc4c-6065dda0f0b3,FXE-FIELD-A-MKGA-rl
9924b66a-a302-4d59-a1a5-9bc4eef5d43b,FXE-FIELD-A-SRUA-rl
3c68f2a7-063b-4585-9411-ff8946cb6645,FXE-FIELD-A-HSTA-rl
5f05a0a4-7c63-4d66-b0f5-357f8c2cce89,FXE-FIELD-A-YKMA-rl
0721f365-b0a1-4f7f-9e13-517d2352488c,FXE-FIELD-A-PBIA-rl
b210fd0a-19ab-4d6d-bb48-ca6cf837c43f,FXE-FIELD-A-CAOA-rl
3a14c474-879a-4dd1-a2de-38fc4234b591,FXE-FIELD-A-RFDA-rl
86fcdb6a-6d94-4507-8a77-971d681268a7,FXE-FIELD-A-PIAA-rl
efd42989-d657-49c2-a69b-5681417d2981,FXE-FIELD-A-PLNA-rl
5529d638-8035-456c-b086-14bb5f87dadc,FXE-FIELD-A-FTYWK-rl
0229810f-7ee0-49b5-9aca-f7d9b16c4d1c,FXG-FIELD-1627-rl
f1bbd4e7-15c5-4a58-9b27-0179fb726882,FXE-FIELD-A-JANA-rl
0ebf526a-35fc-4b3b-a636-4b569153740c,FXE-FIELD-A-DLHA-rl
a09c7e5c-a487-4d86-95d0-232ee6b754b5,FXE-FIELD-A-GRRA-rl
61293b8e-0a55-4ed0-bebc-5b9e9b1e2f5e,FXE-FIELD-A-MLBA-rl
54e3f85f-290e-473b-b0cb-f548060fb940,FXE-FIELD-A-TUSR-rl
fd238270-2386-4fc2-89e6-9d7a4abdf361,FXE-FIELD-A-THLR-Paging-rl
366df026-0a34-4608-ad25-266d8458de84,FXE-FIELD-A-BWIR-rl
50c268a5-8ffa-4556-8ff6-5f39f6034644,FXE-FIELD-A-GAIA-rl
88c5fa69-564d-4549-a209-ec95b21219f7,FXE-FIELD-A-NOHA-rl
9d2f5f6b-4c4d-43ca-9d77-5377957a7c81,FXE-FIELD-A-MPBA-rl
112c4ede-4139-4569-9dd9-6e6f646fcf5b,FXE-FIELD-A-DRTA-rl
4f941352-f592-4ac3-8283-7f7554801afa,FXE-FIELD-A-NZWA-rl
7f628e04-f1bc-4a46-8732-3187bc7ae2ea,FXE-FIELD-A-HYAA-rl
029afd38-02d8-46c4-9791-4c1abb1ce2a7,FXE-FIELD-A-ICTA-rl
2ecb862c-616e-473c-af5c-2164280be880,FXE-FIELD-A-JBKA-rl
09a016b2-f439-4e23-8f9a-434db15e6831,FXE-FIELD-A-EHTA-rl
162faf7f-586e-45dc-b0c8-cd748335036f,FXE-FIELD-A-RNOR-VMX-rl
3516759c-5210-40b4-9571-69de44969357,FXE-FIELD-A-BUFA-rl
2530c7ed-eee2-49d4-a032-39a14b3662e7,FXE-FIELD-A-MKCA-rl
7afc483d-99c4-4eb3-be97-cef6b49d3bb7,FXE-FIELD-A-PAHA-rl
ee6f7c92-85b6-4b41-8fb9-8d0de44a9666,FXE-FIELD-A-ABEA-rl
cbfc0a8d-4291-4a7b-94eb-8868635ea890,FXE-FIELD-A-GONA-rl
8d30f17d-5045-4522-b6a1-9dc1c30c1aed,FXE-FIELD-A-MODA-rl
5bacd43f-a8a9-4be8-b54b-f03a33433e52,FXE-FIELD-A-HTSA-rl
8c1880a8-b0e6-43c6-9d63-21ab5d9949d6,FXE-FIELD-A-COAA-rl
954c36ba-f7ee-492d-bcf5-8412c22cd6d9,FXE-FIELD-A-AUNA-rl
bd0ff51c-c3f7-41d0-8737-f46db6afe5e6,FXE-FIELD-A-RLIA-rl
cac78502-80a4-4c1c-96ad-c2abd0089001,FXE-FIELD-A-TOPA-rl
f4a61b20-8bd1-42a5-941d-652582749ae2,FXS-SIP-VOICEMAIL-rl
3234076f-a2e6-4a71-85e2-503c6a5e4244,FXS-SIP-VOICEMAIL-rl
29799dcf-629f-4fe3-8927-a75ee05e1e63,FXE-FIELD-A-TOCA-rl
3fd4c2b3-466f-47b5-a24c-16fa271dfbab,FXE-FIELD-A-MCOS-rl
fc03e1e0-6853-46e0-a810-e97c686e79a1,GJTA_local-T1_rl
dc8f75be-823b-48b0-bf3e-196af4a1a6c0,FXE-FIELD-A-THAA-rl
87568c20-762c-4434-99f9-9bdfda8a2304,FXE-FIELD-A-WJFA-rl
6dc10684-156b-4244-882b-88be36cee5d1,FXE-FIELD-A-OWDA-rl
fe353175-7691-4cf4-86a9-52c1ae21698d,FXE-FIELD-A-SVZA-rl
bb218074-4d1d-4e3e-b21f-74a724e18b8a,FXE-FIELD-A-FRGA-rl
eb0474a8-5eb4-47a3-a683-f3a63e19d29b,FXE-FIELD-A-GVLA-rl
82044470-0b7a-4854-9251-9700e5e74f77,FXE-FIELD-A-HVNA-rl
7d23e21e-df58-44e7-abc7-33f431df0697,ORDVK_local-T1_rl
d7779fa8-b2b6-49f5-a2b1-38c2faa2e933,FXE-FIELD-A-FATA-rl
46b01edd-ddc7-43f1-b904-101b66a50ad0,FXE-FIELD-A-SBPA-rl
7677c1f3-6be7-455d-b487-d7dc2bfa5d3b,FXE-FIELD-A-CLERT-rl
ba33d614-9181-4ca8-a68b-5e314cacff72,FXE-FIELD-A-SAFA-rl
db178682-bd64-4f8c-a2c6-116920f14ca3,FXE-FIELD-A-JEMA-rl
ad395544-5f6a-42b9-a009-cf9de6c6c958,BEDWK_local-t1_rl
db1db2c1-5456-4ae7-84d9-7d98093755eb,FXE-FIELD-A-AUGA-Paging-rl
4931b3bd-40e6-466f-ae6f-5e3c56449480,FXE-FIELD-A-IXDA-rl
19204b49-858d-4e41-8bd8-33113c5d8745,FXE-FIELD-A-TULR-Paging-2-rl
ba3dc741-2b62-4792-a2d3-fb7bed60c96a,FXE-FIELD-A-PDXA-rl
c79cc977-9138-4770-9ecc-9f933c9cf6ff,FXE-FIELD-A-CSNA-rl
7f6bf3ed-18f2-4eb5-a376-64f7905c535e,FXE-FIELD-A-DAYA-rl
6c0fc851-59fc-4fc4-a67c-4a75fea74eee,FXE-FIELD-A-STKA-rl
66242de7-fe97-4f30-9041-2069e541ccb9,FXE-FIELD-A-WMHA-rl
b92f8968-ab6d-4eb1-8eef-dea7b88cd820,FNTA_Paging_RL
ac267d0d-68c0-49f5-b1fd-4e547967c273,PHXR_local-T1_rl
7eb20bfa-8d5b-45f1-a339-8ad1d4e051be,FXE-FIELD-A-SYVA-rl
d2d30df7-aab7-45a6-b35e-f0298b8dcb46,911_MCFA_rl
79d5c4be-0a30-4ffb-906d-836a9074eb2b,FXE-FIELD-A-MIA-INT-rl
101644ab-3da5-4d46-a1b5-d3af4c80ec15,FXE-FIELD-A-MIA-INT-rl
d96139b9-8dc0-4430-888a-cc9b50bc0c71,FXE-FIELD-A-VGTA-Paging_rl
09dc6298-d86a-4e53-8a21-01057bc0520b,FXE-FIELD-A-LEBA-Paging-rl
75e6d39e-e460-4cae-b583-a306466f03ab,HGRA-RL-DISPATCH
0bcd87d3-cf97-4130-9f36-52879a66042c,FXE-FIELD-A-CSGA-rl
6a3b22ae-46fe-4e28-9ddc-86884a6a76d4,FXE-FIELD-A-MOBA-rl
f4880f7d-9022-43d2-9740-02677150b70b,FXE-FIELD-A-RSTR-rl
83124829-9360-4dd0-b61a-8cc729c94dbc,FXE-FIELD-A-ZZVA-rl
5ffb9edb-99fb-4378-ae5c-33c5738976ac,FXE-FIELD-A-RHVA-rl
0e61251c-72e7-4af3-aa1d-e8c6ccc3e7e9,FXE-FIELD-A-SMXA-rl
ef8d0572-4826-4e6e-918c-bcf3652e55a4,FTRE_local-T1_rl
5803a41c-f4f1-4252-9170-f56f7c735c46,FXE-FIELD-A-COSA-rl
e3cce711-8d8c-4ab0-9e33-27d2f24d62fa,FXE-FIELD-A-ACYA-rl
cb14f636-b35e-43da-8afb-bd59fc7bdc41,FXE-FIELD-A-STLR-rl
91e30218-c4a8-41ef-b27e-66dc00c3a76b,FXE-FIELD-A-LVKA-rl
b695e05a-9999-4723-aa1e-526c179a0f49,FXE-FIELD-A-ACKA-rl
d2db9f03-b2a2-421f-8d9b-6b3504148d0c,FXE-FIELD-A-COSDC-Paging-rl
8385f7c6-2030-4bc2-94e2-646160c97ea2,FOKA_local-T1_rl
70534c49-af40-48f8-9a1d-8e35eac027db,FXE-FIELD-A-LAFA-rl
34d5f65a-6fb0-4fc1-adfd-88d4f3f74cfb,FXE-FIELD-A-TNTA-rl
25652022-cc6c-4bd4-abeb-f154154dd984,FXE-Field-A-ABEA-BSTSIP-RL
d34c8f91-8137-46de-a34a-838d8f8212de,FXE-FIELD-A-LANA-rl
46f046df-9812-4911-9a97-ca3ea231405f,FXE-FIELD-A-BFMRT-rl
a4df8701-13f1-42c5-9614-19c3a68dd245,FXE-FIELD-A-DBQA-rl
5d4a5a71-7346-4823-b505-872ed3a49d8a,FXE-FIELD-A-PGDA-rl
1c6e577b-b4f3-433a-8ff3-bcff2c87173c,FXE-FIELD-A-COSR-rL
508f2be3-d1d0-4e75-948f-2109e06063bb,FXE-FIELD-A-CAKA-rl
66065b2b-03d5-4a8a-b210-5da2003ac151,FXE-FIELD-A-LFKA-rl
72ce43b1-2f6e-4369-8cf5-2536cca80881,FXE-FIELD-A-OFKA-rl
cc52d7cb-2bdd-4de4-8dfb-0c44f8bb298e,FXE-FIELD-A-BPAA-rl
0d062e78-5672-4418-8dfa-ac88f2c8ad9e,FXE-FIELD-A-MJXA-rl
72800b74-feba-48fd-bfc8-4407996994fa,FXE-FIELD-A-JXNA-rl
2b0f352e-ba14-465c-81f4-8597926354b1,FXE-FIELD-A-NDVA-rl
6e18d14d-c456-4524-adfd-738666c02624,CHOA-Temp-rl
84d3f4b1-a3f5-438f-8110-4c1c3dbdcb35,FXE-FIELD-A-MSCA-rl
31f0d23d-1ce6-4f83-aa15-685e214ba4b2,FXE-FIELD-A-RKSA-rl
dca84bc5-d763-4f85-b3df-cc18142aab64,FXE-FIELD-A-ABRA-rl
2b7c04e3-4319-4b8b-abaf-0a346ff8586f,FXE-FIELD-A-LLXA-rl
843dd561-29aa-4649-b4a2-152211df678f,FXE-FIELD-A-FMYA-rl
e0610eca-e609-4355-8f01-252a3c09c8e2,FXE-FIELD-A-MPZA-rl
824e9999-620f-4154-9410-23ebafd8c656,FXE-FIELD-A-CWAA-SIP-rl
ffb1ecca-a28f-4a7b-b7c0-0b19ca54b390,FXE-FIELD-A-MWAA-rl
0d9340c2-3918-488d-9d2f-b4d770a96639,FXE-FIELD-A-OKKA-rl
cd2181bd-48c0-4f82-ad24-94d43dc2f6fd,FXE-FIELD-A-UINA-rl
bb181c9d-0e03-4963-9914-51358e967ccf,FXE-FIELD-A-MSNR1-rl
c5f63bc9-bde5-4ed2-a0ae-8540f4ecf346,FXE-FIELD-A-RKWA-Paging-rl
01a073f2-8670-4cc6-893b-08500a08f0f1,FXE-FIELD-A-FBLA-rl
84c43e7f-a032-4072-873c-6c00d40083cc,FXE-FIELD-A-GJTA-rl
0d398ccb-dfbb-4090-b749-a31c59f85278,FXE-FIELD-A-BFRA-rl
a5cb51ab-b1b5-4ac0-8b39-81f4f4b6909f,BNAR-Local-T1_rl
a847b436-fe84-42a4-ab72-efbbd08a9fd4,FXE-FIELD-A-BCTA-rl
03a0df21-561b-433d-8b1a-79e4562eb9c7,FXE-FIELD-A-MPRA-rl
77c77d89-e460-4d82-8f74-f5bd6450ca6f,FXE-FIELD-A-SBNA-rl
7c432de2-b34f-455f-be16-2764c527e716,FXE-FIELD-A-RNOR-rl
826bb618-18b9-4cc0-8eaa-0f1663f6431f,FXE-FIELD-A-ARBA-rl
5745803f-6a54-4559-900b-e5e7df45eab1,FXE-FIELD-A-COSDC-LD-rl
4a36ad47-ff36-4862-8f19-e4dfdefa9cb9,FXE-FIELD-A-COSDC-LD-rl
8a6b3a94-f697-493f-9484-5196deb1ede0,FXE-FIELD-A-SEAA-rl
ea17060f-3a85-4427-87dc-4ba9edd715c5,FXE-FIELD-A-EWRGS-rl
23744599-ac30-46f8-852d-74646bd0c5a4,FXE-FIELD-A-LAXR-911-rl
b8d584f0-e291-4c16-a514-38ff44512fe8,FXE-FIELD-A-SLEA-911-rl
03a4451c-deac-4f84-a8c3-c82f18fcd0f2,DFWVK_LD_rl
88b02cb4-5e69-4362-9222-a196063eb1cd,FXE-FIELD-A-TWFA-rl
fda9ac9a-dd5b-47ce-bae6-ae0fd4079769,FXE-FIELD-A-IPTA-rl
98055a6d-0e56-48e5-a36f-3c9a884e07b6,FXS-MEM-EDCW-SME-rl
8a426260-646f-4dc0-b97d-60281d26c118,FXS-MEM-EDCW-SME-rl
fcb0ffb6-13e3-4bc1-bd75-9621146c9394,FXS-MEM-EDCW-SME-rl
124a0b0a-4039-4412-bbc4-e0d28c7e3d00,FXE-FIELD-A-OXDA-rl
8f65cf2a-9416-4e24-b156-f7436d98a519,FTRE_Paging_rl
3de82bad-d497-48d9-94d0-44cb992bc1f2,FXE-FIELD-A-MCNA-rl
edc95f3d-d545-49df-9e7e-76dd1e3bd17b,FXE-FIELD-A-FULA-rl
786adba2-6772-4095-a5e9-17964051b2dc,FXE-FIELD-A-CHSR-rl
20f90352-522a-453b-8c1c-fa918f340dd3,FXE-FIELD-A-COSDC-Local-rl
c54a3c69-7966-4aaa-a5e0-3a765952f388,FXE-FIELD-A-TYRA-rl
ce40ae44-4915-4941-aa53-77b9c27f911b,FXE-FIELD-A-MHRA-rl
a4b66587-80fa-4747-9f5b-3851d4be50c1,FXE-FIELD-A-UCAA-rl
c9fde012-2663-42dc-ae3d-2ad6795bc2c4,FXE-FIELD-A-ATUA-rl
66725e87-7c6e-48bd-8550-9155c08261ef,FXE-FIELD-A-BUFR-rl
2401b29a-4cee-4dc3-b530-56177affc58d,SGRA2_local-T1_rl
1bef2e0d-f13e-45dc-83c2-7e21b026ba0f,FXE-FIELD-A-IKKA-rl
966f5f8a-81a7-47f5-93a0-f53116fff967,FXE-FIELD-A-FLLR-rl
eca24a36-3793-4162-b4ad-11b7b9fd1b19,FXE-FIELD-A-JVIA-rl
f815c659-fbc2-4246-93f1-b409e0b00822,FXE-FIELD-A-DABA-rl
ee68f25a-7e9d-4df6-acca-4731c293b061,CHAR_FXO_rl
871facb7-ae2e-484c-9b8d-61578e2af570,FXE-FIELD-A-SATR-rl
5bd554e0-d56a-4aa1-bf3a-130df7f08924,FXE-FIELD-A-DANA-rl
9cc4f564-7be9-4e3c-9ab1-7efc57b51eb6,FXE-FIELD-A-MHKA-rl
db9e28b1-b779-4c33-9b50-7c75a039b99e,FXE-FIELD-A-ARXA-rl
2997eea6-cffb-42b9-a9cc-4ac45fa8a7e4,FXE-FIELD-A-MCFA-rl
ea677e5c-94fa-4475-bebd-49f4385f6af3,FXE-FIELD-A-RDUA-rl
578dee16-6862-42e7-a09b-ee00459498a5,FXE-FIELD-A-LITA-rl
ced19ae4-20f7-411c-ae91-e7800ccf7234,FXE-FIELD-A-FPRA-rl
140e7eaf-8efa-4639-b083-33e7ff9123e3,FXE-FIELD-A-MTCA-rl
f44abbea-48b1-4325-acbb-74592e3f8971,FXE-FIELD-A-SGFR-rl
3413a5cc-6d46-4466-8264-ad8d1a7b7ca5,DFWVK_Local_rl
15516bdf-edb3-4670-aa9d-13fc1fe4fdd2,FXE-FIELD-A-CYSA-rl
29fb6cdf-931d-43e2-8420-1ff941c80783,FXE-FIELD-A-TYSRT-rl
f9cb4413-60de-4ae8-95d9-5421a1e8641a,FXE-FIELD-A-FILA-rl
b7ec9e0a-5403-4abb-8391-69a03a9578d4,FXE-FIELD-A-CLER-BSTSIP_rl
453b2545-f826-4cfc-8987-e45ee34cb136,FXE-FIELD-A-NIRA-rl
73b12c94-ca5b-4f0c-b581-bdedff1445c4,FXE-Field-A-BSTSIP-RL
2db180de-e23e-4ed2-8af1-46089f747d87,FXE-FIELD-A-QWGA-rl
c87c6a95-18d8-4935-baf5-ffcfec11418b,FXE-FIELD-A-PNEA-rl
7da8ff3f-314b-4798-8350-9e33d79823bd,Corp-A_rl
84e02491-b526-4292-81ba-630f6ed7fbe2,FXE-FIELD-A-BWIVM-rl
53425cee-b5a3-43c7-b8bc-ddfd9d468746,FXE-FIELD-A-HIOA-rl
0cf04c57-595e-4a88-ba6e-c8a7928820d9,FXE-FIELD-A-TRIA-rl
e9a4d5e8-4a37-471a-9ac9-b0952e1770da,FXE-FIELD-A-ORHA-rl
cab8882f-6d36-49ac-ac2d-72f757a95e64,JGLRC Call Manager_Temp JY
19f252b9-7b8a-4d9f-a805-d703442dc61a,FXE-FIELD-A-LGBA-rl
c095b877-24c1-463c-9be8-bb2f189c1e99,FXE-FIELD-A-HSVA-rl
983912e1-c8cf-4611-be01-dce50c8ebeee,FXE-FIELD-A-FBTA-rl
b7508c78-9448-408d-aa5f-7faf70beba32,PBIR_local-T1_rl
94d909ce-966f-44cb-a0af-743889c1cd47,FXE-FIELD-A-DPAA-rl
252a2a45-16bf-49f4-8dee-7d664b89c9f0,FXE-FIELD-A-OSUA-rl
4447a1c3-45a1-4a0d-a68d-e5c4a930a40a,FXE-FIELD-A-LAX200S-rl
d9d56b96-c72c-4b39-b920-88c00d8474ff,FXE-FIELD-A-ALNA-rl
c3564ca1-bc94-492e-bcad-638628fe3283,FXE-FIELD-A-PSCA-rl
420d4333-e478-49aa-a07c-2026d95d88f8,FXE-FIELD-A-STQA-rl
993e62b2-63f6-4d08-865c-1c93e190a890,FXE-FIELD-A-COUA-rl
2acce97c-dd6f-44ec-939b-10f68cc97015,FXE-FIELD-A-RDVRT-rl
4f24f9c7-4086-4c46-9f7b-0c2c06cef9aa,FXE-FIELD-A-IAHR-rl
aee361c3-8470-4e57-a513-bbd1f8ae1db9,OAKRO_FXO_rl
6bb9af41-00a7-41a5-aad4-ae68d469ebfc,FXE-FIELD-A-MRYA-rl
c87073e0-645f-4109-9991-932b25b5b846,IFPA_LD_rl
5bee80b4-5361-4362-8784-757c0bd28f96,FXE-FIELD-A-ALBR-rl
82bf2c51-9ab3-4106-9f44-ae4a3ed0b110,FXE-FIELD-A-MBSA-rl
95266d85-45c7-43a1-91f3-3a5f5c65f8ce,FXE-FIELD-A-HPNA-rl
fc8477b9-cbf7-4b37-bc10-cc3fd43d5005,FXE-FIELD-A-DXRA-rl
cd55c340-58c5-4180-8c89-4d8156b99b58,FXE-FIELD-A-EVVA-rl
f2b3a227-4370-4bfa-b3c1-c4fb1ca0d5d1,FXE-FIELD-A-BDFA-rl
d4d60ba8-e419-41ff-8826-5cb1b221cb4a,FXE-FIELD-A-CPSSL-rl
5ec5113d-334e-4352-bedb-07ae0071885d,FXE-FIELD-A-CTXA-rl
37e02890-4f09-403c-8f98-a634de6a04ae,FXE-FIELD-A-SANR-rl
70e675ed-dddb-42ab-b64c-93e3c01af937,FXE-FIELD-A-FWAA-rl
14cfa006-6e5c-4505-af0a-67137c62c26d,FXE-FIELD-A-DHNA-rl
21566c0d-27a8-436a-8d9f-3e40ccaf320a,PDTA_FXO_rl
1e0df0a3-811e-4b2c-ba57-a828de51b14e,FXE-FIELD-A-IAHRT-rl
d94172ad-b7d4-4204-84b1-83d2114b26c3,FXE-FIELD-A-BTVA-Paging-rl
cfc03c04-7899-4c45-93e5-e9f98b9e91e7,FXE-FIELD-A-EKOA-rl
709e15b6-adb7-4f8d-a646-99c7a5bb4663,FXE-FIELD-A-NMZA-rl
e7dfaba4-9937-4db4-be1c-5d9681af360b,FXE-FIELD-A-BLMA-rl
45c6a763-50a3-4a39-81be-71690db340e2,FXE-FIELD-A-MYRA-rl
b679c004-8d22-4f90-af58-4777cdd96f62,FXE-FIELD-A-PQIA-rl
76a8399b-2e66-4b89-9736-af9c852e1238,FXE-FIELD-A-AVLA-rl
f9e13d9c-2b6c-4376-b5f9-3bf125fa0be5,FXE-FIELD-A-LEXA-rl
5efaf859-1bb3-427b-b1c4-a98aeae611a8,FXE-FIELD-A-BFFA-rl
a905308f-52c2-47e0-9c9a-5a451121935c,FXE-FIELD-A-HYLA-rl
d248c4c8-f0ae-4de2-aead-76c5183fce34,FXE-FIELD-A-CLWA-rl
5b513678-0e7f-4e2b-ac63-5a267b3fece6,FXE-FIELD-A-SGUA-rl
128b4d7c-afcf-4c70-aba0-b31361842c20,FXE-FIELD-A-MODA-Paging-rl
d395e7eb-3431-4604-880e-2c48f9d210d0,FXE-FIELD-A-ADSA-rl
af7a4eb1-15e1-45bd-81a6-62deb2a77580,FXE-FIELD-A-DETRT-rl
ed3eb6fc-d271-4b07-b31c-6a704dfff9d0,FXE-FIELD-A-SYRA-rl
dae7e47e-accc-4039-bbcc-34759f9a6cda,FXE-FIELD-A-SHVR-rl
5718245a-e458-4ae4-a1e9-0804b6141cfb,FXE-FIELD-A-GADA-rl
3640ba21-749c-4f6f-96bf-ceae660b6f5d,FXE-FIELD-A-VISA-rl
97f721d3-6a53-4533-8b38-3f1e0bfa3bd0,FXE-FIELD-A-LITRT-rl
d9f90f40-585b-44a4-a60d-44f45498b97c,FNTA_FAX_RL
d2ca6d11-e423-4e5a-b383-be710f5d46cd,FXE-FIELD-A-MIEA-rl
3df864bf-218b-4980-8ae3-c276e3a2d185,FXE-FIELD-A-ESPA-rl
c6735520-21ba-4fe0-ab7d-e75407068b82,FXE-FIELD-A-OCFA-rl
c9dc1c92-d5d7-4d5b-a989-a7bbe13c38a7,NXXCS_local-T1_rl
3352e510-66a3-4578-ab28-5179ed76c025,FXE-FIELD-A-HNLA-rl
2fbe0d7e-67ee-4cf8-9be9-6f31f68f905e,FXEF-E911-EGW_rl
fa8ef044-4594-4903-8794-167ee935ec85,FXEF-E911-EGW_rl
658cacce-0111-4959-9b2e-0ce7a59bb30c,FXE-FIELD-A-PIEA-rl
c6e58188-d142-483d-b09d-18621e10c990,FXE-FIELD-A-HNBA-rl
5596adf6-e560-4b46-ba80-d6036ae86ab1,FXE-FIELD-A-LSEA-rl
e6dc70ba-5999-448c-bd99-a8c4df2d3506,FXE-FIELD-A-CHOA-rl
3be18f16-9748-4717-93c4-45c90919e7cf,FXE-FIELD-A-CPRR-rl
913b399f-9afa-4a04-9033-0eb4d3c0680b,FXE-FIELD-A-FARA-rl
a6c585e2-cd18-4cbb-af6f-fa8abab30b50,FXE-FIELD-A-SATA-rl
3934b7a7-77e0-4c23-b945-8d0893f73dac,FXE-FIELD-A-PITR-rl
5d52ccd7-7283-4d07-80dd-b498aa08f011,FXE-FIELD-A-WRIA-8569332249_rl
386465a3-5d0d-431d-ba8a-257bec5b2e6b,FXE-FIELD-A-ISPA-rl
1a643feb-000a-429f-91c5-07cc632cf5e6,FXE-FIELD-A-SBSA-rl
cc7df12e-ecec-4128-b79d-4ade2f707842,FXE-FIELD-A-MWOA-rl
c50309d7-8647-4495-a26a-e7f290c53f2d,FXE-FIELD-A-TCLA-rl
16e6d368-6b0e-4187-a37f-87b20c9c48a8,FXE-FIELD-A-GDMA-rl
dbe86ea7-32ab-48e0-9fb1-bddfe2529afe,FXE-FIELD-A-TLHR-Paging-rl
1ac50203-5ef2-4a65-916b-79c11e44879c,FXE-FIELD-A-DENA-rl
5868bae1-b45a-4468-85bb-49fa6c4ed947,LWSA Unblock Caller ID
a9bb0105-ab55-40a9-9b8b-ba253506e920,FXE-FIELD-A-SUSA-911-rl
6099fa75-737a-410c-adc1-e5d210b1f4d6,FXS-FIELD-MCODC-Local-rl
7d81b875-2301-4682-b7c3-74db0afef47e,FXE-FIELD-A-MTHA-rl
4449bb9e-01d2-4784-9263-48fb3387294a,FXE-FIELD-A-TOLA-rl
faa1ad19-4077-417f-b342-256b32e927eb,FXE-FIELD-A-HTSR -rl
34aa2d39-0511-4dc9-9654-ed347a47f1fb,FXE-FIELD-A-JEFA-rl
08795d70-556f-4861-8523-2a4ad9c3f5aa,FXE-FIELD-A-AELA-rl
e9b3bef4-7773-4cc0-8c98-2a5c704eeeec,FXE-FIELD-A-SGFA-rl
d9fd695f-9c1e-4fbb-886a-1ceaa9c8cc39,APVA_local-T1_rl
7eb94825-c8a7-4e4d-a7cf-130ce708adb2,FXE-FIELD-A-MFEA-rl
b0d7326e-bfe9-4003-99f3-1b222d531509,FXE-FIELD-A-OGGA-rl
bfff33ad-90a2-4e55-b96d-73ea8e8168bb,CKBA_FXO_rl
10fe8fb5-4c6e-4279-bd59-949ce57c74dd,FXE-FIELD-A-SEGA-rl
284e09c0-1aca-4777-8cdc-752fc41b9dda,FXE-LYHA-Paging_rl
df4d6e52-0683-417e-9054-e66763518f9f,FXE-FIELD-A-MOTA-rl
9b30764f-2148-4647-83cf-c7c0ece1f8e9,FXE-FIELD-A-SLEA-rl
32e1babd-3129-4459-9d74-f498a9ebf185,FXE-FIELD-A-BWIR1-rl
5f1d032e-4d8b-45cd-8503-4acf4cabc4a5,FXE-FIELD-A-HSVRT-rl
d0436a29-0023-4391-9c6e-7ed3db03c8e4,FXE-FIELD-A-MSNA-rl
8a6f4302-9480-4445-8420-2c16473e6270,FXE-FIELD-A-PHLRT-rl
f6f242b0-bc0e-45dd-9862-da58fe6ebe75,FXE-FIELD-A-PNVA-BSTSIP_rl
73152d76-7983-4599-9d57-c46360458085,FXE-FIELD-A-BURR-rl
aeba9e77-2a1e-475a-9216-0faabfb15c0c,FXE-FIELD-A-NOTA-rl
35df7812-0bff-490b-ae6c-f0e51b516f01,FXE-FIELD-A-DTWRT-rl
088378e4-5488-4fe7-a064-8dc2f23fdc5f,FXE-FIELD-A-TLHA-rl
a9f0f550-c97f-4a94-858f-5e76425384a6,FXE-FIELD-A-MZZA-rl
75b108e4-56f4-4efe-bd52-aaa563b530f8,FXE-FIELD-A-LJNA-rl
104464c2-5ab9-442a-b815-6421d6d2fd2a,FXE-FIELD-A-XSDA-rl
09d4f20e-6463-4b0d-b0e8-518342a44dfe,FXE-FIELD-A-MAFA-rl
fa2905ad-e309-49d1-994d-7f98d9c06fb7,FXE-FIELD-A-BJCA-BSTSIP_rl
bca1539d-138c-4511-a1c8-e838479b4ef6,FXE-FIELD-A-TIKA-rl
1cfb6781-a0d5-469b-8083-5eb6f8462cb6,FXE-FIELD-A-COEA-rl
acf5fbe2-8d02-4d33-8d07-440e3bdb2993,GEGR_Paging_rl
697c4c18-0290-41e6-ba90-5e62b4023ec7,FXE-FIELD-A-SHDA-rl
4e61414c-b68f-416e-a29a-562f3e9f54d1,FXE-FIELD-A-YUMA-rl
54e64bc0-fed2-4e75-9f70-a3ebf815d1e0,FXE-FIELD-A-MCCVM-rl
9849639b-c1e2-401e-896a-bdaf2fdec8ba,FXE-FIELD-A-SRWA-rl
4b5ede4f-db28-487c-a399-5c46eb86ec4a,FXE-FIELD-A-HBYA-rl
ce547674-a186-4104-985c-56ee5f1cce52,FXE-FIELD-A-INTA-rl
3f938aee-4210-4e1d-a96c-15c0cbed08e5,FXE-FIELD-A-JOTA-rl
7935f244-eea5-4cd1-93fe-4ff0a52fbef2,FXE-FIELD-A-RDUR-Paging-rl
395fee29-bc9c-4a92-b1c2-dbbdaefa2081,FXE-FIELD-A-LHUA-rl
746cad93-56c8-4854-8c6d-5d6168f8adce,FXE-FIELD-A-JSDA-Paging-rl
6248751a-7033-4c7a-9672-beb0c2f2c959,FXE-FIELD-A-WRIA-rl
2296eddf-ada2-47f1-af89-cefe2bb696e1,FXE-FIELD-A-DNEA-rl
17d4ddb7-c804-4b41-95e4-7669e3d366f9,FXE-FIELD-A-FSDR-rl
8a0c601e-9769-4ba0-8c32-08133bdae08a,FXE-FIELD-A-CLEA-rl
7227e457-c50c-4227-a39f-c3395d1c7694,FXE-FIELD-A-MEIA-rl
5b501c3a-f2d6-4277-ad58-2ef4fadad295,FXE-FIELD-A-SFMA-Paging-rl
78ec4379-1c52-4be7-9b2c-13d698f9ece8,FXE-FIELD-A-FMNA-rl
fa016bcd-0c0b-48aa-a2ee-75cb995f444e,FXE-FIELD-A-JVLA-rl
25ad6b97-c1df-4702-b954-3929e2797bde,FXE-FIELD-A-APGA-rl
1d471bd6-5df8-4adb-8bd3-933f93730446,FXE-FIELD-A-NIPA-rl
7ad80d27-49b2-489d-9e20-a8e42d54f59c,PIMA Block Caller ID
48c87f1d-6256-441b-95ee-10b7129a5151,NXXA_local-T1_rl
4b27f53c-5ec1-4878-9cb3-034cab098c57,FXE-FIELD-A-PYMA-rl
7d424f46-3119-4974-abe8-4a7894c228a4,FXE-FIELD-A-TULR-Paging-rl
717f81eb-4f7f-418a-8d2d-ed15b332e79c,FXE-FIELD-A-UIZA-rl
2e18ff85-dd39-47c9-8815-bd6a7daa8bba,FXE-FIELD-A-HRLA-rl
3d3fa9e3-dd57-48de-9b2f-0ded294da71e,FXE-FIELD-A-ADWA-rl
1c8089a0-846d-4ea2-ad3a-b9b8600107d7,FXE-FIELD-A-ORFR-rl
46f6c6bc-902f-4e4d-9206-27c8307dd502,FXE-FIELD-A-ROAA-rl
f72e1d3d-0e42-4864-bc26-5ed3c31aaae0,FXE-FIELD-A-BEDA-rl
df0a2890-0512-45a9-99be-e0f65ee7cb72,FXE-FIELD-A-FCELK-rl
73951af9-0ac4-458d-92ee-f4db1066eef4,FXE-FIELD-A-THVA-rl
140a42ea-1352-44b9-98ae-b65da92ee4da,FXE-FIELD-A-RHIA-rl
84b42842-bda7-4fbd-8848-d989fc112ec3,FXE-FIELD-A-JFKR-Paging-rl
2cc534da-57d3-48d1-ad18-7c79b8e8a1a6,FXE-FIELD-A-CVGA-rl
32b6a22a-5052-47e9-ad69-2f9ef23ea3fb,FXE-FIELD-A-ILGA-rl
9c7d51f5-120c-4c8a-bfa0-8b1c9d03bc9c,FXS-FIELD-A-LFTA-PSTN_rl
9ed370bf-3962-4302-82e9-4675ba863c10,FXE-LAC-Columbus_rl
c4d4ac08-601a-495f-a0b0-056d8cb8eb4f,FWAR2_Long Distance_2_rl
a2819b46-2154-48f8-8224-2c1b966c2fc0,APVA-11-Digit-local-Temp-via-Corp-A_rl
4aa52cbe-fcea-4a13-ad89-5a41862a3a98,APVA-11-Digit-local-Temp-via-Corp-A_rl
163fdccb-ac09-475c-ae01-d1f9dfa3a6a4,FWAR2_Long Distance_1_rl
203ce538-e29d-843a-0829-da47ed6daaf7,FXE-FIELD-A-DLDwk-rl
da03f1a9-3cd6-d5d2-50d1-b2e5f7c0affe,FXE-FIELD-A-DCASL-rl
a57a6b31-f844-6de4-f396-c98fdaad973d,FXE-FIELD-A-APAHQ-rl
911d811f-56ed-41c6-020e-7b8fd1973ab6,CO-LO-E911-EGW_rl
7d9e65bb-e9dd-1a39-e086-cefaf913d232,CO-LO-E911-EGW_rl
124ea740-c3b7-458f-b511-aa5ec4639a4b,CO-LO-E911-CALLBACK_rl
0a3ccaf3-2654-de27-15b4-f6e43f81a2b6,FXE-YMXPaging-rl
0b3cce1f-0733-5e7c-5159-d40b67b9458b,FXE-YQMAPaging-rl
13488a99-cc17-b013-0cac-ae3b9b0d6bf2,FXE-YYLAPaging-rl
22dcec77-d82f-75d6-c90c-57becd43d42a,FXE-YULAPaging-rl
261f4cae-04a6-6e85-c96f-ddfaa70a128d,Test-RL
2b38cee1-20af-40a3-bca7-79f51230511b,FXE-Global-rl
31ffb202-7f5b-d332-4607-815496652585,FXE-YKZAPaging-rl
327a7337-f7df-0075-e8f3-2afa4bc35c72,FXE-YNDAEmergency-rl
3909f3ba-9789-7b32-3a32-5b514137d25f,FXE-E911-CALLBACK_rl
3ab57479-b83e-a484-6a8d-0aa93230a831,FXE-YTZAPaging-rl
3bd670a7-d573-7429-0b57-feab0454fe1c,FXE-YOWAPaging-rl
3d50a81d-107b-2b83-1c5c-4c92cebcdef3,FXE-YCDAEmergency-rl
42f649e9-c9a4-a0ae-5bd1-578fc1d49b2e,FXE-Unityvm-rl
4fc0ae52-e001-fd45-233f-bb840b2c91d0,FXE-YTZAEmergency-rl
54458d67-7d96-e61f-23ac-804553131b9f,FXE-YHMAPaging-rl
6867fd36-35c0-b2c3-fe1e-2717bba54dc5,FXE-YBNAPaging-rl
6dc3520c-9676-527d-448b-0a6023956b2b,FXECA-E911-EGW_rl
6f4ebd23-72c6-0a23-0fd0-69ad50a3c75f,FXE-YQBAPaging-rl
75315289-376b-194a-aa9b-12b62fb38937,FXE-YSWAPaging-rl
77f277ab-9999-03ed-5c7d-4b1293f93b85,FXE-YYBAEmergency-rl
7d84a041-e871-e7cc-550b-662322a5ba90,FXE-YLYAPaging-rl
7deb9628-4483-84ec-92d8-1eed7ced83bf,FXE-YYCAPaging-rl
891bdaa5-5cdc-70ba-e38a-add3801b41d8,FXE-YIBAEmergency-rl
9ba59408-b7e1-e05c-d6df-39820d501482,FXE-YFHAPaging-rl
a028444a-f5f4-73f3-fab5-c4a06342892b,FXE-YUXAPaging-rl
aa032e7a-2786-cbb0-4179-37b9c7e8ae8a,FXE-YSBAPaging-rl
aa08e91e-2187-f7ee-38bd-ba6446ced5ef,FXE-YBZAPaging-rl
b030b26f-7b76-5b90-2627-301b46737e9d,FXE-YXEAPaging-rl
ba0baaed-22dd-4020-378a-9b9e59a95996,FXE-YQGAPaging-rl
ba9c9a1e-18ab-b88d-d1c9-822e1b8b5115,FXE-SME-ATT_rl
bd5cb6ea-f7ad-d58d-2b12-7b6a0379e989,FXE-YUTAPaging-rl
bfa53de0-9c9b-39f1-68da-4f6ac2e3438b,FXE-YKFAPaging-rl
c236553a-3828-183e-e76f-cdbb0589f140,FXE-YSECEmergency-rl
cbebe0e9-9c20-0dd3-975c-5a41f370997c,FXE-YULBEmergency-rl
d6f570df-6b43-4ec0-688a-b218266bbc0d,FXE-YXXEmergency-rl
d8d1f1d3-574c-e84c-e705-1e894c84dc80,FXE-YIBAPaging-rl
e885e296-91ed-27f1-7ca1-33de5ef5f071,FXE-YTOAPaging-rl
e9dc3f1f-edc9-f566-d898-e18def738a62,FXE-YWGAPaging-rl
ec4aa04e-8894-056c-10a4-13409098e1a7,FXE-YEGAPaging-rl
ed9bf50f-3ea9-2dc3-6e0c-21a599720d75,FXE-YEGRPaging-rl
f2412db8-64f2-4c2d-ff42-2b300b7e2154,FXE-YXZAEmergency-rl
f7ac3c3a-199d-73ec-50b6-a4151c43a793,FXECA-E911-EGW_rl
7e6ae0cf-e575-8bcb-d6d0-6a9c8702a8e4,FXE-YUTA-rl
bc0b6b71-d164-a609-e22a-87e8b8a8014c,YYZR-RL
f9c9aaa0-0340-008b-4965-721656b68459,YULRC-RL
a2cc0cfd-59ea-08a4-133b-f2ee1141afad,DTWR-Hub-Paging-508_rl
c5170673-aa26-f64f-46b4-1d159f8cbd52,FXE-CAN-YYTA-rl
