pkid,fkcallingsearchspace
9dced684-e3cc-6bb8-f4d4-ad81f54e74b5,1e1e1b74-a624-d8cc-34b5-80361508462d
c6d51616-0de4-c3df-ee8b-e1bc3d058295,1e1e1b74-a624-d8cc-34b5-80361508462d
0f62d3d8-7890-79c2-5a2a-e1cf15e5e71c,34f57d8d-17b3-4e1c-8cb8-bb675546fa14
8927a9da-b27e-7033-9bd0-7b055a396a4e,34f57d8d-17b3-4e1c-8cb8-bb675546fa14
4c2f5423-0e88-ba40-ac44-17a5eb106c96,34f57d8d-17b3-4e1c-8cb8-bb675546fa14
e2f3e4e7-dae6-7d77-6c6b-9b6b9b42a81a,f50afe6a-b533-66ef-987e-580f3ca10480
d8662d9d-611a-8e39-2e46-aa48eb1803d9,1d245bb2-dd0d-0583-10dc-fd95aa42c6fb
ab1e3e8d-32e6-cb0a-2eb9-96f4607cacbb,bc673344-9d98-da28-edf8-6f6061c779d8
75aff92f-a6c3-60fe-1199-e648c82e9fab,2bc043ff-b02d-ccb8-f474-e66b89403e63
0518e4b9-cdf0-2be0-a3da-34ac0a145c3d,26910b91-c179-9762-cb9a-0a9a8a20280e
50070aae-f894-4de6-690a-5b3e6bd846b4,57b315ae-cb31-0bc3-6b59-3d4337d7c7c9
e1626ab7-7a87-2ece-e047-fb7b08b7e812,489e8669-e3fc-51b3-1d98-6e60699379cf
e473d18c-0968-e3ee-5131-8e47513539b7,4d6f061c-e24d-1a69-9cb8-b474af634e6c
283502c7-5484-012f-94fb-759bf9576aea,0b944900-251f-5d73-319d-7b067b9452b2
6d06c168-0c11-231a-f844-89ba2c60438f,4c7e49da-a56e-f99f-0c8a-8320a3127be9
fa2a4879-deee-fa5e-d763-7bc3770b4e26,e99c20b8-a24e-dfc5-d219-e383f3dd6bed
781d9e02-4705-e713-8a13-ef81cac27370,bba56dc2-4bd0-a51a-730a-1e3c29204780
e89d25f1-e4e1-529a-c5f9-98d1e84710b6,b747735a-d609-5ff1-5c86-8c2ef856c318
e5c6fa1d-1f18-d5e4-ed6b-27ee21d06b2d,67832f9b-b260-e523-5126-e93b958c6859
0b5737d0-d096-ffe4-722c-7507710d10d6,1dde2b9c-d026-cc39-1117-3c8807d8d8ec
60477f3c-01c8-a189-f906-6e1e0c126cc2,808bee68-a2a1-9b7c-9a0c-3d3d6e4befca
f5593adf-3b29-56d7-3b13-30eb292d090a,0907d677-4866-7163-2526-d3734bdaee2d
ccd1b77d-b9f4-8879-cb99-12bfed1df711,044187fe-4263-f836-d92f-4f26c334b45e
78f6374c-b763-ed92-b7cd-8dba7eb27fff,3a113ff1-3713-d5f4-c624-bb8fd9426f33
c48b00ed-5dbe-3b43-36a1-548f1f84a6ce,31e891e9-63b0-472d-b293-838e4f050b3e
8cc5f1e3-947d-d1d0-ed8a-f6e5f571e435,537932fd-1438-d42b-bc8d-ba38f0889f0b
ec1a680f-9f60-3a01-b497-90c50ece43ec,64308bd9-d5fb-2903-6083-a7127bf67dc4
fbdf9fc0-2dc9-89d1-d87b-b445758a5e66,
9adfc91e-8768-7785-2913-783cce789b58,f719aa70-7537-26c3-1932-0914a88df8e6
606fd3c6-c193-033c-c876-3383e477de88,df676aec-b97e-b07b-95ae-c0ee8fa93462
f6364ac8-422c-e739-f68f-2ed24d544725,077b1b03-e167-1fec-1ddd-ee0eb1ee125e
b49ee355-95d9-6fa0-a3b1-5cc9777fb348,cc07ebe5-4ce2-c46b-8d38-2788034ed185
62c257ab-dd26-b6fb-2334-2efb59f5b526,8cf6937b-3ddc-f461-48c4-cda09132d217
da1762ce-fd76-df4f-9d3f-ce3499af73ff,a34e5e0a-8514-c750-78ea-0c53c0ceded1
0727f225-c876-57f8-23e2-ee1905d0c723,31e891e9-63b0-472d-b293-838e4f050b3e
7c23871a-1bbe-2b58-64f5-044bda681ec4,d39966e9-1651-0b30-2f0c-261b00fda5a5
8cb5101c-0fb4-ed89-7a41-e4ccc33cc625,5e7d33ea-bc43-4c2a-be07-9259a8c5a03b
dcbdbc49-bbe5-9214-d4ec-8d2623f8e689,01ff6240-1945-ebef-4de9-096d47fce1b1
809733c5-e92e-4586-8a90-0d105543ac3c,a393c522-92b0-0d47-aaa0-d715c4674152
b8a11256-6570-62b9-4194-674dd8def24b,06d9a4e7-0d5c-098e-bb15-109f7f924ffc
9fb60914-7193-3f5d-5f8d-731bc21f136a,74bc96e6-ff0b-d1d7-781c-b313dd25bf7b
b5e706b7-0dcc-874e-8b16-547f131898d8,3b4ad2c8-d14c-5b35-fd1f-b8ce8408f3c7
422f964b-c5fc-005c-d5d2-3c6afce37d3e,7922a318-f8ba-41d9-b050-9f9a9de7addb
07b1fe25-3a84-01d9-5dfa-a0a28c24c6df,02755561-3bd7-3fc7-f8ad-b31cbd2956b8
c39dfe08-7333-a727-17d8-3e04c44bb023,5774cb0c-bc25-69ed-b2b9-f3eaf6a17662
16d1d186-58ac-18be-8235-85761ec9f7db,cd9aa752-4538-c53d-1d8b-0e7188bcd31d
4cc391c5-df55-d8bf-7338-6621e52da231,63065a18-f607-6caf-a2d3-84f6e45457d1
04aa5b6a-1f15-0b89-248d-d6339f7e2f65,e7104ea4-56ca-1e70-88ed-e1d73cc5cda1
d1614691-7d9f-f402-9afa-1458d774405a,502a10c3-c9e3-8283-2f7b-42e2ceb28da5
3e65dc2b-cdf2-abb9-bf69-5bb51e61f1cd,02755561-3bd7-3fc7-f8ad-b31cbd2956b8
de14a560-90c3-adee-4236-17615c51603f,38e2d254-6216-7331-5573-80d450ffbe64
74157ffb-3706-cb2e-5168-57241bfbf409,d0f71103-9ea0-a9d7-dbb2-3ece3b55ac99
cf4c81ec-5777-40f2-477a-e6700086285b,02755561-3bd7-3fc7-f8ad-b31cbd2956b8
014d6fa7-1df4-4208-bedc-3f17915d9945,9d6f64aa-589b-33c0-4225-96bef6904eb5
77b3a387-db3c-a12f-2d47-3a6e72fec3c3,75ef8590-1145-5c37-e5db-6b9920e9bc15
61a88070-8c6d-eac6-7445-8a82a3de5453,2efdb97a-9ad2-3202-df44-71ca3ec6b7de
e82c2f2d-6e12-01d0-64e5-8bbc7e72c029,19212e91-1f7d-c555-ac9f-d6fe45f24e2b
7ab0d061-977b-5bad-204b-468eb4c76e89,93c9c50c-4c6b-122e-8615-20a7ff2462b5
c9359510-c87b-950f-5a09-505f4d54ef75,f7d47630-8b0a-7e80-f66b-e611c6fec10b
698392f7-f38c-a540-282d-813ecd373603,c34b2e80-1d2a-495a-65c6-aea14e2afa12
00eed97d-fc09-c407-e0c9-08838419e0e1,c34b2e80-1d2a-495a-65c6-aea14e2afa12
eee26d46-f946-7419-55f8-879173112b6b,a911121a-23f5-c9a7-dca6-4f216430841a
50770bb0-d4e1-e7d2-1ea8-e3e59ae06eda,fda0d6a7-0358-e591-cd3b-d94239f8547a
39e0e3a5-90f1-8961-9634-a1160cbcf003,197f5cd7-bcfd-eddf-2a50-0e039bc5062c
672201fb-2887-67e3-4796-7cd898d03fdf,8f656059-530c-84c7-f468-f34a1745033f
961c6df6-cf1b-dad8-1c79-f884231ed73b,02755561-3bd7-3fc7-f8ad-b31cbd2956b8
d16a039f-64b3-cb1d-0ef6-36177c3ed99b,d2474990-81ba-4726-29c5-817ec4880766
9e8e955e-7258-6a56-91a9-c0e21c2d375a,1efb5c18-2369-881d-b4ac-392032417704
5401a257-726f-90cc-bbfd-2f9587389cad,c0ab9504-c6e2-0d1c-2248-1c58646aa7d7
0c424946-9975-e620-6656-fb1c2eb891f1,b97be723-26c2-c9ed-d70d-fbd22152a0b4
9bf70520-1ada-e1c8-52c3-7aa2bea628d7,4fa8508f-12e8-3d4f-cd1c-8ae30b6119c6
fc956aef-571b-b568-2e9b-352878dea4a7,f2656333-2e30-6300-38a0-58a120a7b8cd
2fd8d9d4-0fa3-bdb6-c734-100e4bc37800,02c82615-ae36-1df3-559b-f6dbc36f7588
b8bf8b47-30bf-38ad-4723-384b32579b95,082cfeb0-2359-9766-e20f-2aaebb9b8b74
005d317e-87ce-2392-9cdc-61a367ad4b52,d0182000-8cdc-426a-1243-cabd925ad08b
405fb0e6-4713-504d-a31e-eb540e841680,a3a964b6-e6c6-4c39-21c1-dfb35cacb4ab
4b1c3074-7749-2885-f544-0381781d826e,c34b2e80-1d2a-495a-65c6-aea14e2afa12
89723f58-9563-0a44-31be-2fab1343fb82,363a9051-c4b8-866c-a860-8331a33695b2
f0a49d87-53a1-37fe-1408-7ad28f44f2f2,19f32807-156e-2107-a85c-4277fee81cf4
f5ce0a95-9876-8cd7-4f02-eb007e853829,3c52bc39-0b51-00af-184a-b2c127166d0d
67039c46-0453-00c2-9660-06deb5a166e0,0c048825-7f3b-d77c-ecf2-909853474a52
8dc87666-7102-df76-9a19-d3c19bca9d2b,63065a18-f607-6caf-a2d3-84f6e45457d1
1acc39db-4464-60b2-5635-73250af99d2c,974b1060-84d9-f034-cae5-56fe545fdf68
cbf287ae-ecf8-b157-6f1e-3104b43e918a,7ae6d37f-323f-da65-1478-2c37a4251ec3
34c8d966-522e-b0eb-3e0c-8ca965a18b46,c4ba3364-f85f-c017-8385-5d4782d84354
f75a6d43-6119-26a8-23d2-96c0f6236f6d,348d1ec0-de10-7024-5387-fcf6db70e501
08d4804b-8aef-8191-b3e0-7efa6ec84ccc,55131edc-c2ab-cd8d-6e4a-5aaec3918e68
29684406-8841-72ab-c3ec-f06e77a1eef9,e1756a37-de30-bfa2-b53a-d831f2ff1bef
b7dec64b-d282-8ef2-cbab-43dbbd6b5960,02755561-3bd7-3fc7-f8ad-b31cbd2956b8
3b8affc0-bbb3-db3c-df82-241a84f6c943,abf3fc94-30d0-c81b-b44e-e3942f3ad1a9
87b405ad-073d-ee7c-b072-258a731c4921,441ef858-5cfd-c241-56ed-3901f833095d
b21ff68e-e867-0f29-b317-b713770acdf2,c34b2e80-1d2a-495a-65c6-aea14e2afa12
3ca86110-3d54-a40f-24c6-42b0b0292c1b,f3f6f865-ee13-1988-1c1a-1e68f914244b
12ea1fde-13bc-6c65-a20f-0d353f579bff,185b9f2c-78bd-8187-d123-80854931ca47
99aafa8c-452b-a242-3921-a786faab8d5c,793eafdf-874b-17da-3ab8-b73278788bcd
0bf2f746-94cf-ae1d-7af6-36bfac168c59,4f5a934e-df8e-e9ec-4463-d5cf3a55f0f9
c11c53fa-7448-919d-1879-21f8c66a8a8f,c34b2e80-1d2a-495a-65c6-aea14e2afa12
15948971-b1a3-2b9b-4d9d-3fb2d0173917,3445c1a1-5b5c-9014-7741-918512079bca
39e991ac-5e9e-367e-b2c3-0f9355635da0,7a18b6a1-e98c-d8bf-6df4-438a712cb8a8
eec335f5-c5ec-d149-f009-cb077ae2a5b2,6f651810-5aac-3583-3da9-5ef3a601a256
082af0dd-6d3a-8753-0deb-2b5efc41c132,02755561-3bd7-3fc7-f8ad-b31cbd2956b8
20ddb628-c108-2a94-006e-28456fe350da,6ee5744d-4f84-501b-f696-704055e5879e
4c725318-b0d9-f9c2-c05e-8e418f92e097,6f03cbba-5b18-f564-0b46-b99dc72376b1
a5bc2983-606d-6e15-b556-5c3ff29a6e28,e1b341ae-4cf7-2d94-6ea8-4dcb605922ab
df484401-0fa9-1fde-ad07-e361265e1b57,5f011faf-c350-1f0f-23c8-d4f9f2c32f92
4a17e312-cb7f-d3e9-9b0e-df4c1b8b20d3,f8135ce8-8e36-db5d-5046-fe629a4d0473
1071e384-82a2-af02-1d41-736a50e6f543,48e359c4-b34d-ccf7-8547-0c1ccef1eb77
bd939a35-65c4-22a5-9fd1-5fb593de58f7,c34b2e80-1d2a-495a-65c6-aea14e2afa12
0b3d583a-5b12-bec5-db7a-4b4780a75127,0a2e3e26-9edb-f3b9-eda2-7422f6c79d70
fc02cde5-0007-4e5d-22b5-f47b061bd00b,3155b705-ebda-d72d-86db-21e1d31ea696
2fe52cab-3ba7-9f10-1cae-845783a98f68,2cedbe5c-5199-e331-7dee-9bf5bccdf91f
75bc7393-892d-48ca-4376-dfbdbd6d7044,38f3d45a-2dfe-27cc-7d58-6076d1db1791
38e9e353-2466-b12d-1c78-e06ab4209d6a,f21053ad-b14f-9453-15d3-7426079ac926
7916beb0-8fc8-2d72-ef2f-282fccfcdd8b,c34b2e80-1d2a-495a-65c6-aea14e2afa12
c346bc6f-4c0b-726f-f4ec-6e45687891e0,8418abd4-292b-a617-4261-2ccf24d9864a
b38ca813-2a81-b9b6-4353-f0c5dfc55d73,1c243e4e-e378-46ee-4111-26331f574c30
615e4c98-5b9d-d7f4-a08e-e0946b008717,f28a2343-482f-ca3f-ed71-c9c824eccdac
d197c9af-f0f4-7d86-dbe8-c20f71c8533d,02755561-3bd7-3fc7-f8ad-b31cbd2956b8
56114f58-7707-1891-b336-1b4c81d2b60c,c34b2e80-1d2a-495a-65c6-aea14e2afa12
cf4acb30-3d53-6e06-0fb0-64e1e472c5e0,c34b2e80-1d2a-495a-65c6-aea14e2afa12
7cf778d4-3cb9-2685-780e-82dfdc5da373,ac77aa0e-eea9-4002-f427-b6e002b6843f
39a2a4af-b86c-2ab0-e113-74eca7fb5ac7,a60a2024-d384-06e1-be40-98aea3271f1b
f6702b58-82dd-ae8a-3888-fe7a203d863e,9d49e696-0115-9df8-8bc1-f6cd9b34c39e
89236b8b-5bfa-8940-1853-8f94cf9e2c3c,3a62ea70-19ee-7b8a-9bf7-46d5d268f37c
71df4e3f-ddf9-ba17-78a0-55f6d47852f5,70fdac26-9d7f-f55d-1575-b2ae2c45dcdc
12049635-77e8-a974-67f9-228d89824c8a,038224ea-68e2-f1de-7974-6d486b5a4408
dd1131bd-b53b-7c49-af30-0fa997b0a353,9df08bd0-7ae7-db8b-d7ef-e2d047d4a072
ec836b28-03de-b1a3-5f58-89bf5810643e,e6dbc59a-0e36-2fbc-5fcc-49a3d12d5cab
47619968-360c-9c59-952c-3b87b9466dd6,d2080643-962c-a9ad-f94a-f03a51586a16
25525fab-2a0c-b7aa-2b4b-f3602f6b699c,3db47417-8110-6d41-f827-c269bbcddaf1
42a8807a-c164-0270-d548-e596490a34e8,0b1c7bd5-417f-5d86-b047-698970e38cc2
7038d172-68d0-8d59-0ea5-79e109e754c9,02755561-3bd7-3fc7-f8ad-b31cbd2956b8
963c2184-b66f-77eb-e524-0f33fdcf52cd,fb83d874-202c-b9eb-5e5f-a04cc366b1d6
ae829a0b-5374-cb5e-8e49-591150d9d3db,bff81df4-2034-390d-0920-e01cf5a5084f
ef4e614a-6904-b3d7-da0e-f6182809577f,d2443544-bbdd-0e2e-ba7f-43cef35aa172
f55ac1c7-2d8d-0533-c1c0-038bffeb8186,22f13a1f-9e7c-c64e-cefc-e7ee31ac9c19
2a021b06-21d6-7a9a-200b-35ddf462b745,c34b2e80-1d2a-495a-65c6-aea14e2afa12
1bca5f26-a95a-facf-e091-f224b5fdbfe8,20a078c9-4298-bdc4-8c83-fb7f3c25da6a
a8018ce1-7f51-56b3-2780-9aa1a399b7b6,762dc508-b77b-17d8-3f62-7c22f7b4a8fa
850b4313-4fa0-e156-ec70-c33579bfd44b,32f62361-4d37-8241-4912-20beee2fadf7
302af7a0-9d82-2c79-4ac7-1dd5757017f8,572fd83c-3805-6542-a933-53f36acf5a08
a3324016-a5ab-13b3-97fe-9943d6fd5e76,601f256f-6eca-decc-f749-da9f52f2a437
57487b50-acce-f3ba-7c3f-d040d1be5d20,c34b2e80-1d2a-495a-65c6-aea14e2afa12
92f01047-d579-6ebc-a2ba-043e99dcb31d,88a0b5c1-aba7-a413-bf89-8fed5025277f
c184ebca-f617-bcf2-09f3-817c8f29e70c,c34b2e80-1d2a-495a-65c6-aea14e2afa12
b5bd7f8d-ac13-f3a6-0053-53cc052eee7a,bf878e39-8fdc-cf5e-92be-50d6c26be036
8d8aff71-5733-dc6e-5bd4-6685e8679c28,a61f9d72-ca7f-6ebf-ff51-755fd8eabcef
164dd6ae-1836-0216-0805-ef0402f3af51,02755561-3bd7-3fc7-f8ad-b31cbd2956b8
72147742-99ef-6c8c-7063-b224a7d92f71,e46bf9df-d3f4-a2ac-6624-1b1fd33d633b
e21966dc-a6d6-cf92-0e79-e2aca422dbe6,02755561-3bd7-3fc7-f8ad-b31cbd2956b8
762c9886-4d80-1d0a-a0a2-c7daa6ff1d34,e3e654a2-c5ec-d36d-67ab-20308f3bf6db
95fa1614-3075-3e9c-dbad-f8fddc35bd58,e87915b8-61c2-2ea1-4eec-3899f903690b
486fab27-5cd0-3af2-ea12-b32234a9226a,2f464633-41db-131b-0e56-c2dcb15c499f
7927daa2-763f-8641-5145-4fe757e46f8c,64e47a7d-9789-6447-d34e-783f940b6487
c742a5d9-8aac-d302-bdb4-de8986288ceb,042e5b59-46ef-42a9-842c-eb33d7482e0b
c5d0d181-38bc-6533-1d61-5b004c847f4e,35eccfc2-27a1-ab6f-af3b-1720b4dbe583
d96b2b89-fa44-c096-a8a4-40f92d45791b,0edb7d5a-0db0-3742-ba96-adccbc2303ee
491fa106-8633-5330-62e4-e7e235e56987,a39c137e-d34a-6c5a-a055-0e05ce4f076e
f63ace3c-71e0-00ff-df1e-a7597ebda965,02755561-3bd7-3fc7-f8ad-b31cbd2956b8
d1870ed5-9032-4723-6b27-aa20d7bc974e,0bd3fbfa-4c3f-943d-7d72-96878e5ee9f6
2196e23c-f89b-f84d-4bca-867a9cea667b,b80c7938-1baa-4a86-26f7-ae273e6f5b8f
0a8a4b09-40c4-5e8e-efb2-907da26692f4,303015a4-508c-9094-108d-5a499797e715
eb42eaf9-011f-699c-4941-806e4027541c,7ecf84a5-1583-c4b0-55a4-b8c45bf2dc44
4215a297-8bf3-a06e-7bd0-9102c5383d57,66a100f9-cab3-54d2-e76c-c0c7a8443ebc
cfa2de38-bb22-0067-3950-a9cd6887be7b,9c594ac0-01bb-6fae-02b7-9c18b3ce078c
326e613a-e0e2-eb25-e237-7d1872f6e01c,25755f1e-2b28-4532-247b-dd21cda24303
050bc52c-b4ba-be2c-c785-d2fe7b7c694e,8ef86538-5335-4b7c-bb9f-752536d6556a
c4ab885d-27d7-2ac0-d1d2-00fb02df1f42,623adf3f-56ec-2c4d-0e80-f8e199c314b0
211ed316-90df-9e66-00c7-a368ca7361bf,cb9897df-9688-bac6-0375-0427f2bd2b05
a2be3d8c-998d-b718-0a3d-dbaba479d9e3,de3f34cd-a21c-20a9-d135-6cdc8cb4492d
f3e3c9b3-85f2-ed53-bd31-ce8188d674f5,113092c6-3a88-7223-6509-cbfd6014cc5e
491013f4-e281-ee99-71db-a927d1b87d23,7ef61014-e541-af68-2455-392c68b075a7
1856c120-2ee7-185c-de95-e9b1557c7767,02755561-3bd7-3fc7-f8ad-b31cbd2956b8
1a70ae9e-7a74-9a6f-074a-60ff92d3db36,4925d7a2-296a-7027-dfd3-560557306cc6
36b6a12c-fb1c-0e20-d2d7-5e015f192114,3ea56d57-04d9-6419-2e13-1eb7daa824c4
04ce38ee-a837-ea75-684a-e19705425061,697eb176-3776-5ec8-952c-58d4b1d073a2
c5d668e7-006d-2f88-527a-16308d5c7b59,c34b2e80-1d2a-495a-65c6-aea14e2afa12
9b25f1b7-6c27-2e31-8c3c-9caf18ac158f,757a7881-559e-7753-3415-5328d959109e
fefe2451-aa90-d52a-58a0-9f8420351ddf,f80619f4-27d9-b540-4606-f6b268a6d4e8
caf3882b-6fa9-4e9c-07bb-5288af9fb317,72597d77-83c4-8e62-8d16-81f61f84ba62
0022a5e9-76b0-c518-1116-cc5a9f7b3e2e,a220fba3-ae23-1247-f8a6-fc048bc3330e
f249e1b4-709b-5039-39bf-8094d217bad0,806c411b-cb30-1314-4c78-ab89818a4da4
b07020c9-fc94-90f4-e033-a4502c06236d,d7441b61-99c0-73b6-527b-f1c66597d132
31d9c943-239b-ccc7-4658-e7942ef26a87,4a1caa48-6c3b-60f7-7e01-09e25ab53951
b9d2dff6-29f5-fbdf-7dbb-97a3e6bfd576,58b42aac-7fa8-b2b7-7183-62eb28a76a18
a3dd31e6-e05a-6bb1-60fb-fde2abfdad35,fdf76e70-2d91-d64e-ab50-fd5fbf4d95df
332eefc2-bfc2-ab83-c878-303f34f1a58e,76f0eef0-7c5c-e3ab-271a-3b4aa13c2304
01e2c43b-1ebe-0050-4a2d-821f8678b90d,c34b2e80-1d2a-495a-65c6-aea14e2afa12
42c67c14-80de-addf-10af-22c782748047,2a6484cd-e7dc-2d53-0b04-290dce306b1a
92be1d71-6abd-08d5-1b15-7a7a76e1c8af,36ed9b03-2b10-492f-bf3e-b95fb0257c94
097872e8-882d-f7f8-893c-c5debfc71fe5,b34ffff0-d116-0a62-182e-938023725780
ba2b285b-0933-0772-c09a-5b1faf5ebb61,8a31e1a0-09dd-1d05-677f-e65000d65aef
663cc4f3-ae72-2e59-dff1-d884afe17b38,290c5ba4-4f45-2ad5-26d6-9bed0762c244
28124ecb-1414-8040-5da7-02b5e26742a4,655b1002-d44b-d294-6df0-334ab92f9776
1cbdeaeb-c88f-c184-23ab-20787a90f586,e68039bf-7724-8fc8-6ba7-769cff541d00
66d06a0a-bffe-1bb5-c6e2-7057582f4c80,bfba9296-a468-a77f-5f42-00978a778b63
3a64436b-9c61-63f6-6aac-d761acebcad6,13f365aa-5421-dc66-fd97-fe7ce4bc9b06
b54af280-38f6-d266-b54b-186a5630567c,54dfda60-4bb1-6f16-39ed-f4044efc7d99
e039e6b4-763b-6a93-943e-7a3f75bab0fd,7795a6d1-e2f3-9d79-62a8-7096ece69a4a
9a10717a-28d1-62ba-715b-b57226c1e008,6f213de1-104d-7e04-f076-97bbd0457230
37170010-0c67-c0b2-3df0-a817b057cfe7,35eccfc2-27a1-ab6f-af3b-1720b4dbe583
db0befa1-dfcc-bcfd-56a7-7b63a651838b,80d680a3-7d5b-59e4-7124-2e020e21a87a
ffd777c5-1809-6873-8f72-f4c1e8312a56,d1f21b4e-24ff-a1d7-ebaa-f241d949148c
bb153228-b461-6946-2745-e554fcf87fb1,02755561-3bd7-3fc7-f8ad-b31cbd2956b8
c286e113-5420-b34e-052f-b3c66ccc987e,d7961da3-0e95-db38-6e60-3baa1d3c685d
aa5ab12f-0252-01aa-e1e0-4e28f51ec41f,09bae410-c105-dae0-7ee7-7d60dedfd139
94d5826d-9270-4eb0-cd8b-bf8793ee888b,b78aea28-6e79-5ca0-2713-3b833a37f15a
294ec1f0-b23d-cda8-02f5-28daca04e404,4ff5c060-7190-5ed5-9fc3-e20b39d44487
60e654c7-fc06-10c8-d46e-52e4973c01a1,c34b2e80-1d2a-495a-65c6-aea14e2afa12
fc97dea8-73ef-c3f4-2845-8963dab070fe,977b6942-3791-e195-c2ac-e86278fc57de
89a5251e-b858-fec6-d9ee-f2a1c9d2b1d5,989411dd-aaa2-185d-87f4-76c5b494a7ef
91efd3c3-5628-ee56-c7ee-0fbf7438e73f,d023c112-04d6-8bbb-ccfb-a5033f9ba6ff
1b4b44db-b047-d715-5d05-6ba059f9ec58,ff9ec5f4-8c71-171a-3de3-53da09722f94
bca19dac-f909-e63c-863e-65e821f5a33b,02755561-3bd7-3fc7-f8ad-b31cbd2956b8
64067b70-0b05-50dd-db75-df6a129d9e60,a7b7f89e-018a-79d2-4d61-4c00c3f218be
b52dc827-d037-7c3b-b499-b74fa0db6679,417d15e9-b4b3-968e-787c-782e3f723135
a4ac7001-8cee-274d-3857-4b15d0238ee2,62515558-997b-6c49-d80d-b90bb051007a
65ae5d73-7714-d806-e0e5-cad9d8780ad7,02755561-3bd7-3fc7-f8ad-b31cbd2956b8
0d55e00c-75b6-1a1f-3a8c-708878d7fa97,2c14b3a2-d5de-30bd-71c3-c1c79e76536f
33d6cc7e-5e00-0f35-5f0f-229bd4b4d7bb,97549bc5-0044-19ee-6841-10e73f90950f
9175af9d-9794-7620-f1ef-8406bf80d6fa,02755561-3bd7-3fc7-f8ad-b31cbd2956b8
079846dd-5cab-f3cd-25dd-2820c2e98e5e,b1e11f0a-b4df-5c62-dfed-c75654e14804
bc9f1f5a-e57c-966f-56ec-4e162ad15915,7b1a82cd-e151-b0c1-5aa3-9105db2917a7
2c81e9eb-5c1f-0a15-6fa9-8ee1fbfd891d,02755561-3bd7-3fc7-f8ad-b31cbd2956b8
374f4041-33c7-82a3-1e8f-96b345f55f21,f64d38d1-9a32-87aa-bff5-e26977810e23
e2794f91-0743-63f8-a846-b94e06fcaa48,02755561-3bd7-3fc7-f8ad-b31cbd2956b8
ceb08320-61a8-5335-9344-21f70c2aeb67,ff640a94-94a8-d158-8ac1-b848d7b12f5c
8d270923-b191-f226-08a1-faf94f5ba1bc,6b845f56-9297-f2ab-5880-412b79f4c59d
978467a4-7aea-5aed-9ca9-607fb051f6d0,0f799b23-f94d-45b4-97ad-4c673c5adaff
1bc92494-d997-e8f2-bac7-2480ba0a14cb,d2732be7-e289-f281-6b92-34434e8d4a4a
6af8ae80-7be8-93e2-41f6-fd4a19785436,17299bdc-c14e-402f-a77f-72b7b8fb7334
18980de9-3b7c-96a5-6292-a2ee89dd04cd,215cb14f-00a3-c9df-4f43-10e68297eb44
ddf22613-cdd8-2b82-df33-a93e2e8e894a,c34b2e80-1d2a-495a-65c6-aea14e2afa12
3ddcfedd-896d-0f45-0866-4f102d0f5b8d,3ec90eb7-36ec-ae71-ef42-47733445cd15
73035798-08fe-d12a-c259-907935c83b91,8418abd4-292b-a617-4261-2ccf24d9864a
70b8b4a5-09c4-af42-cce1-9070204b9423,dbeb1234-46f3-cd2b-a707-57dc53d64188
fbc85cee-4576-3704-6a19-673a4bf7e922,58bd2f62-2679-592e-4e42-f502927c81d6
55fb969c-bdee-05f5-7ccc-9c89622aab66,10319a2f-a5a6-a2e1-da8c-e8e9bbb086d5
03f53968-3f2e-199f-8171-450fbe67db07,b28a897c-2e45-4075-0872-937466049d69
e1ee6729-3ea5-3fab-2ecd-064aff21ca32,ea82d4f6-4aa7-3b1a-8a8f-6024fb9c0af3
5ee8c3d8-5fc0-e066-3f41-0e98da701b69,5710bfd0-fcc3-abfa-b2b0-a8f634428b80
14c5f13a-78a4-b247-d68d-099fb9f496e4,ce1d416a-3577-7501-4cf4-b6779e135417
302ebfdf-f545-fbac-773c-2d2fb92dca42,c34b2e80-1d2a-495a-65c6-aea14e2afa12
28349f5b-9847-bc35-5416-2b283989fbed,33d21b67-32dc-a262-9efb-eadf89ca1638
d5e37f10-b49f-0c21-fcd9-3a2bf8dde8df,2ab8b9d2-c3f1-00e8-07dd-2cddec500cf0
3a24b4e7-85f3-ec31-629a-23ddf066e2b6,af7cbcf1-bd98-756e-5a91-03a418f1010a
3337583a-abd7-8164-e49d-7eae2b1e0dca,61cfbbff-7ba9-79e2-1ee6-98062b377a87
8b608e56-f3c8-36e5-e337-900378766b3a,d5a0ba36-7f25-4b17-c6c6-3d67595d8b72
47d37f42-c23d-1ef9-ea89-26108e7a5096,3bc8e57f-8fe5-957e-4fea-2d3779602cd4
af94fa13-c324-7b3c-02ac-4613d1d81568,c435a3af-02b5-acc0-7253-897c4ca09a01
2320e922-8169-26f2-0725-28a3ea3656ad,38b420c2-16cf-6ff6-8775-9c97e4fb643c
7a811b0c-6a3a-dcbc-31d9-f865e8e3f431,ce1d416a-3577-7501-4cf4-b6779e135417
80c9fa5b-35c3-391a-5768-7c2714cd380f,02755561-3bd7-3fc7-f8ad-b31cbd2956b8
5f936313-6f5a-37cf-6b58-ef5e8007638b,c34b2e80-1d2a-495a-65c6-aea14e2afa12
0b209435-0aae-5064-2c66-3ce8f9962d30,6e4ca4df-ae75-8a73-f225-6bc3b0d32c36
3d2c58ea-858c-6a8e-632d-cd8e189af538,02755561-3bd7-3fc7-f8ad-b31cbd2956b8
55e1ed32-b51f-4c39-3feb-8ab7d6f3436d,7db93c0b-efcc-bf55-ed06-30e917b690e1
7d7b2f25-a74a-1900-c857-0cd1cc33a878,abcb172a-73c9-14d4-b449-edc4ba056828
beaae815-ca9f-3b6e-1122-7c14160b548f,049d48e9-b189-4930-dd6e-02c12fa105c3
719c285a-7ed5-8f4c-bc84-4e1ab6c5ba53,9b84d57b-a875-3323-94c5-414611a98c53
2711d112-0779-15ad-6a74-c9d956ae128f,c34b2e80-1d2a-495a-65c6-aea14e2afa12
80357a99-dc9c-f97f-bfbc-dc449f8840bc,504575f7-db95-98c8-7b59-09538b232d61
b52f3f66-69d7-439e-4902-dfcb3a5ad3f2,dfb82ee6-baa9-a436-a889-7e5b6cb5ae07
33ab16d9-2ef4-a1b6-bc59-995dc1160a55,02755561-3bd7-3fc7-f8ad-b31cbd2956b8
12584e85-9c79-48c5-fad0-3a1fa0450638,9dd97d74-545b-67ee-8ad2-8f584b8b3fc1
9a99530c-ced0-07c7-b159-1303b2820894,02755561-3bd7-3fc7-f8ad-b31cbd2956b8
473d6aab-aff2-334f-f539-7a2e06241a0d,02755561-3bd7-3fc7-f8ad-b31cbd2956b8
0162d6bf-e6da-a606-5f7c-f589b8f1732a,fb03c0dc-b225-08cb-d088-54bc1b1fc114
a0078375-b9a0-078b-645f-d99b624b4db2,6c73700f-cd41-7ff2-267b-56d29312cf05
faf69669-4c99-8aa3-5798-50af26f7372a,ce61e773-d7b1-4fa4-ed0f-c3df1c515331
0551528b-f76a-f7a2-3476-6132ad059559,02755561-3bd7-3fc7-f8ad-b31cbd2956b8
098deba8-8838-82f6-34bd-becb0cd49abb,a1237786-b9c1-814a-f179-29a2bc1bedf1
959a5625-3fc5-ccb9-3e8c-c203d576c1fe,28ab7780-068c-785f-63de-1d2f534f53a9
cc684657-14dc-e171-6d15-7974031d7d8b,9d9f87e3-28b8-4a71-bae9-053640b6d8dc
7f75dc4e-32df-9754-668f-7bd833123a2c,a2c09580-cbf9-f153-976c-ac057f70b4ce
deaf2d6c-6087-3b09-41a5-28db34a2575b,5f20e5c8-a8e1-6898-20be-f8f715155dc4
8a1b2386-2ec5-3e89-bf9e-35e5fc3f1eb2,9513d7eb-1184-1c5f-157f-350a2a6463ad
ff3ba7b4-f179-5405-b35a-2dec13860b5a,84ef3b1e-10f7-1f5f-f08e-ca19c4d7e868
9d50ccf4-085c-4f72-d847-4b592b968ac5,675c8db0-1176-792e-168d-8b020a858439
ca08e6e6-5a97-9f13-95df-e683e7cd6c9d,c25310b4-3faf-74a9-b6ce-b87cefb7a9b8
30f3db1c-755d-9f04-a9cc-e3f6c6f85372,0f3a8280-4392-3813-5059-2342a20fabb5
3cfa736d-4424-9191-9433-f7518739f197,10043290-89a9-5323-f92b-7d52044a4738
713424f2-ca7e-dfd2-226d-c3a3f2ec4d1a,f8a91ac3-8a95-40c0-c6eb-3867caee4538
6fd3f352-d250-f061-9532-70a6dca0ef6d,1d009f3c-589a-41d9-93d3-7cef71465e6a
bb9ec6bb-e493-8b7b-7261-3942936c806d,13bbdd68-0bf1-5d51-52b5-6042378c9aa8
e2164065-86f9-80f3-f65c-94d8aec3ee5f,c34b2e80-1d2a-495a-65c6-aea14e2afa12
a1550d7d-7c00-5151-7852-089685a7a426,daa57a49-5429-8167-9161-06cc2606337c
5522a649-b718-d488-19c8-eae9d489ffad,cc0eaa04-705a-7b13-3545-926733f16e46
bbbb273a-2a2d-f63d-eb01-48dac15924ba,c34b2e80-1d2a-495a-65c6-aea14e2afa12
f1c7b7f8-a0f2-739e-d9ba-7259b47040fd,a25efac6-333b-56a6-286e-91bc15102b5d
f2354c08-372a-b511-a477-6e4df7d31aac,0542a6d7-a31c-2513-be52-8cc5baa0ab90
8a69e4ba-1907-a9ef-166a-df9c269545a1,3f73f42a-2e0b-4e42-2a5c-bdf289328a47
ee511633-d5b2-542f-fda0-539323110613,b45fa754-5f83-d904-e059-51cc5ea5cbac
576cfd17-cb68-7cf7-83c3-83f6ebd77443,f3b3592f-0998-9692-b43d-43f69f03777a
0b36cb49-d0e0-a9bc-2583-4e9da8f481b3,4e5109c9-dc06-ee59-976c-5d49576af03c
d1baf171-6708-2982-1cb8-5e8e2fead10e,
ae106bbd-8a0e-d434-3504-6ae2ee203b66,9bfbe310-3827-f09c-2e03-b46072c206e2
1702c567-377f-ee19-8f06-66c328feb930,67e3a472-48ba-3167-9308-21b174939a63
2b445b88-850e-570b-ec5d-9ba6d90842b7,918a3e6b-6ff0-1d87-660d-501d9687deb8
8e59eb01-4e73-992e-8d04-b65ba310ab54,30108901-a0df-ce2b-57f0-2a82e8d27b02
5854b93b-431f-93da-a9eb-6e5436028084,8418abd4-292b-a617-4261-2ccf24d9864a
1f8e171e-695d-763f-8840-8e10832b87d3,38a2f55c-1fea-4cfc-f6cb-bfed6818a20d
4251008f-8bc4-ea97-d3ff-9eb82d66b9e5,1963f080-6d49-0df3-8ad8-ef4c3e2d7f92
02ed21d0-cc95-baad-459c-96d8c35141d4,6c2c613c-d88b-89b5-ea3f-d24d8847a478
30078577-5e92-ba6f-fb73-a52916b48fa3,5c675dbe-8577-1b27-c8c8-a9396a3f3d99
7a7d3de0-eafd-933f-7d6f-bd7e1e4e1e5c,02755561-3bd7-3fc7-f8ad-b31cbd2956b8
464c618a-5f26-261d-ea7e-46ff6c4121fd,7db2f2b0-ed65-98fd-c1d1-4dd294b8f5d9
9f831257-7e7b-bc7c-6334-52c6cfb8c93e,af88b99c-29da-95eb-b311-965a8d189c51
eda376f7-aa63-8745-a2d0-2eabc845691c,02755561-3bd7-3fc7-f8ad-b31cbd2956b8
7b3564dd-f530-a511-4144-03b2390ed61e,83875ae5-9036-5e29-9644-5b3a5f8bf0f5
a3766532-47f3-00da-69d2-39d8c0032aff,a529c393-5e35-086b-2cda-b11baa927114
7906d4d5-b9fc-554a-25ed-2cc00ce5d113,1a453b99-1ffd-6871-cf67-fce25d079a0a
79801852-1b86-5a13-05a8-3d2e1378e37a,8418abd4-292b-a617-4261-2ccf24d9864a
9479409d-72e6-3aae-1bcf-d8f1c59830cb,c8458233-152c-0e7d-4a20-c37441bf7efe
16488457-12d8-5775-39cf-3fb54bf107c8,201e4045-d43f-d924-9c75-e09582be2a03
5caee413-ba3f-c674-dc22-c80b0ee1aed0,ea551a8a-896f-4042-47cc-8e410cc5ee13
e8e41dc0-2033-15f7-4581-f8e8c11a31d7,02755561-3bd7-3fc7-f8ad-b31cbd2956b8
8ec8ea3b-0740-7b17-5abf-6c41a2fb4be2,aff3466c-1086-4bc3-04c8-fb0f0fda8601
f184bcdf-32a4-89e2-eb44-e7b8ce3ce703,c34b2e80-1d2a-495a-65c6-aea14e2afa12
2dc74a3a-dc10-19bb-40c1-ab6de58e3a78,79967043-349c-d875-4c6c-e9ac391ceb80
643fec96-4184-2a3d-229f-a0348de7ce08,8418abd4-292b-a617-4261-2ccf24d9864a
688b63b2-4825-529f-ff2f-964a53b5d408,e7fc70d9-9d44-d75b-c37e-03567b1f65d5
53d893f9-9a7c-ce71-0395-d1d035ac6591,4d749712-9379-405f-7111-32cf4b20c8e5
9016a4ce-26ff-c59c-4865-8f8d093fa6e4,6732108a-6281-92fd-0633-642b46402fca
d13e5cb9-fdb5-cd3f-652a-86d2352a3078,84d96d5c-95f5-8a9d-5c18-44f08d7df483
8d9fd538-dbd4-499e-ccdf-03e7ab617773,c9f31667-4f9d-4a70-f40e-b2ace130d68d
165bae91-e533-c645-60c7-5892b7bb85cd,8418abd4-292b-a617-4261-2ccf24d9864a
adb4b6d9-3a78-30c8-a448-67c2f013aba4,1e6c13f2-4903-5075-853d-03f824a9b06a
4f1f4b9b-6213-db8f-16fb-1c7252ed1952,0d799763-c969-17f9-f503-0de98f75dca7
6eb135d9-6fb0-012a-86cd-ebd72577fba3,8418abd4-292b-a617-4261-2ccf24d9864a
f335e3d0-a66e-f065-d1cf-d7a7def95c74,e12f9d0d-964a-bef7-2de2-821de2c0ee67
13bbbe5c-34c5-a0ca-be4a-882949063b77,a35b1d4b-9d41-37f5-1c51-1e6b2361befc
4f17395c-a384-d5e7-00d8-866455a8b1bc,c8da1851-5441-546f-82db-78a67d2c78df
a0cc93cf-cf81-291b-2bd0-6a35a6f8c788,929f67ef-4361-a481-f5de-e33a48c96065
4ad88e60-64ee-96f7-f307-44402e9aee4a,38326035-95f6-39d5-432c-8e0a62628e14
f03b9837-5a80-b751-9a68-388a3fad14f2,3177f232-6118-fbdd-df22-598e673f193e
b0fe7569-6efc-3a67-ba98-f9c48db46786,47c89212-ddcb-c142-ad8f-b99ece7fe1fc
5cde8d60-03a4-56e3-f2d8-ac300dc20e8d,a547298c-3df3-dfc5-816e-be548ea17cef
61d50e0f-743a-f956-2483-9d1f5b8e876a,c12a23c2-d097-d3ec-144c-6f0974b11f4c
d061309c-8bb5-269e-a95c-ad38272e4b7d,02755561-3bd7-3fc7-f8ad-b31cbd2956b8
7bb5be22-ef8f-5783-021e-bdb0666c27bd,aed0d5fd-51a5-14ea-d0cd-0c439a68fcfa
9f5294eb-e1fc-85e8-75b0-ee1d95cbfe4e,b8844957-6018-5fc4-577c-dfa3810801ad
f916bdb4-944f-66a4-8f84-d1eed390d956,8418abd4-292b-a617-4261-2ccf24d9864a
55d727bd-f2c0-3d84-1860-b006a576038e,185c0456-afe4-105c-4073-4d31802dd8cf
b990140a-897d-a228-633a-a354e19c73ba,398331b7-88d1-0156-0c94-2b5b27d80724
33b26d75-ef72-c659-2b81-c6df95fb2c42,02755561-3bd7-3fc7-f8ad-b31cbd2956b8
761198f1-ef6a-6a0b-30bf-3f46752d393c,2fd9cd5c-7fe5-78bd-7eee-4aba4ff2ddad
7867f7b6-0b69-df0a-fde3-69f5d8fe16bf,19e4452a-ec59-4e00-e833-654bbf89a9be
bc6c8511-4060-9968-acc9-3ac95a93538f,8418abd4-292b-a617-4261-2ccf24d9864a
32395b09-353c-0d47-56d7-7d9fd08ddcb0,c34b2e80-1d2a-495a-65c6-aea14e2afa12
d70853b3-f77d-f2c6-cc20-8b52468d6027,095a7327-f7a3-356b-29bb-0ffc489086c2
b13823ab-ecf3-1ebd-fe32-a6ebcf354c1b,e8e5ba6f-220e-113d-1da3-cd096eab885e
9d8a6bf2-ff95-1166-6143-09c5d7580ee6,3b0d2584-925f-48e2-ca08-ca396b9b326d
c8083c2d-cd9f-f863-d754-0b5eb3578ebc,c73ffcec-b1c7-7b35-892f-f7f61a721187
a95a0aec-a253-f27a-944c-c2eee714c445,bd5d6a01-dbbe-fe08-f21f-e8c27ce0a031
e79141ea-ea9a-4702-1915-1ed625ba5971,ca0a8002-1d40-7671-6c56-7a757ae11aad
f474d2d7-2f68-10b0-2141-a731293bea9a,9dca73a3-1847-b4d7-bcf2-394b80f7fdd7
30f79472-1a9e-6926-88e0-f3411c83be46,39b37832-fdd5-15cf-70a8-e256e49acc01
80dc9eeb-5785-9fc9-1c0c-0beb7c1a5850,9a9d0190-3560-0faa-8a09-2d84019bc642
3944d524-820e-d22e-4ece-5ddb68528bb9,c34b2e80-1d2a-495a-65c6-aea14e2afa12
5e8e1762-cbef-bd69-9039-2b4d1729adc5,02755561-3bd7-3fc7-f8ad-b31cbd2956b8
94b56f1b-2f32-0208-4851-d4fd3c37a324,80b4afe2-fe62-c015-af16-592d016386c1
f48a088c-9c0e-e727-8096-1b3356d57e3f,9209ab27-a24e-673f-fb11-f8cb56b397f2
6ff92449-f261-1ad9-13ca-0462c295211b,3eaf8da9-a22e-1724-6d22-a3e6eed0269d
9a15a75e-ce10-4eec-7c31-afbd950fc5a6,f7803a58-b755-bb34-bc74-00c4952524ff
ef2fc3e1-491e-1fc1-b509-045fd6a8e65e,2794c482-41e6-1ff7-e931-fce039212791
98097c0d-bb51-d64f-2052-e5c1cc2972e9,a29b476f-97c7-707f-8dc1-b0eb43009ffe
cc2916af-564f-f4c9-da32-cfba0b0fbcab,c34b2e80-1d2a-495a-65c6-aea14e2afa12
a75fb509-e7ca-0bea-297d-b3d6886a2359,df98194e-e7cd-e626-784d-526e004dcda5
ad70b456-b572-981b-4d67-7c81fa5560ed,b96a4937-dbb6-9ad7-271f-32176e64a3a6
3b8461ee-ee1e-356d-5f6e-8f78913e8d75,a9162a57-fb11-5c68-2b32-7e9c328c10a7
4e68201b-e516-9615-54bc-f1437f59a97f,1ab8d529-82d2-3125-4174-505f7d21590d
5ecf7c0e-d31e-60df-2729-777a54a652fb,c8cdd5c0-c7ad-6e42-b69b-36cf76e5b079
09e3c207-045c-a62c-0d1e-fd01281d667f,d0776d8d-cf4b-852e-36ed-7fa91f7450dc
8c872dc0-b607-139f-f4ae-3ef9c4bd7fec,d929e77e-24f7-f139-3fbf-8ae819435f6c
009dd7d6-4372-b01c-6adc-ca82ada7c7aa,02755561-3bd7-3fc7-f8ad-b31cbd2956b8
af254ae8-057e-51c7-9ad0-fe8a6a5e61a4,02755561-3bd7-3fc7-f8ad-b31cbd2956b8
c878007d-6462-c8ed-246d-5693b311b772,a148f4d5-020b-7519-cab8-9b7157471598
1ceaced9-d92d-c846-c5b4-76bf7a80a1f3,f647dbd3-47f3-d3ed-c89d-9c97dacb59db
9d3268cc-e119-a38d-9240-b9a07458f216,d2d315e1-5f49-3915-5fac-7bc4e431b995
2322a1b6-72a1-ceff-40c3-22a7bcdf1dab,9f7bb6fc-6b7a-2af1-5e2b-379064319baf
e7f05c78-35bc-de67-cde4-a279cd744acd,3d9ed9e5-7371-a171-4b2b-50cc1d7b2fb3
9c8f6c80-37e4-80cb-e564-6f4f2a8a91d7,02755561-3bd7-3fc7-f8ad-b31cbd2956b8
8db1fe46-c3d4-4a88-0d91-0f40489fcb87,c0b90b87-944e-f375-cc7e-8a90a261f83d
62dc199c-f3ec-2d3c-62ea-cda0c19f9811,c34b2e80-1d2a-495a-65c6-aea14e2afa12
3799c754-fcc4-a71d-e3c8-7e1a8fd08cfc,e35bafea-b8d4-ecf3-9b4d-874707b6dbee
dd0a5525-e09f-6251-c8be-ff940bba563a,8418abd4-292b-a617-4261-2ccf24d9864a
46f65992-0600-cbf5-8232-4e216da5924b,c34b2e80-1d2a-495a-65c6-aea14e2afa12
34778da1-8060-75a7-510c-e9a9355d3bf1,02755561-3bd7-3fc7-f8ad-b31cbd2956b8
bf187005-6bc4-0592-95fe-09bab9b9ca59,23ca6ab7-ea36-c568-68bc-389aae894bc3
8288036e-6e30-5d8d-d665-a44eb892d6e6,d32f44ab-a71f-6ac1-0fe5-924e496f3cf0
c3d7ab8a-70a3-d122-7fd8-7912c154a316,bb859713-02fd-6041-7c2c-b2b85cfa56d5
ae8b3d44-e4f4-978e-1ddf-b9f56793bd81,b602ee7b-a65a-351e-6b5b-c76c65c1b837
260bcdf7-ae70-cc5d-f500-6a669fa16424,02755561-3bd7-3fc7-f8ad-b31cbd2956b8
8de495ba-f91c-35b1-66a7-6754254d58c9,46a56ac2-5b01-06a9-35ca-0b5b30c2925c
596cebdc-ce88-2779-da09-125538e8a90d,7bd1be48-842a-6978-8d5b-36d94ac4ed10
b1371d69-8ec6-ffe2-3679-1675fa670538,0b2eba4d-eb24-dec3-9eb4-a9dd44ff6b7d
243b6324-7206-0251-63cb-e9a211bb1994,c34b2e80-1d2a-495a-65c6-aea14e2afa12
f60fd06e-1e51-3998-9507-2cd735ac41e4,c4284cf0-f7c5-e772-2e90-92593b769fa7
653c02ec-f587-9a27-e7ce-056b3515b80b,fb5cabc0-c206-142c-a16e-10d2aa25e849
2d191f41-d99f-de15-50d3-3c23105d7e30,a33a706e-d4da-5edf-d81b-25cae027734d
9d4ecca2-c29a-d0e7-020d-91dd8a2e4160,97a1640a-d323-4f38-bd1a-7e47785f329f
2f586fb7-fcc0-784c-c3bd-8d15e1875703,86a12c24-356d-24b1-6507-1b9bbf91a2bd
27188ae5-a9b0-a277-8c0d-f0a9bb98eb68,721478f2-18bd-988f-8989-9613bd1a46f0
450e71b5-7988-791e-e88d-187c55e64e05,79616064-6f90-b825-d5e6-43bc4fceff85
52fe0202-253f-ae50-7c69-a9450af5e80c,8418abd4-292b-a617-4261-2ccf24d9864a
9026bd8e-7b35-6c7c-eb5f-ce1ba526cecd,e855d7b5-e953-9abd-fae0-c6244a918062
c3953a56-f7c0-c565-79f9-4ae487738ac8,d7f8b412-9e3a-713a-52e3-1deecebee8f6
0bed78f5-86f4-7301-3dbd-ac358f2875b5,567c9dda-57e1-9fcc-27a2-c2fbe891dad4
46378d51-6077-db9b-e4a3-0d9474470d95,a77c599c-14ab-b9e9-a992-71697aedcbc0
0ea0d1fe-ca87-99bd-cfc1-9b27a728c3e5,e0f3823e-3b88-d77e-1ad7-df2dcc42e1bd
66a8142d-b94b-a44a-4993-3aa6f5fab7df,d924d03a-9f1a-51ec-dda8-9cb687874a58
922660cc-f5aa-daf0-a6b3-9fcf0fa552ab,aeed68ae-65b3-cc99-477b-f898873f8338
d0285180-b49e-0c1d-e955-d45d95bd0c78,c34b2e80-1d2a-495a-65c6-aea14e2afa12
f9ec94a3-5965-ef8b-11fa-a3f2a21bf0c7,5befc145-867f-d608-ad47-a4fee5d4a19b
9352ab20-4c0b-04c7-0d1a-ccd1fb156431,a7369716-42e3-1312-0ad2-afc6b56561d4
5826ba4e-691f-c025-df24-e9ec9f69ce83,17619f8a-4916-d3b9-158a-0dadc39f1dc8
71e017f0-5a3e-6ac6-5d27-1888fb0be93d,8418abd4-292b-a617-4261-2ccf24d9864a
5eaf699c-783e-c51c-6d11-19e54d3b7423,980c118c-6e5c-9bd1-2e41-850a1346adb5
b6ad5260-e80b-b391-8ed9-ed1758a4f86a,ffa25fdf-6928-912f-1c9c-3bad93d70d50
537857f3-164f-14e5-9baf-ce76699127a6,6ff5729e-96b8-799f-c8d9-1126c1796756
8e3090be-68ba-3908-3af5-ed10592be0eb,3288c4cb-a67f-fd0f-f463-385ab9575101
a220a975-1add-f7dd-d395-63b8229ce485,b3bd404f-c429-d4f3-3ce7-69ebce477b61
a3b3a8f7-6cc2-4e35-6444-61c8796765a2,2197a3e3-fa45-6934-9b62-6161cd0753b9
e0e2ffde-1fe0-7368-68f0-babc39fcd88f,c2649996-360b-39e6-4cf0-9b8f49023128
944cf1dd-c421-b98b-77b0-69753cdc21b7,7e0a9137-9970-30d5-3232-16e19adc2292
61648737-7622-974d-a9b5-94abc95d7099,c4bbb2ee-8d9a-2e5d-b350-6a589f49fd08
75917e8e-6497-159d-1e0a-2df53a218365,130a5165-aa1e-11b8-6710-ee429e7850a0
889c79b6-1a9f-9f4b-098f-5b6c253babac,1d911028-6b90-d987-399e-fae3593fa649
7163bdfb-f58d-1f3c-8a48-1c6d9729aeaa,3792b43f-7b45-8d6b-9f66-3e44573c96d1
37231b70-1dbd-0294-7b1f-5fb978d0b549,15a49fb3-8368-a10a-7ea0-8e0e0ba51d15
30cb61c6-4d89-0dba-febd-8336c5f6ec9e,1a3d62e8-8aca-aab3-42d8-13d1e361dba5
6c63e013-2cea-7b7d-4922-7bc6aaa57bdb,6c39670f-7044-7b5a-698c-cf0167c7cede
687f00d2-702b-01fe-9a26-0c58615a9be1,a626767b-2eac-a4d1-3260-a0b752c11402
8cb19833-8942-9b2d-a20b-e05214aca9da,59aea3cd-fdd6-3af6-bbdb-3c86c2f17684
07668000-9ee4-7055-181c-025d4e914420,6d536dad-ce21-27ff-3bec-636769975f64
6bb99259-fa3f-7f3e-1a55-e3acde03e846,324fc8df-0c2a-01d6-d3bb-b378f2c19716
cd2c480b-d177-ad70-b870-4b64492ab008,ae92ea8b-5a7c-5efb-9ead-e653b8f0cc29
564879dd-e786-589d-9b51-e0148c779807,e36fb481-e5c3-a4f7-dc3a-55ec2a06ca95
e603c03e-1bd1-9b45-61c8-fda3a13daf5c,cbdc2838-926f-b7e1-3de9-04f0b31c44bb
eda0fb1d-9f3e-14eb-aca8-f9ae3edaf1f4,2193b6a2-59d3-f03b-2280-dc5dec181aee
f4eb291d-cbe2-9f6a-ff4a-7b443d3f2b13,294ab927-4764-ecf7-a68d-9b61e25b3b71
330abd69-897a-a57b-55e1-1f63a4cae41d,6cebf2d7-86c0-9e3c-6deb-52237f427ad8
234bb9c0-bdec-cf43-a150-39f4ab869c38,645bd94b-0778-a681-f0dd-03bea56b677c
8d436656-b593-9710-1090-de43018f53a0,9b28c03b-f6fc-0434-b4ba-355d43301f39
8a6c762d-60bd-3b2c-a0ca-4fef6f85c1ce,4fb71d01-db8c-6596-a258-d19c8da2114d
523b4d07-2401-f3ea-6359-21ec83efe16d,80deeb2c-f134-c50c-bfd8-50e7085da9da
a58b1676-e246-5c6a-a5b4-924407a29551,633a8a0b-151a-a6e1-e8cc-bcaa38dfbdc2
ab3664a3-aa43-3202-dc20-e49b52ad91dc,5cf33d4d-2066-4ac5-9775-0d3cb92e7bc2
b7f8838d-d247-6a85-8b3d-49917bfb207a,be85935d-fe2d-745b-c2d7-c310a259f892
452c1f62-d708-fea5-1f0d-a4e48d98140e,4c6ef350-6c5c-38ed-3c82-9fc484b5accd
cc1af9fe-f3ed-443b-fba5-89b03a851c93,b122fb8a-69c3-e03f-a037-7d006399957c
17cbbb72-a7d8-99c4-c937-e0933e795d5c,046803e7-46c1-2814-0540-3ecf4cf6d9d3
d68eca5e-8839-27bd-47f5-baafdde1b568,3b7ec83e-6da2-7614-6475-bcb8a709db12
3e08d4d6-a4b6-1944-92e2-49c1f17c1299,52a66aff-d6c4-238e-2d1c-f7e4b1b63c8c
cc0b92da-12a6-5b07-5f94-93f4aa93cd1f,d90d0af2-1945-73a3-a8e3-777bf0e81c22
779a9106-8e4d-c344-9eea-1fdf5b479763,3f4088c9-2ab4-6bbf-5bc7-c130963d89e0
030e7bd1-857b-f8e1-1f0a-398108f7fd9b,23e7b48f-4552-d6f4-838e-60a6c6a8ae90
d0054233-95ad-f872-8e89-cc0f768f490d,e882753c-08b5-686f-d75d-78b75ff84512
cd38309c-de5d-aeae-e111-132c8649012d,6329522f-d369-5777-5d96-8c41c24df647
f0964ef0-b4e3-c406-a7f5-f177481e086a,30edfd47-0886-ad4d-3f52-7845546ea676
263831c4-7e41-ef9d-e0c4-1c0efc314d5a,c9fc7227-1657-9dc6-f72b-61a9e2ad5162
392283fa-8f57-121c-dfc2-714d9595411e,a0af4e41-14bf-442d-8293-446780063481
61b24f0f-108c-8231-4594-da2d37b75480,77a5b24d-20fa-d8f9-0c71-a6751bae19ec
23d1986b-a986-2b9d-64de-a6864b49523d,28cded2e-b548-2c29-07f6-11fd7f0f2db4
ba4a8ace-5b22-86d1-f1da-61084b17558f,7826d4a0-de75-ce35-9bef-726777392103
0ae17b17-5da6-b8a0-a745-f8690fbc2f07,60fb555f-5fa9-8347-1a3c-698cd9a3e1b2
634c7e90-18bf-fe0f-e1d5-b25ba4a763da,25c61e90-3067-5864-8128-d4efae6db1c8
b15d45c4-25a7-caba-ea41-48a746f81a13,8d386789-dfd6-473e-5e45-80a9701ad7a9
9282eb72-4ffc-050e-7755-824a53f08cda,b37e0829-301c-3321-26f8-0a6c3cbae4c7
a5731b2c-e781-bd07-32e8-78f059662ebd,5359a2a5-0c95-50d9-138b-7b235ecd3248
7c8d42a2-bd3c-36d9-edab-f157238f5741,a4620620-467d-e91a-8a01-945c421611f5
a9c756d7-9c17-346a-e9c7-3b421418d355,ff90ed36-6b21-a757-7116-596a306bcb2f
b4661eaa-a52d-b882-1c5a-62ad0a2c51bc,600006c2-5c19-24e1-5aaf-aa24fa3fc52a
d237691a-9516-e3a2-4b62-e1f83e585729,bcae008f-5ef1-4518-1a31-0f369c779298
66ac6c32-778c-5023-dcf0-c0bc7d187d24,4d663160-e078-7042-0675-ced0c4442aa2
68569eb9-93fa-785c-b8f6-bafedf8df2f9,770aab84-8037-fa70-195b-8dd4cc96c538
d93b8394-6a52-7347-9c10-d78c43382bf9,0760193e-31cc-cf28-dc5c-a00675806b38
dc445f99-9f7b-df90-e2df-485179549d70,96b5f4f2-2aad-9233-5b3d-0c043bf6b46a
e2d6737b-fb9a-e1a7-30b2-c00092bdf5c9,de56e75b-2371-3e25-743c-47bf5b680197
e3a49e40-94b4-c8f7-48cc-1d6276c0505d,3adb083a-1765-f3de-87f5-854f7b38e9d6
e4911503-529f-4677-d710-abbf0c37d358,077b1723-9100-708b-7b7f-07e76f41b038
f7469171-281e-25ff-b4fa-f666c068f1b6,607ec460-94a0-8468-dad3-8450f7d31df5
faae83f4-ee28-4721-f5fd-3f7b145e957c,34c0863e-0545-e286-1b2c-18a5b7934ddf
e8f9b8d4-1f93-a7c2-bd6b-e41624097de8,11f31566-ab25-0f76-332a-4b76ee670cda
e9418b37-300e-3983-2eaf-2d82825660b8,37ade643-d6cd-2fac-eac7-0dcc4df846fe
ee908fb0-2c2f-40ba-595f-5018cc112fd1,1ea45380-d2ef-ae7f-1bb4-82b3653ab1c4
eebed42f-211d-b714-64ac-e50f579bbf21,be822979-2060-2c87-0746-ba70136667b5
3a4e7b1b-25fa-7607-f617-04137ff9cb55,b09acc00-7094-784f-7267-fe87214c132b
3e49136d-5b98-e19b-a630-b3d8992d80b4,f9401893-a469-0d22-f09e-034b69d209ce
4774e779-d51b-9e25-e850-31085f198b32,95026035-ba9c-21b4-f188-5b17a4ded353
2d76d297-f73d-ef15-b326-53d4db4a4426,f82fc139-4768-11a6-2456-359dba88a5b4
a5371dd6-9101-dfb3-4cb9-6ecc10ada926,ba0bf36d-7ae2-a628-f0f8-d1151f048f10
3039f88b-4e52-2449-e8e4-04e15736873e,28cded2e-b548-2c29-07f6-11fd7f0f2db4
3319847c-feee-fe07-038d-d91d78c00c39,68a288e6-2786-db4d-9992-df0c2335792f
3383c82a-5d97-4f08-2e1c-c39afd23f78e,f34ce96c-a28c-802f-7eb5-aa31c5be8f14
5a2e5a35-111b-c527-4fa9-d56986375a4e,956a6f92-ea42-3821-ab80-8cb40154a679
5cc264fe-9c5f-ed89-cea2-646fc81e49d4,0f6d3131-a998-4898-ff5c-9495eaa033bc
1de7867e-fa1f-5ce5-ec08-22ddd3713a60,2b1b438f-13a8-5089-6bc3-14a02f51a8ef
0fc72ad7-1006-ea77-4da9-3292b80536e4,91c44382-cce2-169a-ad67-d591041df5bd
36c1b603-3893-b854-36aa-212a057d9db6,c8b2b8f6-156a-109e-531f-f37ae0a97c58
27b7877f-2101-9eb2-f848-6e7ef193e40b,d8f0d7a6-ee79-cb81-74e2-4a4ef6cc0405
79507947-2ee6-2d25-550b-52601329225e,56b82e17-296a-918d-a090-635657a2a357
79f645aa-cfdc-50ed-d820-2b95f7aeb75e,135a381d-4966-8610-7474-c2cc2d45def4
8947b093-077f-deb4-4ea9-735ad71d3688,9f1fd5e2-469d-5b45-f15b-f9c7fe1dea32
8cca1a80-60bc-aba2-1457-08dd659030e4,c8c1bde0-2f39-3605-712d-6ff73ff62693
8e4fbba6-9064-6e19-7cda-44295e72b727,bad5e720-63d5-cd3f-f291-560428b2259e
09a900c9-f054-f547-c885-dfacca1a3042,08d674f9-b92c-26ca-8d1c-c1e6d5f21cf3
4aa826c5-3eff-7b7a-8764-a1e4c61e09b8,a628a93b-0ef5-5d70-c28e-ee8c3540d806
e44be51b-a02a-6381-180a-c7560e5f6178,9dbccab0-8963-4329-7f03-eaa5d8cf3e51
9477112a-8ddf-f3a3-604e-5436352bd320,e11f7222-17bd-3b61-d866-05927a9126f2
94b37b11-2235-0fba-b50d-784de1a7ecb6,582d22fa-449d-dffc-2fd6-e1de32afa6c8
b7f750a2-aeaf-38dd-58ed-59dc8c637fe6,a13ba127-89be-b4e7-341a-0893f8bc93c9
b978a81e-9979-97d1-1bf2-288ca7644f68,5298f725-cf99-ccd3-8a14-b0770dc51993
e2882eb5-e72b-4c09-4f2e-b53f12daf3ad,0dcc3edd-3666-db4d-4679-24a3e0d1552a
4535b634-79d5-16d0-0ae0-a32a60b45f58,eab3343c-539e-c2f7-29f8-80c662c04e97
c1c8ee61-eb7e-51f7-265f-85b5ec64c456,cbdd9364-6883-8098-f347-9c531ed05c4c
c61838d8-961a-42e1-5883-e0e04f9758a4,a08e5a84-7cf6-61fd-bad7-ea6475fecca2
c27570b0-dd05-a307-21c2-f8ddcc228cd9,0191f509-51d0-60be-2537-0c9b5d99046c
9602614e-a549-38dd-7c56-f40ac9b43dde,b7397f9e-0d78-8eee-c84d-b5d752323b37
ca307a45-2196-ddee-b52f-5ed2debc0a44,e84b0eb4-88fe-a908-b437-8a24100e13a2
d17e0792-c8e5-5bfc-7999-6fabea7acd3e,bbf763a9-fdb0-064e-83b7-eca1face3abb
cc7ed624-931b-0904-9f4b-a21754291ba1,9a209f12-d0ce-c9ce-4c72-a82251555c2b
cd496b75-3777-57aa-0a59-0c7973bbbc7f,0a963fef-4cdf-2f1f-7f34-be398a45c8d6
cd534e11-442d-ef65-83fe-f18620f9b3c8,cf09c129-a8aa-0532-2704-8994a2362dff
ca53d265-717b-64d8-a245-b4d9fa44ca49,49c93341-fe44-80ae-73d2-688c72bb2123
d9332fb4-dcf3-2bb2-102d-7cdb3413827c,ba36ba5c-cf7a-dcc7-19f5-2a96ce459cb2
e3643c4d-7253-e9d8-2613-44649e271ab3,8fdb27fd-3e4d-7b9a-5413-7faea30acfe0
6f769d9f-d7b3-5d04-cdba-a5db852679d5,03b377eb-7cbd-468b-9ce0-8272ceae0a1b
691b7003-4fed-0fd6-f0d9-7f0f6526294d,557269a6-9b42-59d1-6cfd-85a6efdeac69
df387280-e878-fe81-9157-efec060e12ba,22ea23c8-75e7-3863-5651-943d709436d2
704ee0da-226e-46a6-fa89-b731b2e0b5a2,41b349a5-441f-f3a5-4dd4-9771ed57b770
d9b31424-c3f9-bd0a-ac7d-52a65969840f,4102c3a7-ba56-4128-e2a4-b621c4cbbb3c
6c79519e-d59d-3d77-8fc7-fbc923127d33,e80c448f-bc22-d0f6-908c-c415ca6bb8e5
e3ace4f9-78d9-c09d-5883-86e864380e6f,d6e44140-d18a-8ba1-ebea-3a8e3915257f
fbb76b4d-49a0-f764-9de1-cd68f214c9ec,a8272226-b588-6abe-ec20-68e8660c8278
f8b6beb4-a260-61e6-0ec9-2dde412044f9,7892ff5e-4b7f-0023-e3c6-0e38b1f3a93a
f79e6894-0450-b580-687b-807b4ba79207,3b5e3222-0c75-238d-3bc3-f23645817990
fae8cfbe-b8b7-7f2b-52ad-10552d7bea6d,1087abc6-0d95-af19-e5e1-2fb708e8d862
e4e424cc-9358-e181-1a6f-686871744bfd,5e04ac8a-3094-652b-c9f2-fbbca7e0aebd
fcee63c3-ca58-8bec-573f-29cd3b6f35c5,37f4c90b-933f-b7fb-be19-cd1af515bf36
eea51c9b-879c-f694-3a4d-adfea5b8396f,cac63d78-2f8a-2aac-6472-24b16692456e
eb70d0fa-53a1-c53a-3a73-3e6c1eecf50b,e6643bd7-aa64-3969-1e2b-8fe23ab7a05b
ef220217-6cfd-f7b4-8095-e916e48d84a4,5e3eb697-f21e-3570-18c2-e52865699e8a
f284918e-765c-c331-2f86-e52e07a6bd39,21260de4-9f40-dc8d-aa97-f990c4299d08
ec0b3529-c46a-e394-92b4-593db77c7a30,f1c31561-e62e-bcd2-9004-ac2390a5a8f7
ffc5273c-b17e-cc67-bf73-19c50789c560,66fd80ef-6910-b5e4-7d97-1c6f6d6cd916
2bed3f7f-e206-97a2-2489-40f69ed77769,71ff28b7-18b1-fa21-e20a-73c5fef7995b
46723e79-c7ab-845e-7bf0-b87dfdc8587a,1bfaf1a2-7723-92ca-88ee-cb32d4464a76
395ed8a9-a574-7870-8789-79ce3009dc4f,a9cff8c9-0b7a-4aa5-31b7-e8813646992a
418689d5-5c2d-601a-0d20-15d4a251d913,5453c9f8-3a95-c59b-e0e3-eb1d47a6fde9
2b46a8ab-5498-e7e9-f0b1-19547d671aa3,4b2a5b0a-ff1e-9e1f-97c0-f4daf043ae26
3c68c498-d4c2-4072-c3b4-ed4baa04ea3a,13ffb935-e5ae-d962-4055-a84ebbe6df29
35120868-6fb2-7b3f-59c5-c13bc8c8b59c,be26bff6-61ee-dcaf-67b9-3a9f5ab55d0b
2f06bd65-66f1-2988-a61a-48b84f6503d8,af832c44-60d8-f026-4fbe-5cac65a97173
2ff86a02-9a26-48ac-7ff6-fda60a0abb73,6dea8007-b95b-3bd6-01b6-50776ce926aa
2bf6b5e3-88bc-0381-73b9-d205e0fea4f5,d017c8e3-e8e1-b9a0-5fa3-51cf59dab856
2cbd4139-5c88-f3cd-1262-d772f5a4a177,8105fe11-af77-a14e-19ca-d67185c7dd15
59a1b104-efe6-8242-3bc3-a2c723a40d5b,f9e7f0c3-ea8f-49dc-0803-53a40368ed01
0ec73897-0e6b-55a2-9f90-8e25f2aa6edf,ff8488ca-16c8-1869-c473-006014b145da
5a645386-a7d9-6555-c7c8-1f81490103e5,2d2b1875-5e60-9d20-2c40-498b0e263012
5a81f2e6-6a9e-26b1-20b3-f1e8a70d0b6e,d2598762-1779-d35b-f081-60d3afa1145e
1dca820e-357d-70c6-c948-30e4277fac6d,894a870d-86f7-c871-c4a7-014896c1f305
1dc56333-aff4-bcbd-1d01-c1b3f9eb86d3,6676c5f7-06d1-7e9f-2ee5-09464c38a13e
641eea01-788c-3cd9-4c96-19d980d4dbb8,052a9378-b164-90f1-975f-a6e38cca998d
1d4686b3-8b33-6507-778b-1ae6a2e7dbf8,30ddc420-e14e-aafa-ba7f-e3100eec7ce3
2757b34f-013b-1889-fb53-3d606a774628,186dbe5a-53d6-7926-fda1-ab86d0ea28c5
13befb37-2cdc-0073-6b2c-9358a6af6558,9276b493-f54d-859b-bb50-acc80775ddb1
14af57d2-7457-b3e8-433f-cfc3a0238b6b,30c467f1-6499-e5b5-9274-bd076dc3c5a3
13f6cd0d-c90e-64c3-00e9-d85eed1bcf24,3b0bb1f5-0dac-0a0a-e995-eb2538390389
132fca2f-4631-a21b-54c5-c629f70a46eb,7508366a-7c3f-6a3e-fe84-b80f736f5e61
13b1acf2-5c9e-5f69-7297-c7fc5a5161c9,87ed001e-793b-63f3-ca8f-aece0a66d954
16ff2ac9-c65b-df59-e09c-8767d8121f5d,e975a9af-215f-e5aa-c8c2-29531ed716e7
1777f14e-7748-84c4-cc63-03ea8dac538d,8eb780af-fe2a-44ca-1502-c27dc73c7256
78c6b2d6-544d-b7e0-b83b-ccca066fe2bb,ac108d8a-03df-7846-6247-94165358d7b6
872a25dc-c0e0-5162-6a6a-6b25b5778a97,37714496-ee97-a0ed-35dd-8af3fe93740f
843cea7a-5a41-7be9-73c9-cb983c80c16b,129b7cbb-ae4d-67d4-2423-660de8d5d058
85924d35-f285-38de-9c29-48dfac9c018d,91bdc56d-b168-ae36-d3a9-b24fcdc04943
1ab63881-aec2-a943-574d-450f7133df4c,e5e46d08-f2cc-a6fe-1405-6f961425dec2
857586c1-beb6-f589-c789-3afca2e28804,47d32864-5557-4b9d-fc46-435dcdde139b
8b32a726-1a1c-f0d5-8e99-3a636e1f3eb1,f9ca0731-bf68-a6a8-e586-cd0df3e00195
8e1dfd63-2400-c8a2-e4bb-94cecc756976,4583aca0-f32d-ffbf-9b08-41a10aa8825b
8e75ec6b-a9ba-98b1-6d46-ed64f0ee2a49,9f7a2d87-693e-bf27-c14c-b4280572a4b2
88c885cc-8d9e-e06c-b547-b934a966f16d,628e993f-1976-88e8-2027-0d54c3f6e9d0
8e6268ba-df66-24d1-5e5d-30d9d47e00db,6fa9f3ed-f15e-4d3c-775a-cc3761b5da8d
00dba53a-5d62-cec6-4e52-6b7720bccdd6,8b43c7ec-b589-e833-b754-09152f58b8e4
0e955302-f25a-9f6f-2362-bf7b3b674995,4d0ec8d9-e886-32b7-d310-c1b740692bbc
0a466ab6-a4e2-7e17-55bf-5fd8a0801732,c59b637d-36ac-b317-6325-2d1a48df03e9
0196f826-1612-50d1-a77e-41c05f80651b,0f7d11b9-9c29-73b7-c105-d392d597763b
07444bb0-6325-e95e-1cfe-7024df4536e4,c26bf1c6-5043-20c4-674b-d57582307e8d
073de1da-5990-b05a-9990-f6368a0f8de7,e2aec92f-f876-8e89-7070-c738541b3cc5
0e5ccf32-f3db-6851-17f8-4aa091691c07,2195bf2e-9c76-1d56-3e81-40bad37bf099
0372bcdd-4bef-75ee-ba0c-835140686db9,5fbbf212-e311-5d56-cbfc-011ad5fd61a9
05b73ae5-1702-6ffc-f357-a15f6fd42a70,0917cf66-bff1-7a1c-872c-edbc3742c0ed
4f968a09-c604-72fc-10db-64451288b092,4ade8636-8f37-9210-4986-dfb34b471b52
a252a8ef-0528-1cfc-d12e-f27d28092fcc,f1379309-cf44-9201-106a-43d6f767d31f
a08c7370-02dc-c523-b579-ff193e694377,bf4e7f0d-9e5b-0e16-7bcb-73870a0ec51c
48b09e47-7e67-92c3-649c-9400f9b4ee15,5b1dcbfa-99ef-bef6-51bc-4b0b68f305e8
520ea6e5-839f-5558-3aa2-974dfb623c30,be36aaea-f693-ddf9-ffdc-eb55c8cb4e5a
a51251a9-df8b-2667-6e09-31361f29555c,b9f1bc38-8417-f029-e556-a48e302494c1
9122dff5-1d15-63ae-7982-36086db7faa7,d3c740a1-8274-c5e4-1fdd-d613c7582241
9a21f7f0-bf8e-96d7-0070-50f530170082,32076e92-9fe5-3fc8-2ca3-bd3607011db9
abd48498-499d-081c-3e3f-44aadc12c298,dd4bb1f1-6431-fa24-92b3-df56770245df
9ba6cf22-d138-30bd-c18a-055a4a09b071,aa7aa4a5-c494-8490-0aa0-1dc9e3aecc89
94354648-e753-76cc-d91e-d2ec881f9aef,9d9324ed-c294-1eff-3d4e-054d84cac55b
a7d0c5e5-27d5-9556-35af-862af33236c7,069ff435-f11c-6be8-867f-de057f1211e5
ad741233-c96b-c25a-7b13-e7b3028979d1,6fa45c67-f902-788d-74e3-204c14b12f57
b9bf3506-064d-652c-8884-b538e0c63def,76db1973-0d18-ebd4-c616-b9aafa8aa97f
9c417cc4-c576-5de2-2408-2e022bb43c33,efdc9b4b-3559-317e-3d7a-8f49511059a4
b769d546-1c69-ba8e-b759-af741186596f,8cb359e9-36c8-0a65-147d-55680b37c109
afc32bc8-7863-fe2b-110c-e03b846834c1,fc2d468c-7220-e37f-c4ea-8ee8b569bd76
b810b74b-7efe-351a-066e-19c4b1c00948,097434f2-e680-45e6-b63e-f2116b62f362
b570cdb3-544a-11d3-f03f-361bd564e833,cd74723f-0a63-8d2a-3653-83b7179791fb
9cc044fa-627a-75b4-fe69-fff625c17efa,28422e92-83ea-b392-652c-7f7bdd7feb81
fe0cf1b3-1970-4b04-e6a1-a6997bbd3211,f6441537-a850-a350-0424-1a2faed2838b
8e4990c9-e2fa-d74a-ba47-9b5c3cf1babf,49a1021e-fc53-779d-9084-45c7bfabe473
bd42ab58-05f6-008d-448c-b3e6572b3fed,0f82d90e-f03a-41e3-21fc-5829795aef0c
c6a3bcfb-40c4-dfbd-3b35-b4c025af0ac7,632285a3-8185-4cbf-5ec3-5a1ef9654166
c07b9201-bc97-8a41-acec-b33174c11b9c,3174c1d3-308c-54d4-5849-2b105f738462
c0a3ec84-a251-e286-a307-fb422e4a0447,30a592f2-1f9f-4215-3bfd-1c29e1e8cd4d
bff20a2a-395e-c653-2769-bd01df71c1fa,a211ff4f-8477-5b9e-35f6-9d7116c6ede9
bf71ddd7-b1c2-3600-db15-ae8dce753713,ea9bc65c-a1d3-b677-6029-941f627267c6
4ab262f8-7657-0563-1a6a-a2ae5d2fff30,0df08c9a-9bd8-b51e-d933-0c89c30c6035
77b90ec3-0101-43af-b208-d47bf5cd8919,ae8140b3-e9c9-d645-a067-8e7417441814
21d804ad-7d7a-569a-a488-17811c8beacc,44a5755d-418d-0a55-3c05-51b9173e27c5
ab3964cc-3f2f-d3cc-df09-9fb90d4e0cf5,d21ddb23-3210-9b40-23a8-8142f2dec1c8
03267c73-8676-991a-f661-001a1138fbfb,651717ba-acb3-43fd-b9bd-d4e9a968fefe
d47212b6-4fe8-1a3a-335a-bf989af50c48,c5a26384-f535-9095-9335-a2f447a6fbc7
986a16b9-58e6-6d1a-476b-4fa449d8a3a8,
39370b8c-d713-6840-ef19-1ca083d85ca0,a83d2bc7-70ac-9181-796a-43eabaacfc48
2241586a-32a2-4bde-50bc-d3a79f3dcf49,231915da-3241-556f-1b39-9b83f5ef6a91
2c4fb1cf-e821-f9f7-613d-46edfab951f5,5a7da71a-7a94-8188-e391-561ad7e61ec5
a6b282a1-5a17-7288-ac5f-3dd40edfed79,1c3bef99-a89a-5c33-d152-127bf76705e8
6087404a-1ed0-6f95-84b7-ecd20d242d82,ca1f5a77-3e24-46ce-2b80-46bbecb1ee33
079ee42e-819a-40ea-0cd7-b8c27b9fd4ff,ca1f5a77-3e24-46ce-2b80-46bbecb1ee33
f3d15949-67fd-5b00-a23e-ca92b9067f11,28cded2e-b548-2c29-07f6-11fd7f0f2db4
bdf948bb-5827-09a3-4e90-f21dfc9e3bf7,02755561-3bd7-3fc7-f8ad-b31cbd2956b8
c1e746bf-b0fd-7b8d-a06c-621d01885d27,062241d3-7e7f-b79f-5821-ff57ad05ba0d
11443c78-3e17-e95e-754c-9ba8f3cc04e2,28cded2e-b548-2c29-07f6-11fd7f0f2db4
fb7098c8-5217-0e2e-e96c-edbfae0df9b3,ba7ec43b-476c-f5b7-8da1-d7c70b0f2e96
6a839df8-f0c8-2fdd-7573-a799f720fe81,02755561-3bd7-3fc7-f8ad-b31cbd2956b8
b4c5f845-0710-5ea0-c3a1-bbb993c87fad,ba7ec43b-476c-f5b7-8da1-d7c70b0f2e96
6479f359-cbb7-21f7-62ac-4dc75f8e3a13,02755561-3bd7-3fc7-f8ad-b31cbd2956b8
522b9420-01d2-795c-4347-a087864abb01,ba7ec43b-476c-f5b7-8da1-d7c70b0f2e96
5d6598bd-cfa8-b052-4960-80077b6c6dc8,02755561-3bd7-3fc7-f8ad-b31cbd2956b8
f04f9180-18c3-a802-7362-4e6e6df69d27,02755561-3bd7-3fc7-f8ad-b31cbd2956b8
6c1a5364-1e88-751e-7290-2197729d19b6,02755561-3bd7-3fc7-f8ad-b31cbd2956b8
735eb3c2-1cd9-9094-8992-030d56202bbf,ba7ec43b-476c-f5b7-8da1-d7c70b0f2e96
90d3bd98-a455-a19a-9be9-ea8df4aa7a0f,1bd80d37-b491-e625-bdd7-e2541b16f4cd
9b5f9ddd-ce0e-75ba-f4a2-12eb54c18651,34f57d8d-17b3-4e1c-8cb8-bb675546fa14
99fa3ba7-6dbd-3192-0f08-144fc2c8c94a,1bd80d37-b491-e625-bdd7-e2541b16f4cd
16536694-4ae2-1ef3-27c3-1a10e6cf432a,80959423-e8a5-f43b-139d-4b9e808e79cb
9785199e-3c8d-dc0e-668a-9f385b77cf08,80959423-e8a5-f43b-139d-4b9e808e79cb
aec4f27f-d086-dfad-444b-fc99d6535561,59aea3cd-fdd6-3af6-bbdb-3c86c2f17684
58fd30e1-2d1a-6a02-71de-c7937798baff,7a0d9294-1e9a-8d35-e37b-18d01a8625f9
1b62a86c-dd54-b1f7-d0f2-73f1fdd61275,cd7f0f5c-a168-48ce-dd89-c6fc8b3b59ae
bd53644a-e6f3-c00c-5b86-22d527437aba,cd7f0f5c-a168-48ce-dd89-c6fc8b3b59ae
a3a234e4-a192-153b-b886-22b7cc945c2e,
9000fc2c-d3eb-3ad7-e4f5-314eb936e3c1,459b86d7-6dfe-1d79-2784-d5f0b05b9084
e75fd2ae-8279-4477-5b7f-2f19ac2adf47,db854648-c5da-7a65-b6c7-fab19e8305d3
46ee7da6-53b6-938c-37e1-936ff804b775,db854648-c5da-7a65-b6c7-fab19e8305d3
85ef4329-f1fe-ad23-e365-0e4e0ecc42c9,2eeb82b5-fbd8-c1d7-6d18-08dbb458ae54
61cd8c6a-b9e3-9d29-aadc-513c675fbe83,2eeb82b5-fbd8-c1d7-6d18-08dbb458ae54
